"By scenarios","By province","By gender","By age","Item","UNIT","2000 Year","2001 Year","2002 Year","2003 Year","2004 Year","2005 Year","2006 Year","2007 Year","2008 Year","2009 Year","2010 Year","2011 Year","2012 Year","2013 Year","2014 Year","2015 Year","2016 Year","2017 Year","2018 Year","2019 Year","2020 Year","2021 Year","2022 Year","2023 Year","2024 Year","2025 Year","2026 Year","2027 Year","2028 Year","2029 Year","2030 Year","2031 Year","2032 Year","2033 Year","2034 Year","2035 Year","2036 Year","2037 Year","2038 Year","2039 Year","2040 Year","2041 Year","2042 Year","2043 Year","2044 Year","2045 Year","2046 Year","2047 Year","2048 Year","2049 Year","2050 Year","2051 Year","2052 Year",
"Medium","Whole country","Total","Total","Population projection","","47008111","47370164","47644736","47892330","48082519","48184561","48438292","48683638","49054708","49307835","49554112","49936638","50199853","50428893","50746659","51014947","51217803","51361911","51585058","51764822","51836239","51769539","51672569","51712619","51751065","51684564","51609121","51534551","51459877","51384052","51305713","51223269","51135265","51040632","50937726","50824868","50701389","50567057","50417167","50247657","50059218","49851637","49625415","49380766","49117432","48835031","48532231","48208374","47863071","47495914","47106960","46697391","46267614",
"Medium","Whole country","Total","0-4 Years old","Population projection","","3259783","3162858","3006361","2843122","2699556","2524288","2359807","2298242","2301398","2273634","2271803","2315573","2330921","2309327","2295016","2290097","2240110","2151219","2038736","1930344","1776616","1618830","1494041","1387730","1296661","1219810","1163069","1132285","1126311","1144645","1182654","1227443","1266869","1300255","1327327","1348334","1364010","1375467","1379606","1373826","1360214","1340453","1315728","1291052","1270421","1252572","1235987","1219048","1200231","1178309","1152490","1122514","1088662",
"Medium","Whole country","Total","5-9 Years old","Population projection","","3521464","3533008","3494260","3416386","3321422","3233565","3136070","2976622","2809151","2671496","2497927","2336396","2276951","2279822","2252502","2251100","2297146","2308987","2288927","2276175","2278285","2231797","2142084","2027744","1914933","1766989","1611458","1484748","1381117","1289904","1213921","1157815","1127373","1121485","1139688","1177391","1221784","1260821","1293879","1320685","1341487","1357010","1368354","1372453","1366732","1353262","1333697","1309205","1284771","1264358","1246698","1230287","1213524",
"Medium","Whole country","Total","10-14 Years old","Population projection","","3129982","3156586","3231727","3325398","3409535","3465407","3483708","3439518","3368274","3284134","3209709","3119491","2969359","2803088","2666175","2488686","2327307","2264077","2267391","2241561","2250969","2297714","2311839","2289761","2273651","2271667","2221724","2136724","2023361","1910507","1763359","1608641","1482645","1379589","1288875","1213327","1157551","1127284","1121415","1139521","1177050","1221236","1260078","1292971","1319644","1340342","1355788","1367077","1371152","1365465","1352080","1332628","1308261",
"Medium","Whole country","Total","15-19 Years old","Population projection","","3842432","3615529","3391243","3216920","3108835","3080061","3103285","3184001","3282024","3368818","3428793","3468536","3435576","3373050","3289729","3222268","3132204","2982455","2820005","2685976","2518218","2345886","2287873","2301077","2272843","2267007","2309228","2323747","2301322","2285032","2283155","2233375","2148742","2035900","1923663","1777168","1623231","1497998","1395564","1305368","1230266","1174849","1144832","1139092","1157207","1194636","1238645","1277291","1310016","1336555","1357147","1372510","1383738",
"Medium","Whole country","Total","20-24 Years old","Population projection","","3854382","3933235","4011329","4045569","3970573","3788780","3587201","3380558","3226850","3153001","3139049","3175673","3268949","3370906","3457405","3511968","3559849","3529657","3498197","3439052","3392351","3278327","3105237","2953664","2838789","2660295","2494651","2431280","2426368","2389769","2384126","2426189","2440583","2418364","2402164","2400385","2351103","2267308","2155611","2044680","1899865","1747829","1624276","1523211","1434173","1360058","1305450","1276022","1270569","1288649","1325750","1369285","1407469",
"Medium","Whole country","Total","25-29 Years old","Population projection","","4352913","4224596","4064589","3941430","3853273","3843827","3927136","4018371","4056267","4001090","3834105","3664802","3464864","3315255","3259130","3269454","3279811","3368161","3493062","3587776","3645542","3675202","3628784","3594717","3533643","3476469","3392971","3246886","3083875","2951792","2773392","2607482","2543679","2538480","2501988","2496575","2538708","2553294","2531251","2515340","2513810","2464615","2380937","2269322","2158347","2013319","1860835","1736780","1635314","1545960","1471574","1416691","1386961",
"Medium","Whole country","Total","30-34 Years old","Population projection","","4247992","4332087","4421320","4473012","4450632","4360436","4226271","4078911","3954807","3856438","3877784","3967427","4058688","4086255","4045454","3871602","3688255","3491542","3360617","3306462","3307803","3306451","3390434","3524540","3615767","3670087","3717056","3685186","3632729","3559267","3502597","3419461","3273431","3110295","2978111","2799624","2633573","2569710","2564652","2528297","2522916","2565215","2580018","2558106","2542198","2540694","2491539","2407731","2295860","2184573","2039223","1886391","1762012",
"Medium","Whole country","Total","35-39 years old","Population projection","","4273079","4228965","4187506","4154850","4216022","4267337","4361921","4449040","4509979","4466962","4387036","4241327","4087693","3949716","3854386","3892100","3964685","4054300","4095610","4051769","3866979","3683026","3482511","3349843","3297256","3305481","3320524","3411604","3519526","3599061","3653968","3701374","3670012","3617976","3544873","3488502","3405705","3260004","3097121","2965160","2786993","2621212","2557503","2552625","2516480","2511196","2553576","2568534","2546779","2530947","2529495","2480455","2396730",
"Medium","Whole country","Total","40-44 years old","Population projection","","4020438","4155285","4271265","4342326","4312441","4248300","4184030","4156757","4135275","4244225","4306370","4409021","4483989","4527975","4479628","4398381","4230029","4078404","3951400","3847859","3872171","3944406","4035019","4066215","4023556","3851246","3679608","3488687","3343046","3282713","3291549","3307141","3398478","3506627","3586480","3641740","3689494","3658642","3607044","3534382","3478407","3396023","3250793","3088360","2956743","2778966","2613456","2549841","2545061","2509083","2503915","2546399","2561524",
"Medium","Whole country","Total","45-49 years old","Population projection","","2921443","3160621","3346133","3569142","3802111","3958097","4139484","4248784","4354664","4321262","4271709","4191090","4173386","4125313","4295086","4354036","4441770","4506942","4553179","4487622","4385732","4213912","4061992","3926944","3828741","3865770","3944572","4041970","4074072","4026680","3855874","3685334","3495431","3350483","3290592","3299778","3315837","3407450","3515960","3596314","3652105","3700344","3670128","3619034","3546827","3491221","3409227","3264354","3102163","2970673","2793071","2627593","2563903",
"Medium","Whole country","Total","50-54 years old","Population projection","","2365862","2427537","2505591","2568222","2664066","2861891","3106401","3287112","3524016","3761143","3934363","4163908","4263019","4364665","4334785","4289039","4170297","4163840","4122273","4297890","4338269","4425748","4489552","4525612","4459873","4367799","4202152","4057446","3927373","3825551","3863600","3943291","4041468","4074563","4028272","3858952","3689608","3500954","3356933","3297665","3307358","3324058","3416096","3525134","3606128","3662547","3711352","3681895","3631410","3559738","3504568","3423065","3278633",
"Medium","Whole country","Total","55-59 Years old","Population projection","","2006389","2008937","2041047","2105442","2196938","2285610","2363424","2441497","2518813","2611705","2817315","3065255","3241925","3457310","3699016","3884217","4134915","4225899","4340508","4295393","4237067","4113626","4113957","4070751","4246026","4292571","4384454","4451091","4489822","4421800","4332354","4169855","4027734","3900082","3800410","3839460","3919958","4018833","4052964","4007998","3840689","3673112","3486328","3343769","3285465","3295833","3313322","3405784","3515269","3596845","3653864","3703231","3674678",
"Medium","Whole country","Total","60-64 Years old","Population projection","","1817056","1859995","1915420","1950647","1946812","1946175","1933740","1963549","2024598","2117041","2212040","2302960","2377804","2443552","2541221","2750831","2994342","3170368","3389068","3627949","3814370","4064749","4148113","4258205","4211091","4155466","4042638","4045830","4005606","4176009","4224945","4318208","4386286","4426675","4361898","4275411","4116744","3977890","3853314","3756412","3796745","3878169","3977826","4013231","3969950","3805278","3640103","3455800","3315163","3258086","3269232","3287599","3380469",
"Medium","Whole country","Total","65-69 years old","Population projection","","1381212","1461093","1528114","1592234","1649747","1689609","1734658","1804867","1866427","1870279","1878314","1846336","1874691","1914508","2005729","2105631","2210004","2286519","2356588","2448622","2662232","2894911","3063850","3274183","3509250","3688605","3937463","4022461","4133555","4087901","4037170","3930899","3937019","3901597","4071468","4122684","4217182","4286567","4328644","4267926","4185290","4031714","3897301","3776974","3683916","3726013","3808525","3908907","3945577","3904139","3742776","3580873","3400137",
"Medium","Whole country","Total","70-74 Years old","Population projection","","922213","963947","1023257","1081502","1140499","1214841","1294801","1362205","1426335","1492503","1539637","1587018","1674052","1754449","1763752","1779544","1729122","1756800","1795390","1886106","1990347","2090525","2164766","2234677","2322783","2527085","2753018","2919238","3124245","3351004","3528324","3771898","3856948","3967616","3926557","3881887","3784214","3793806","3764596","3933014","3986827","4082534","4153130","4197060","4141760","4064258","3917834","3789703","3675420","3587793","3632046","3715507","3816288",
"Medium","Whole country","Total","75-79 Years old","Population projection","","608084","629856","654403","678767","713772","751853","791754","844714","898014","954171","1025532","1101326","1167399","1228474","1298398","1350503","1400166","1494315","1579149","1589635","1608464","1567444","1596539","1637098","1723662","1820534","1912336","1988025","2059642","2145482","2341230","2553812","2713279","2908241","3123040","3295733","3529347","3612136","3720121","3684090","3647845","3563245","3577170","3557089","3721878","3778423","3874576","3945280","3990377","3942601","3871945","3736347","3617899",
"Medium","Whole country","Total","80 Years old & over","Population projection","","483387","516029","551171","587361","626285","664484","704601","748890","797816","859933","922626","980499","1050587","1125228","1209247","1305490","1417791","1528426","1634958","1764631","1890824","2016985","2155978","2289858","2382540","2477683","2522199","2667343","2807907","2936935","3073495","3161051","3325288","3482404","3642320","3907917","4143340","4398893","4678492","4976979","5331351","5710019","5964917","6261283","6439563","6666413","6868319","7045122","7227939","7472140","7661086","7866016","8026726",
"Medium","Whole country","Total","80-84 Years old","Population projection","","310114","329611","350265","375966","404920","429246","448312","470006","492598","528386","565597","599815","643644","687406","733018","793916","867222","930279","987409","1055839","1109242","1157812","1238755","1311746","1322888","1338962","1305676","1343140","1387561","1465132","1551816","1628432","1700342","1768443","1848045","2026780","2213886","2358541","2533024","2724128","2885798","3098927","3174324","3274550","3244378","3220461","3156498","3175184","3168324","3322974","3380958","3474671","3542613",
"Medium","Whole country","Total","85-89 year old","Population projection","","128397","138867","150508","158543","165287","173940","188510","203971","224477","244803","261945","275332","290468","305257","335355","363551","391295","425167","458588","497418","548700","605532","646358","685925","737630","778346","817041","886264","946008","955427","967698","942066","979181","1020938","1082263","1150235","1203395","1264623","1322381","1387901","1534189","1678439","1794877","1932673","2082158","2218443","2391411","2449812","2531353","2506794","2497138","2460587","2482313",
"Medium","Whole country","Total","90-94 Years old","Population projection","","37139","39163","41466","43367","46025","50264","56026","62191","67293","71866","77964","86046","95044","109626","116393","120958","128909","138080","147576","168248","187321","203889","218926","235791","258561","289611","322117","351115","377656","408626","432609","455623","497877","533247","537883","544495","527781","557282","588413","626524","668422","695156","737563","776914","819836","916474","1003442","1077440","1162933","1254659","1347222","1459243","1492302",
"Medium","Whole country","Total","95-99 Years old","Population projection","","6758","7294","7704","8184","8700","9516","10113","10958","11541","12800","14866","16966","18920","20321","21645","23923","26886","31033","37233","38355","40208","43381","45030","48645","56005","63135","69231","77612","86041","95480","107596","119873","130867","140750","152846","162285","171415","189046","203015","203834","205956","198182","214335","229992","245912","263171","270952","291240","309299","328106","372180","407210","438894",
"Medium","Whole country","Total","100 Years old & over","Population projection","","979","1094","1228","1301","1353","1518","1640","1764","1907","2078","2254","2340","2511","2618","2836","3142","3479","3867","4152","4771","5353","6371","6909","7751","7456","7629","8134","9212","10641","12270","13776","15057","17021","19026","21283","24122","26863","29401","31659","34592","36986","39315","43818","47154","47279","47864","46016","51446","56030","59607","63588","64305","70604",
"Medium","Whole country","Male","Total","Population projection","","23666769","23854971","23991377","24120872","24210740","24243234","24369561","24491190","24671648","24774341","24881114","25069867","25187380","25285319","25445077","25585894","25670949","25736793","25857689","25948706","25925697","25870941","25818686","25859888","25876776","25837903","25795052","25753184","25711849","25670259","25627273","25581979","25533877","25482355","25426558","25365537","25299055","25226848","25146147","25055270","24954651","24844377","24724984","24596640","24459520","24313819","24158908","23994470","23820596","23636945","23443302","23240251","23028412",
"Medium","Whole country","Male","0-4 Years old","Population projection","","1716148","1658958","1573834","1488560","1409160","1315045","1227097","1192170","1191039","1174722","1172828","1193656","1200629","1188302","1179604","1175609","1148547","1102364","1045183","989933","911251","830797","766227","711053","663673","623974","594599","578964","575930","585299","604754","627677","647854","664942","678800","689554","697580","703448","705569","702614","695649","685538","672886","660260","649704","640572","632088","623423","613797","602581","589369","574030","556707",
"Medium","Whole country","Male","5-9 Years old","Population projection","","1877208","1881924","1858210","1808293","1752569","1698879","1641923","1556291","1468935","1393600","1300568","1214418","1180798","1179593","1163582","1161732","1183575","1188607","1176909","1169113","1168681","1143757","1097221","1039269","981805","906030","826640","760939","707080","659636","620392","591346","575885","572889","582186","601482","624199","644174","661092","674812","685459","693405","699213","701315","698391","691501","681493","668962","656461","646019","636986","628592","620019",
"Medium","Whole country","Male","10-14 Years old","Population projection","","1651269","1671109","1714089","1767832","1813909","1844524","1853437","1826108","1779836","1729504","1682748","1630159","1550478","1464013","1389826","1294946","1209141","1173575","1172580","1157242","1161061","1183139","1189663","1176998","1167483","1164900","1138230","1094074","1036505","979031","903678","824719","759398","705847","658668","619656","590786","575418","572432","581677","600880","623487","643361","660191","673840","684434","692339","698119","700209","697302","690459","680510","668046",
"Medium","Whole country","Male","15-19 Years old","Population projection","","1987021","1876518","1765454","1680219","1630004","1621106","1637309","1683355","1740377","1788329","1821378","1842937","1821485","1779769","1728466","1684718","1632747","1554471","1470638","1397832","1307326","1216428","1183580","1188393","1171771","1167856","1187673","1194359","1181519","1171897","1169384","1142857","1098895","1041593","984416","909424","830862","765890","712625","665691","626885","598183","582928","579990","589219","608356","630873","650659","667414","681006","691554","699427","705182",
"Medium","Whole country","Male","20-24 Years old","Population projection","","1989852","2025970","2066245","2087878","2056353","1969021","1874314","1772836","1695754","1658347","1654707","1678222","1734689","1794501","1844096","1877884","1903218","1882066","1860305","1823024","1779560","1711404","1620461","1548436","1486372","1390474","1303354","1268442","1263926","1243827","1240140","1259763","1266446","1253874","1244346","1241638","1215162","1171519","1114455","1057381","982659","904635","840228","787436","740904","702419","673963","658941","656237","665636","684794","707214","726872",
"Medium","Whole country","Male","25-29 Years old","Population projection","","2232158","2179040","2098801","2036930","1992129","1981697","2024586","2073207","2096715","2071602","1989754","1909497","1808875","1734720","1714497","1730403","1739228","1791765","1868033","1924269","1949923","1962374","1933726","1915057","1878599","1841645","1792831","1715998","1630727","1558462","1462990","1375902","1340900","1336168","1315841","1312243","1332072","1338814","1326198","1316875","1314598","1288363","1244920","1188266","1131748","1057456","979575","915175","862384","815861","777406","748958","733821",
"Medium","Whole country","Male","30-34 Years old","Population projection","","2176913","2213068","2255001","2285705","2279293","2240142","2180616","2109088","2045263","1992214","2000527","2049481","2094985","2111042","2096735","2015092","1922760","1825165","1764834","1743237","1745712","1745107","1796779","1883794","1938196","1969945","1996598","1976227","1940894","1897043","1860277","1811583","1734624","1649105","1576669","1481047","1393766","1358676","1354046","1333796","1330182","1350130","1357035","1344490","1335131","1332851","1306627","1263046","1206143","1149343","1074767","996582","931905",
"Medium","Whole country","Male","35-39 years old","Population projection","","2180572","2166558","2153573","2142489","2166489","2184835","2228330","2273836","2309682","2289453","2252710","2181088","2101052","2028863","1982864","2004556","2044466","2089929","2114600","2095902","1999740","1907424","1808706","1750443","1731341","1744455","1757521","1812587","1878096","1925620","1957721","1984633","1964550","1929436","1885768","1849160","1800636","1723814","1638375","1566000","1470477","1383248","1348176","1343620","1323474","1319914","1339935","1346952","1334502","1325189","1322948","1296784","1253220",
"Medium","Whole country","Male","40-44 years old","Population projection","","2045158","2113646","2169132","2201473","2192667","2165148","2139138","2130204","2117845","2164790","2192383","2240870","2279295","2305325","2286346","2248961","2160777","2083256","2021308","1970422","1979773","2020470","2067075","2087030","2069513","1986113","1902383","1808708","1739757","1716248","1729692","1743081","1798310","1863987","1911735","1944070","1971204","1951455","1916627","1873224","1836849","1788569","1711992","1626759","1554540","1459209","1372105","1337075","1332594","1312568","1309078","1329174","1336314",
"Medium","Whole country","Male","45-49 years old","Population projection","","1483122","1598458","1697943","1812161","1924199","2000124","2089417","2142938","2196142","2184842","2166821","2133627","2124531","2089888","2169125","2199587","2241597","2278705","2308830","2280977","2225868","2138197","2061862","1995415","1947890","1968894","2013504","2063068","2081918","2061835","1979393","1896422","1803493","1735080","1711916","1725612","1739327","1794736","1860626","1908678","1941339","1968765","1949439","1914967","1871880","1835776","1787784","1711480","1626467","1554397","1459249","1372248","1337234",
"Medium","Whole country","Male","50-54 years old","Population projection","","1194103","1224816","1261221","1292202","1341081","1436212","1554676","1648729","1770211","1887016","1972536","2085550","2136013","2190098","2180821","2165419","2112259","2107628","2075419","2159754","2177535","2221205","2258061","2281401","2252613","2207838","2123780","2051380","1988040","1938731","1960386","2005496","2055509","2074964","2055631","1974299","1892285","1800347","1732681","1710009","1724066","1738224","1793874","1860050","1908491","1941561","1969365","1950588","1916588","1873923","1838174","1790567","1714645",
"Medium","Whole country","Male","55-59 Years old","Population projection","","981156","990089","1012176","1047715","1095353","1136993","1174921","1212829","1251007","1297637","1397202","1519137","1608745","1719950","1841582","1932408","2054239","2102223","2164174","2147149","2121562","2068337","2068112","2034448","2117431","2142637","2188632","2227167","2252857","2223514","2180559","2098765","2028252","1966668","1918930","1941301","1986938","2037425","2057586","2039197","1959359","1878693","1788170","1721609","1699657","1714199","1728930","1784855","1851303","1900136","1933624","1961813","1943710",
"Medium","Whole country","Male","60-64 Years old","Population projection","","852303","875583","901451","920359","923453","928692","930455","951179","986275","1035802","1083119","1126838","1164089","1195750","1243960","1345931","1466124","1554982","1668124","1787518","1876783","1999375","2042614","2101922","2082774","2062168","2015600","2017632","1987872","2068825","2095621","2142545","2181994","2208753","2181721","2140944","2062026","1993984","1934698","1889029","1912337","1958591","2009613","2030649","2013464","1935590","1856760","1768138","1703052","1682031","1697133","1712495","1768674",
"Medium","Whole country","Male","65-69 years old","Population projection","","595086","637330","676884","711353","740526","764040","788456","822884","855346","861451","871002","863928","883241","908072","958234","1009632","1059400","1098706","1132243","1177211","1280138","1394231","1478069","1584823","1700794","1787365","1908010","1952534","2013313","1996070","1978807","1936757","1940864","1914703","1995240","2023603","2071435","2111774","2139662","2115526","2077570","2002416","1937678","1881510","1838655","1863239","1910236","1961797","1983747","1967920","1892490","1816092","1730115",
"Medium","Whole country","Male","70-74 Years old","Population projection","","353411","371625","396315","425721","457420","494667","534440","571360","604560","637772","664268","689761","733285","775208","783053","796175","780645","800334","825893","876494","928928","975339","1012668","1045428","1087769","1185734","1294560","1376471","1479793","1590428","1675366","1792141","1836543","1896799","1882663","1869368","1833034","1839588","1818020","1897577","1927638","1976294","2017377","2046380","2025917","1991612","1921607","1861429","1809564","1770538","1796561","1844047","1895804",
"Medium","Whole country","Male","75-79 Years old","Population projection","","215420","224127","232732","241516","252637","265655","281091","301667","326089","353244","386793","422066","454917","485151","518840","546349","573514","620799","663906","672113","685809","675869","696606","722713","768879","816937","857801","896044","930457","971590","1063624","1163525","1240661","1336884","1439376","1520904","1630904","1673737","1732040","1721137","1712838","1684391","1693680","1678484","1755670","1787369","1836375","1877423","1906931","1891191","1861346","1798475","1744735",
"Medium","Whole country","Male","80 Years old & over","Population projection","","135869","146152","158316","170466","183498","196454","209355","222509","236572","254016","271770","288632","310273","335074","363446","396492","438712","482218","524710","576516","626047","677488","737256","793265","829873","870938","893336","958590","1023165","1082203","1144489","1184767","1259699","1330663","1402652","1521232","1626839","1742049","1869415","2002047","2155866","2321445","2434414","2570664","2648835","2747761","2838853","2916408","2993203","3101304","3187364","3283243","3361409",
"Medium","Whole country","Male","80-84 Years old","Population projection","","95912","102574","110728","119483","128928","137401","144246","150705","157822","167548","178050","189129","204670","222240","241136","266996","299295","328523","355506","387167","412934","438090","476263","510831","518803","531274","524559","548322","575242","614795","655862","687998","723126","754889","791760","872733","956862","1024437","1107398","1195011","1269016","1365896","1403862","1456926","1449276","1447410","1430227","1442176","1435689","1506670","1538666","1585814","1624485",
"Medium","Whole country","Male","85-89 year old","Population projection","","31792","34821","38111","40967","43798","46981","51536","56685","61896","67954","72981","76453","79849","83433","90390","96002","104270","115958","128236","143004","162714","184329","201240","217654","238467","256289","274135","303962","329987","336056","345016","340707","361388","383895","412447","442065","462419","490387","515690","544103","605934","666085","716999","778371","842304","900876","974713","1002876","1044593","1039451","1042995","1037628","1050129",
"Medium","Whole country","Male","90-94 Years old","Population projection","","7115","7634","8266","8674","9341","10493","11788","13145","14740","16099","17855","19834","22157","25415","27414","28260","29319","30906","32865","37779","41611","45872","50323","54970","61639","71431","81638","91409","100949","111848","120909","130095","145902","159341","162045","166625","164251","177991","192193","207624","223631","232557","249743","265118","281713","318188","350585","379735","414161","449384","484911","527776","542548",
"Medium","Whole country","Male","95-99 Years old","Population projection","","966","1026","1092","1205","1287","1411","1607","1784","1908","2178","2615","2917","3268","3632","4108","4790","5352","6289","7505","7776","7927","8158","8291","8601","9811","10842","11940","13732","15666","17961","21013","24117","27126","30049","33511","36407","39397","44812","49214","49773","51227","50301","56175","61825","67068","72528","74720","81619","87561","93697","107705","118733","129354",
"Medium","Whole country","Male","100 Years old & over","Population projection","","84","97","119","137","144","168","178","190","206","237","269","299","329","354","398","444","476","542","598","790","861","1039","1139","1209","1153","1102","1064","1165","1321","1543","1689","1850","2157","2489","2889","3402","3910","4422","4920","5536","6058","6606","7635","8424","8474","8759","8608","10002","11199","12102","13087","13292","14893",
"Medium","Whole country","Female","Total","Population projection","","23341342","23515193","23653359","23771458","23871779","23941327","24068731","24192448","24383060","24533494","24672998","24866771","25012473","25143574","25301582","25429053","25546854","25625118","25727369","25816116","25910542","25898598","25853883","25852731","25874289","25846661","25814069","25781367","25748028","25713793","25678440","25641290","25601388","25558277","25511168","25459331","25402334","25340209","25271020","25192387","25104567","25007260","24900431","24784126","24657912","24521212","24373323","24213904","24042475","23858969","23663658","23457140","23239202",
"Medium","Whole country","Female","0-4 Years old","Population projection","","1543635","1503900","1432527","1354562","1290396","1209243","1132710","1106072","1110359","1098912","1098975","1121917","1130292","1121025","1115412","1114488","1091563","1048855","993553","940411","865365","788033","727814","676677","632988","595836","568470","553321","550381","559346","577900","599766","619015","635313","648527","658780","666430","672019","674037","671212","664565","654915","642842","630792","620717","612000","603899","595625","586434","575728","563121","548484","531955",
"Medium","Whole country","Female","5-9 Years old","Population projection","","1644256","1651084","1636050","1608093","1568853","1534686","1494147","1420331","1340216","1277896","1197359","1121978","1096153","1100229","1088920","1089368","1113571","1120380","1112018","1107062","1109604","1088040","1044863","988475","933128","860959","784818","723809","674037","630268","593529","566469","551488","548596","557502","575909","597585","616647","632787","645873","656028","663605","669141","671138","668341","661761","652204","640243","628310","618339","609712","601695","593505",
"Medium","Whole country","Female","10-14 Years old","Population projection","","1478713","1485477","1517638","1557566","1595626","1620883","1630271","1613410","1588438","1554630","1526961","1489332","1418881","1339075","1276349","1193740","1118166","1090502","1094811","1084319","1089908","1114575","1122176","1112763","1106168","1106767","1083494","1042650","986856","931476","859681","783922","723247","673742","630207","593671","566765","551866","548983","557844","576170","597749","616717","632780","645804","655908","663449","668958","670943","668163","661621","652118","640215",
"Medium","Whole country","Female","15-19 Years old","Population projection","","1855411","1739011","1625789","1536701","1478831","1458955","1465976","1500646","1541647","1580489","1607415","1625599","1614091","1593281","1561263","1537550","1499457","1427984","1349367","1288144","1210892","1129458","1104293","1112684","1101072","1099151","1121555","1129388","1119803","1113135","1113771","1090518","1049847","994307","939247","867744","792369","732108","682939","639677","603381","576666","561904","559102","567988","586280","607772","626632","642602","655549","665593","673083","678556",
"Medium","Whole country","Female","20-24 Years old","Population projection","","1864530","1907265","1945084","1957691","1914220","1819759","1712887","1607722","1531096","1494654","1484342","1497451","1534260","1576405","1613309","1634084","1656631","1647591","1637892","1616028","1612791","1566923","1484776","1405228","1352417","1269821","1191297","1162838","1162442","1145942","1143986","1166426","1174137","1164490","1157818","1158747","1135941","1095789","1041156","987299","917206","843194","784048","735775","693269","657639","631487","617081","614332","623013","640956","662071","680597",
"Medium","Whole country","Female","25-29 Years old","Population projection","","2120755","2045556","1965788","1904500","1861144","1862130","1902550","1945164","1959552","1929488","1844351","1755305","1655989","1580535","1544633","1539051","1540583","1576396","1625029","1663507","1695619","1712828","1695058","1679660","1655044","1634824","1600140","1530888","1453148","1393330","1310402","1231580","1202779","1202312","1186147","1184332","1206636","1214480","1205053","1198465","1199212","1176252","1136017","1081056","1026599","955863","881260","821605","772930","730099","694168","667733","653140",
"Medium","Whole country","Female","30-34 Years old","Population projection","","2071079","2119019","2166319","2187307","2171339","2120294","2045655","1969823","1909544","1864224","1877257","1917946","1963703","1975213","1948719","1856510","1765495","1666377","1595783","1563225","1562091","1561344","1593655","1640746","1677571","1700142","1720458","1708959","1691835","1662224","1642320","1607878","1538807","1461190","1401442","1318577","1239807","1211034","1210606","1194501","1192734","1215085","1222983","1213616","1207067","1207843","1184912","1144685","1089717","1035230","964456","889809","830107",
"Medium","Whole country","Female","35-39 years old","Population projection","","2092507","2062407","2033933","2012361","2049533","2082502","2133591","2175204","2200297","2177509","2134326","2060239","1986641","1920853","1871522","1887544","1920219","1964371","1981010","1955867","1867239","1775602","1673805","1599400","1565915","1561026","1563003","1599017","1641430","1673441","1696247","1716741","1705462","1688540","1659105","1639342","1605069","1536190","1458746","1399160","1316516","1237964","1209327","1209005","1193006","1191282","1213641","1221582","1212277","1205758","1206547","1183671","1143510",
"Medium","Whole country","Female","40-44 years old","Population projection","","1975280","2041639","2102133","2140853","2119774","2083152","2044892","2026553","2017430","2079435","2113987","2168151","2204694","2222650","2193282","2149420","2069252","1995148","1930092","1877437","1892398","1923936","1967944","1979185","1954043","1865133","1777225","1679979","1603289","1566465","1561857","1564060","1600168","1642640","1674745","1697670","1718290","1707187","1690417","1661158","1641558","1607454","1538801","1461601","1402203","1319757","1241351","1212766","1212467","1196515","1194837","1217225","1225210",
"Medium","Whole country","Female","45-49 years old","Population projection","","1438321","1562163","1648190","1756981","1877912","1957973","2050067","2105846","2158522","2136420","2104888","2057463","2048855","2035425","2125961","2154449","2200173","2228237","2244349","2206645","2159864","2075715","2000130","1931529","1880851","1896876","1931068","1978902","1992154","1964845","1876481","1788912","1691938","1615403","1578676","1574166","1576510","1612714","1655334","1687636","1710766","1731579","1720689","1704067","1674947","1655445","1621443","1552874","1475696","1416276","1333822","1255345","1226669",
"Medium","Whole country","Female","50-54 years old","Population projection","","1171759","1202721","1244370","1276020","1322985","1425679","1551725","1638383","1753805","1874127","1961827","2078358","2127006","2174567","2153964","2123620","2058038","2056212","2046854","2138136","2160734","2204543","2231491","2244211","2207260","2159961","2078372","2006066","1939333","1886820","1903214","1937795","1985959","1999599","1972641","1884653","1797323","1700607","1624252","1587656","1583292","1585834","1622222","1665084","1697637","1720986","1741987","1731307","1714822","1685815","1666394","1632498","1563988",
"Medium","Whole country","Female","55-59 Years old","Population projection","","1025233","1018848","1028871","1057727","1101585","1148617","1188503","1228668","1267806","1314068","1420113","1546118","1633180","1737360","1857434","1951809","2080676","2123676","2176334","2148244","2115505","2045289","2045845","2036303","2128595","2149934","2195822","2223924","2236965","2198286","2151795","2071090","1999482","1933414","1881480","1898159","1933020","1981408","1995378","1968801","1881330","1794419","1698158","1622160","1585808","1581634","1584392","1620929","1663966","1696709","1720240","1741418","1730968",
"Medium","Whole country","Female","60-64 Years old","Population projection","","964753","984412","1013969","1030288","1023359","1017483","1003285","1012370","1038323","1081239","1128921","1176122","1213715","1247802","1297261","1404900","1528218","1615386","1720944","1840431","1937587","2065374","2105499","2156283","2128317","2093298","2027038","2028198","2017734","2107184","2129324","2175663","2204292","2217922","2180177","2134467","2054718","1983906","1918616","1867383","1884408","1919578","1968213","1982582","1956486","1869688","1783343","1687662","1612111","1576055","1572099","1575104","1611795",
"Medium","Whole country","Female","65-69 years old","Population projection","","786126","823763","851230","880881","909221","925569","946202","981983","1011081","1008828","1007312","982408","991450","1006436","1047495","1095999","1150604","1187813","1224345","1271411","1382094","1500680","1585781","1689360","1808456","1901240","2029453","2069927","2120242","2091831","2058363","1994142","1996155","1986894","2076228","2099081","2145747","2174793","2188982","2152400","2107720","2029298","1959623","1895464","1845261","1862774","1898289","1947110","1961830","1936219","1850286","1764781","1670022",
"Medium","Whole country","Female","70-74 Years old","Population projection","","568802","592322","626942","655781","683079","720174","760361","790845","821775","854731","875369","897257","940767","979241","980699","983369","948477","956466","969497","1009612","1061419","1115186","1152098","1189249","1235014","1341351","1458458","1542767","1644452","1760576","1852958","1979757","2020405","2070817","2043894","2012519","1951180","1954218","1946576","2035437","2059189","2106240","2135753","2150680","2115843","2072646","1996227","1928274","1865856","1817255","1835485","1871460","1920484",
"Medium","Whole country","Female","75-79 Years old","Population projection","","392664","405729","421671","437251","461135","486198","510663","543047","571925","600927","638739","679260","712482","743323","779558","804154","826652","873516","915243","917522","922655","891575","899933","914385","954783","1003597","1054535","1091981","1129185","1173892","1277606","1390287","1472618","1571357","1683664","1774829","1898443","1938399","1988081","1962953","1935007","1878854","1883490","1878605","1966208","1991054","2038201","2067857","2083446","2051410","2010599","1937872","1873164",
"Medium","Whole country","Female","80 Years old & over","Population projection","","347518","369877","392855","416895","442787","468030","495246","526381","561244","605917","650856","691867","740314","790154","845801","908998","979079","1046208","1110248","1188115","1264777","1339497","1418722","1496593","1552667","1606745","1628863","1708753","1784742","1854732","1929006","1976284","2065589","2151741","2239668","2386685","2516501","2656844","2809077","2974932","3175485","3388574","3530503","3690619","3790728","3918652","4029466","4128714","4234736","4370836","4473722","4582773","4665317",
"Medium","Whole country","Female","80-84 Years old","Population projection","","214202","227037","239537","256483","275992","291845","304066","319301","334776","360838","387547","410686","438974","465166","491882","526920","567927","601756","631903","668672","696308","719722","762492","800915","804085","807688","781117","794818","812319","850337","895954","940434","977216","1013554","1056285","1154047","1257024","1334104","1425626","1529117","1616782","1733031","1770462","1817624","1795102","1773051","1726271","1733008","1732635","1816304","1842292","1888857","1918128",
"Medium","Whole country","Female","85-89 year old","Population projection","","96605","104046","112397","117576","121489","126959","136974","147286","162581","176849","188964","198879","210619","221824","244965","267549","287025","309209","330352","354414","385986","421203","445118","468271","499163","522057","542906","582302","616021","619371","622682","601359","617793","637043","669816","708170","740976","774236","806691","843798","928255","1012354","1077878","1154302","1239854","1317567","1416698","1446936","1486760","1467343","1454143","1422959","1432184",
"Medium","Whole country","Female","90-94 Years old","Population projection","","30024","31529","33200","34693","36684","39771","44238","49046","52553","55767","60109","66212","72887","84211","88979","92698","99590","107174","114711","130469","145710","158017","168603","180821","196922","218180","240479","259706","276707","296778","311700","325528","351975","373906","375838","377870","363530","379291","396220","418900","444791","462599","487820","511796","538123","598286","652857","697705","748772","805275","862311","931467","949754",
"Medium","Whole country","Female","95-99 Years old","Population projection","","5792","6268","6612","6979","7413","8105","8506","9174","9633","10622","12251","14049","15652","16689","17537","19133","21534","24744","29728","30579","32281","35223","36739","40044","46194","52293","57291","63880","70375","77519","86583","95756","103741","110701","119335","125878","132018","144234","153801","154061","154729","147881","158160","168167","178844","190643","196232","209621","221738","234409","264475","288477","309540",
"Medium","Whole country","Female","100 Years old & over","Population projection","","895","997","1109","1164","1209","1350","1462","1574","1701","1841","1985","2041","2182","2264","2438","2698","3003","3325","3554","3981","4492","5332","5770","6542","6303","6527","7070","8047","9320","10727","12087","13207","14864","16537","18394","20720","22953","24979","26739","29056","30928","32709","36183","38730","38805","39105","37408","41444","44831","47505","50501","51013","55711",
"Medium","Seoul","Total","Total","Population projection","","10078434","10091137","10049183","10041419","10051611","10028631","10057373","10068563","10111880","10138867","10088611","10072235","10036273","9990010","9975163","9941162","9842501","9766399","9697449","9657296","9617795","9507905","9421415","9400365","9393699","9339904","9286528","9235940","9187423","9140710","9096161","9054005","9013737","8975214","8938256","8902414","8867010","8831357","8794011","8753578","8709899","8662766","8612169","8557995","8500175","8439022","8374751","8307483","8237492","8164957","8090025","8013033","7934502",
"Medium","Seoul","Total","0-4 Years old","Population projection","","612869","588684","549504","516898","497161","467495","438940","426503","426179","420382","411483","414572","414730","407801","403095","399954","385474","364416","337490","315996","289085","258701","237243","218633","202023","187219","175896","170524","171216","176584","185930","196422","205981","214562","222002","228276","233459","237720","240201","240230","238370","235080","230690","226382","223010","220221","217728","215200","212321","208835","204580","199484","193593",
"Medium","Seoul","Total","5-9 Years old","Population projection","","647952","642981","626250","604281","582567","563047","544079","515104","486013","465478","434362","404224","391008","387065","377276","372352","372572","366297","355349","348407","346887","334940","317272","298048","282354","259252","235915","217004","200616","185611","172838","163066","158417","158933","163539","171776","181000","189349","196824","203278","208695","213150","216798","218867","218811","217159","214244","210321","206478","203474","200973","198726","196441",
"Medium","Seoul","Total","10-14 Years old","Population projection","","608748","606688","611439","620572","630645","633761","629176","613077","593898","575019","556778","535554","504620","472430","447516","416545","386116","371404","365684","355343","352626","352382","348165","340540","335814","333384","325186","311323","293267","276523","254451","231993","213775","198071","183735","171532","162216","157728","158086","162361","170179","178955","186891","193984","200081","205187","209364","212773","214676","214574","212973","210163","206365",
"Medium","Seoul","Total","15-19 Years old","Population projection","","817882","770867","717671","670854","635867","612695","612547","625210","636680","644728","642142","637345","623504","604019","581580","559250","537558","508748","476258","453264","424664","390114","377669","374053","365130","357546","359281","358273","351853","346757","345189","337719","324052","306232","289693","267839","245169","226458","210388","195826","183442","174024","169455","169536","173447","180976","189568","197415","204408","210389","215368","219407","222683",
"Medium","Seoul","Total","20-24 Years old","Population projection","","960812","962429","970594","975143","952901","909200","843362","780142","738316","718344","706003","690859","691598","696831","705045","711272","711995","702669","692674","684592","669977","645731","616641","599242","585574","551759","513527","492446","482739","470339","465293","470114","471440","465619","461191","461030","453134","437367","417077","397581","371687","343447","319456","299319","281501","266486","255112","248993","247807","251182","259069","268566","277382",
"Medium","Seoul","Total","25-29 Years old","Population projection","","1137544","1092802","1040215","1014103","1000782","1000778","1017646","1032186","1032510","1010456","960593","913780","857004","810439","783242","770396","757770","769760","792153","813383","829972","835559","824404","825754","818006","810664","797672","771573","738062","707676","666989","624088","603146","596957","587607","584265","591575","595063","589804","585598","585127","575357","556414","531669","506619","474140","438951","409371","385094","363843","345886","332286","324804",
"Medium","Seoul","Total","30-34 Years old","Population projection","","948248","982321","1008809","1028823","1033788","1012567","986579","953839","925033","906813","900540","917547","934605","935801","920980","873351","822497","777514","744258","730235","736333","733621","747347","777149","797306","811466","825149","821670","815364","803805","794284","779702","750913","715320","685175","645878","606102","589469","587005","579567","576962","585406","589373","584288","580175","579433","569399","550160","524987","499501","466886","432285","403881",
"Medium","Seoul","Total","35-39 years old","Population projection","","857862","854764","846026","836333","848267","862128","898132","926025","944945","942315","918818","881100","842512","807922","786305","789666","796262","806217","804880","790712","757489","719537","681638","659004","652930","654432","658134","678022","701389","717504","730227","742081","737473","730919","719307","710311","696427","669095","636418","609866","574597","539706","526834","525973","519274","517329","525897","529368","524466","520896","520457","511026","493258",
"Medium","Seoul","Total","40-44 years old","Population projection","","867078","878977","883306","879624","859833","836151","820647","816484","813377","835435","845050","866475","882452","888922","877050","853594","808536","767808","732462","705938","706362","711488","720116","722138","716786","686497","658324","627564","604778","595852","598317","602362","621440","643006","657806","669719","680617","675800","669576","658474","650203","637051","611453","581522","557616","525112","493343","482377","481895","475470","474004","482434","485444",
"Medium","Seoul","Total","45-49 years old","Population projection","","688853","727644","753733","787866","824209","839926","863199","869306","881575","867147","847804","821501","809699","790592","811903","820020","833951","844652","847535","827992","799497","754184","716246","684387","664529","666440","676937","689043","692616","684927","656564","630350","601153","579657","571566","574370","578528","597099","617738","632013","643634","654049","649221","643223","632361","624406","611585","586950","558401","535697","504498","474250","464084",
"Medium","Seoul","Total","50-54 years old","Population projection","","577174","580346","586035","591472","606570","646622","700369","732291","775177","813772","832197","854854","852342","852415","836495","816159","781411","767239","749911","767845","769128","781318","792047","794228","780011","755607","717216","685326","657189","637562","641397","652952","665894","670339","663410","636216","611290","583172","562603","555116","558156","562399","580652","600646","614566","625921","635916","631080","625253","614545","606806","594249","570275",
"Medium","Seoul","Total","55-59 Years old","Population projection","","463292","463036","469830","484325","505715","522892","534472","547245","563804","581354","619392","668092","696292","728173","761331","777856","798819","792210","794887","775286","752408","719176","708769","692659","712446","717298","733685","746250","749475","733845","712679","678241","650131","625132","607918","613023","625088","638416","643362","636980","610933","587285","560288","540676","533752","536948","541218","559076","578368","591868","602917","612499","607714",
"Medium","Seoul","Total","60-64 Years old","Population projection","","351450","368063","385014","398802","406581","415469","419885","432853","448860","469129","485572","499191","507835","517593","534498","571912","610422","635357","662072","690807","706615","727493","722763","727214","711864","693226","668071","661782","648455","668010","674207","691002","703648","707685","694025","675384","644132","618969","596377","580932","586803","599077","612640","618021","612217","587325","564821","538751","519860","513312","516558","520812","538242",
"Medium","Seoul","Total","65-69 years old","Population projection","","226249","244596","258908","273517","288542","302257","318349","339759","359506","368886","377060","377561","389669","402535","421742","440944","451101","455170","462000","475423","509622","545593","569622","598063","628021","644253","669548","669772","677667","664701","649848","628400","624817","614124","635125","642477","659666","672640","677624","665734","649115","620309","597209","576256","562008","568359","580956","594991","601008","595869","571886","550030","524415",
"Medium","Seoul","Total","70-74 Years old","Population projection","","142029","148863","156680","165409","174156","187404","202171","217182","230985","247069","259339","275438","299628","322483","332086","341867","336058","345905","354357","369548","386879","398349","404303","413958","428689","461139","497220","522060","550416","580016","598529","626001","629272","639837","629648","617729","599262","597644","589133","611136","619574","637193","650570","656408","646081","631078","604269","582802","563259","550123","557036","570079","584631",
"Medium","Seoul","Total","75-79 Years old","Population projection","","93140","96147","98859","101599","106239","112352","118194","125641","132887","141360","152003","166001","180237","194422","211182","225428","237329","258466","276697","282988","290507","288084","298165","309321","325204","341853","353160","360526","371001","384979","416841","451382","475866","503979","533350","553198","581537","586670","598752","590602","581193","565655","565605","559297","581812","591191","609039","622538","628936","620192","606777","582118","562466",
"Medium","Seoul","Total","80 Years old & over","Population projection","","77252","81929","86310","91798","97788","103887","109626","115716","122135","131180","139475","148141","158538","170567","183837","200596","214630","232567","248782","269537","289744","311635","339005","365974","387012","407869","421607","452782","481320","506019","532578","548130","576319","604842","633159","679391","717808","758698","803043","848284","901229","954623","988620","1031928","1056844","1087751","1113341","1135317","1160275","1195187","1223351","1254619","1278824",
"Medium","Seoul","Total","80-84 Years old","Population projection","","49608","52000","54230","57901","61965","65657","67903","70825","73504","78710","83736","88940","95306","102401","109398","120260","130880","142237","152782","165640","176179","187183","204910","221134","228058","235107","234043","244880","255280","268631","283531","292999","300984","311764","325223","354950","385610","408003","433831","460668","480493","507675","513371","525858","519513","513047","501370","502790","499267","521418","531331","548649","561420",
"Medium","Seoul","Total","85-89 year old","Population projection","","20482","22254","24036","25421","26622","28056","30420","32461","35327","38230","40106","41831","44240","46752","51571","56332","58956","63429","67008","71856","79030","87395","94854","102723","112695","120964","129697","143788","155727","159868","164897","163838","173550","182477","192816","204381","210706","218281","227891","239099","263758","287196","305054","325778","347074","364694","387610","392384","403651","399062","395977","389084","391569",
"Medium","Seoul","Total","90-94 Years old","Population projection","","5927","6247","6560","6888","7496","8292","9273","10229","10963","11611","12580","13940","15225","17430","18655","19448","19884","21352","22651","25246","27513","29622","31397","33576","36618","41131","46302","51301","56116","61696","66265","71217","79500","86204","88176","90897","89897","96929","102842","108979","116010","118911","124809","131558","138910","155436","169280","180614","193804","207210","219924","235259","237949",
"Medium","Seoul","Total","95-99 Years old","Population projection","","1096","1265","1303","1392","1486","1623","1744","1887","2001","2259","2649","3016","3329","3535","3725","4008","4315","4891","5668","6012","6171","6472","6803","7352","8436","9422","10244","11292","12454","13810","15644","17644","19567","21369","23550","25301","27252","30672","33233","33737","34707","34063","37700","40409","42904","45867","46531","49761","52978","56296","64132","69629","74667",
"Medium","Seoul","Total","100 Years old & over","Population projection","","139","163","181","196","219","259","286","314","340","370","404","414","438","449","488","548","595","658","673","783","851","963","1041","1189","1205","1245","1321","1521","1743","2014","2241","2432","2718","3028","3394","3862","4343","4813","5246","5801","6261","6778","7686","8325","8443","8707","8550","9768","10575","11201","11987","11998","13219",
"Medium","Seoul","Male","Total","Population projection","","5075696","5079359","5053965","5044288","5038512","5012084","5016395","5012803","5026851","5028886","4994235","4977967","4951465","4918124","4904120","4881464","4820273","4772820","4735107","4703424","4666345","4604919","4552192","4535176","4520521","4487832","4456334","4426944","4399089","4372478","4347133","4322978","4299848","4277731","4256570","4236149","4216213","4196577","4176504","4155366","4133113","4109690","4085110","4059243","4031979","4003447","3973648","3942521","3910146","3876528","3841602","3805460","3768447",
"Medium","Seoul","Male","0-4 Years old","Population projection","","320573","306416","285507","268836","257902","241925","227030","220209","220127","216481","210959","212233","212515","208920","206785","205349","197425","186334","172940","162206","148651","133213","122499","112776","103804","95993","90109","87294","87743","90504","95291","100673","105575","109977","113792","117008","119665","121847","123118","123134","122179","120491","118238","116032","114304","112872","111595","110298","108821","107034","104852","102238","99219",
"Medium","Seoul","Male","5-9 Years old","Population projection","","344215","341349","332021","318514","305977","294142","283451","268160","252648","241369","224942","209037","201845","199708","194338","191566","191285","188052","182140","178907","178015","171611","162375","152542","144669","133099","121305","111705","103152","95092","88396","83336","80905","81258","83615","87834","92564","96842","100673","103980","106757","109039","110909","111970","111941","111092","109600","107594","105626","104090","102809","101658","100490",
"Medium","Seoul","Male","10-14 Years old","Population projection","","322029","321284","323537","328914","334473","336228","333379","324426","312841","301921","290932","278627","262408","245319","231871","215202","199316","191620","188802","183105","181645","181145","179068","174961","172614","171190","166772","159486","150255","141860","130767","119381","110101","101886","94192","87803","82980","80634","80893","83069","87074","91580","95654","99295","102424","105046","107190","108938","109916","109865","109046","107611","105666",
"Medium","Seoul","Male","15-19 Years old","Population projection","","424970","399818","371891","348110","331340","320089","318654","324546","331441","336144","335784","333003","323891","311407","297610","285000","272466","257176","240240","227129","212815","195949","189336","189020","185002","181434","181911","181310","177802","175473","174418","170336","163225","154184","145954","134991","123602","114223","105935","98257","91901","87109","84790","84970","86996","90876","95266","99255","102807","105847","108375","110424","112085",
"Medium","Seoul","Male","20-24 Years old","Population projection","","479855","479527","482844","482946","471220","450308","419657","389318","367043","355498","348263","342020","343886","347198","350757","352586","350200","341868","333133","323429","312373","298254","281067","272537","265541","250073","233690","225287","222248","216569","214014","215728","216062","213008","210982","210360","206275","198690","189140","180233","168247","155408","144574","135177","126728","119773","114538","111862","111649","113422","117274","121754","125875",
"Medium","Seoul","Male","25-29 Years old","Population projection","","589009","567980","539271","522861","510158","503112","506829","511387","511178","499612","474937","451189","421888","398299","385578","380598","373636","379973","392611","402400","405742","405842","396374","393019","383279","375989","367168","353970","337993","323773","304991","285868","276603","274086","269199","267464","270340","271621","268801","266881","266268","261530","252760","241671","230737","216143","200371","187017","175749","165864","157685","151493","148134",
"Medium","Seoul","Male","30-34 Years old","Population projection","","498710","513742","525907","537684","540331","528878","514735","495501","478254","465461","459037","466134","473095","472819","465242","441482","413367","389712","373589","365235","368239","366157","373322","389565","399487","405407","410510","405437","398291","389381","382092","373066","358737","341500","326798","307857","289269","281265","280071","276012","274677","278154","279803","277079","275098","274317","269412","260316","248726","237132","221930","205854","192486",
"Medium","Seoul","Male","35-39 years old","Population projection","","431367","433692","433031","430724","436839","442967","460726","475198","485016","484127","472046","452059","430609","411016","399158","399726","402714","407881","407239","400006","382273","362378","342437","331426","327416","328794","331036","341460","354029","362543","368321","373237","368448","362095","353919","347397","339021","325424","309361","296083","278725","262091","255633","255149","251497","250505","254096","255625","253008","251225","250573","245935","237419",
"Medium","Seoul","Male","40-44 years old","Population projection","","418504","427134","430848","429715","422335","413243","408843","408786","407882","418146","422730","433076","441793","445806","440853","429538","406480","385010","367082","353403","351899","355345","360060","361044","358274","343387","328324","312405","301264","296713","298850","301377","311528","323320","331294","336894","341668","337242","331582","324065","318176","310348","297659","282895","270852","254760","239535","233931","233629","230152","229407","232958","234315",
"Medium","Seoul","Male","45-49 years old","Population projection","","336039","352978","366605","383163","398861","405148","416252","419501","426433","421342","414948","405179","400119","389643","399876","404836","411275","417339","420278","411262","396278","373941","354684","338816","328649","329112","335004","341221","342827","339421","325711","311977","297205","286925","282990","285429","288066","298028","309419","317204","322813","327555","323401","318137","310947","305357","297794","285618","271516","260024","244515","229941","224664",
"Medium","Seoul","Male","50-54 years old","Population projection","","285988","286776","288456","290160","296579","313491","337053","352082","372654","390245","398364","408920","409258","410790","405130","398053","383625","376321","367073","375852","376029","382404","388910","390855","384478","372533","353468","337468","323648","313964","315558","322072","328727","330882","327985","314963","302072","288072","278368","274859","277514","280241","290108","301254","308946","314552","319242","315281","310300","303341","297968","290603","278748",
"Medium","Seoul","Male","55-59 Years old","Population projection","","236095","235099","236975","242371","250915","257076","262075","267269","274729","282609","299242","320455","332996","348005","364078","371417","380733","378983","381971","373989","364195","350752","345789","335926","345771","348964","357041","364157","366752","359771","349576","332662","318724","306638","298299","300667","307504","314358","316845","314306","301933","289855","276617","267488","264372","267185","269957","279684","290538","298081","303633","308236","304465",
"Medium","Seoul","Male","60-64 Years old","Population projection","","176320","184594","192677","199580","203705","207770","209123","213725","220307","229084","235919","241772","245233","249221","256601","273142","290453","301591","314270","328048","334239","343861","342864","345979","339281","332181","322539","319490","311802","321448","325192","333416","340530","343504","337613","328822","313687","301407","290696","283401","286279","293256","300201","302954","300769","289076","277777","265235","256602","253806","256717","259510","269058",
"Medium","Seoul","Male","65-69 years old","Population projection","","103930","113841","122537","130443","138328","146282","154923","165539","175661","180455","184496","184007","187985","192352","200870","208976","213363","214892","217979","223658","239013","255154","265398","278273","292142","299199","310609","312118","317147","311825","306606","298731","297011","290779","300995","305209","313583","320821","324280","319407","311782","298089","287052","277360","270835","274058","281209","288356","291485","289728","278645","267910","255831",
"Medium","Seoul","Male","70-74 Years old","Population projection","","55184","59002","62998","68251","73622","80733","88273","96394","103812","112156","119300","128082","140773","152418","156566","160985","157597","160942","163412","170123","177674","182809","185520","189682","195920","210390","226226","236883","250035","263777","271965","284367","287270","293445","289553","285825","279451","278735","273765","284322","289002","297546","304936","308820","304868","298226","285785","275805","267039","261258","264847","272196","279558",
"Medium","Seoul","Male","75-79 Years old","Population projection","","32135","33715","34794","35879","37633","40308","43047","46413","50360","54908","60413","67326","74531","81924","90397","97899","104472","115402","124777","127528","130778","129219","132932","137056","143890","150907","155900","159489","164409","170470","184511","199429","209945","222879","236339","245175","257861","261597","268397","265606","263147","258207","258278","254615","265238","270350","278985","286401","290577","287569","281876","270755","261895",
"Medium","Seoul","Male","80 Years old & over","Population projection","","20773","22412","24066","26137","28294","30384","32345","34349","36465","39328","41923","44848","48640","53279","58410","65109","71866","79724","87571","97144","106487","116885","129557","141699","150304","159180","164722","177764","189692","199894","210874","217322","229252","241365","253051","272451","288605","305771","325160","344547","366639","389191","404497","424377","435427","449259","461296","471305","482158","498090","511450","526384","538539",
"Medium","Seoul","Male","80-84 Years old","Population projection","","14431","15448","16536","17986","19490","20807","21663","22574","23519","25158","26856","28944","31717","35077","38337","43318","48815","54287","59655","66182","71700","77565","86338","93932","96735","99760","98966","103321","107527","113332","119556","123652","127521","132496","138239","151032","163935","173479","185180","197199","205941","217843","221708","228511","226649","225522","222364","223153","221120","231344","236664","244956","251902",
"Medium","Seoul","Male","85-89 year old","Population projection","","5046","5517","5966","6477","6952","7448","8298","9109","10007","10955","11466","11866","12391","12993","14385","15771","16985","18978","20939","23000","26201","29933","33069","36686","41196","45158","49322","55799","61103","62741","64875","64378","68298","71938","76302","80995","83677","87207","91453","96052","106183","115622","123030","132125","141290","148797","158440","161636","167545","166479","166551","165205","166387",
"Medium","Seoul","Male","90-94 Years old","Population projection","","1129","1241","1353","1448","1599","1813","2000","2247","2498","2721","3015","3396","3826","4434","4816","4970","4920","5170","5463","6324","6933","7693","8406","9258","10314","12015","13975","15850","17870","20178","22180","24339","27796","30547","31259","32384","32081","34801","37171","39633","42333","43538","46039","48820","51645","57978","63259","67742","73268","78707","83759","89798","91666",
"Medium","Seoul","Male","95-99 Years old","Population projection","","155","191","194","207","230","284","350","383","399","445","526","572","629","693","779","949","1048","1170","1384","1474","1475","1468","1503","1557","1799","1999","2222","2535","2901","3300","3888","4540","5162","5836","6620","7293","8039","9290","10230","10380","10762","10612","11877","12884","13786","14817","15111","16301","17499","18647","21335","23261","25067",
"Medium","Seoul","Male","100 Years old & over","Population projection","","12","15","17","19","23","32","34","36","42","49","60","70","77","82","93","101","98","119","130","164","178","226","241","266","260","248","237","259","291","343","375","413","475","548","631","747","873","994","1126","1283","1420","1576","1843","2037","2057","2145","2122","2473","2726","2913","3141","3164","3517",
"Medium","Seoul","Female","Total","Population projection","","5002738","5011778","4995218","4997131","5013099","5016547","5040978","5055760","5085029","5109981","5094376","5094268","5084808","5071886","5071043","5059698","5022228","4993579","4962342","4953872","4951450","4902986","4869223","4865189","4873178","4852072","4830194","4808996","4788334","4768232","4749028","4731027","4713889","4697483","4681686","4666265","4650797","4634780","4617507","4598212","4576786","4553076","4527059","4498752","4468196","4435575","4401103","4364962","4327346","4288429","4248423","4207573","4166055",
"Medium","Seoul","Female","0-4 Years old","Population projection","","292296","282268","263997","248062","239259","225570","211910","206294","206052","203901","200524","202339","202215","198881","196310","194605","188049","178082","164550","153790","140434","125488","114744","105857","98219","91226","85787","83230","83473","86080","90639","95749","100406","104585","108210","111268","113794","115873","117083","117096","116191","114589","112452","110350","108706","107349","106133","104902","103500","101801","99728","97246","94374",
"Medium","Seoul","Female","5-9 Years old","Population projection","","303737","301632","294229","285767","276590","268905","260628","246944","233365","224109","209420","195187","189163","187357","182938","180786","181287","178245","173209","169500","168872","163329","154897","145506","137685","126153","114610","105299","97464","90519","84442","79730","77512","77675","79924","83942","88436","92507","96151","99298","101938","104111","105889","106897","106870","106067","104644","102727","100852","99384","98164","97068","95951",
"Medium","Seoul","Female","10-14 Years old","Population projection","","286719","285404","287902","291658","296172","297533","295797","288651","281057","273098","265846","256927","242212","227111","215645","201343","186800","179784","176882","172238","170981","171237","169097","165579","163200","162194","158414","151837","143012","134663","123684","112612","103674","96185","89543","83729","79236","77094","77193","79292","83105","87375","91237","94689","97657","100141","102174","103835","104760","104709","103927","102552","100699",
"Medium","Seoul","Female","15-19 Years old","Population projection","","392912","371049","345780","322744","304527","292606","293893","300664","305239","308584","306358","304342","299613","292612","283970","274250","265092","251572","236018","226135","211849","194165","188333","185033","180128","176112","177370","176963","174051","171284","170771","167383","160827","152048","143739","132848","121567","112235","104453","97569","91541","86915","84665","84566","86451","90100","94302","98160","101601","104542","106993","108983","110598",
"Medium","Seoul","Female","20-24 Years old","Population projection","","480957","482902","487750","492197","481681","458892","423705","390824","371273","362846","357740","348839","347712","349633","354288","358686","361795","360801","359541","361163","357604","347477","335574","326705","320033","301686","279837","267159","260491","253770","251279","254386","255378","252611","250209","250670","246859","238677","227937","217348","203440","188039","174882","164142","154773","146713","140574","137131","136158","137760","141795","146812","151507",
"Medium","Seoul","Female","25-29 Years old","Population projection","","548535","524822","500944","491242","490624","497666","510817","520799","521332","510844","485656","462591","435116","412140","397664","389798","384134","389787","399542","410983","424230","429717","428030","432735","434727","434675","430504","417603","400069","383903","361998","338220","326543","322871","318408","316801","321235","323442","321003","318717","318859","313827","303654","289998","275882","257997","238580","222354","209345","197979","188201","180793","176670",
"Medium","Seoul","Female","30-34 Years old","Population projection","","449538","468579","482902","491139","493457","483689","471844","458338","446779","441352","441503","451413","461510","462982","455738","431869","409130","387802","370669","365000","368094","367464","374025","387584","397819","406059","414639","416233","417073","414424","412192","406636","392176","373820","358377","338021","316833","308204","306934","303555","302285","307252","309570","307209","305077","305116","299987","289844","276261","262369","244956","226431","211395",
"Medium","Seoul","Female","35-39 years old","Population projection","","426495","421072","412995","405609","411428","419161","437406","450827","459929","458188","446772","429041","411903","396906","387147","389940","393548","398336","397641","390706","375216","357159","339201","327578","325514","325638","327098","336562","347360","354961","361906","368844","369025","368824","365388","362914","357406","343671","327057","313783","295872","277615","271201","270824","267777","266824","271801","273743","271458","269671","269884","265091","255839",
"Medium","Seoul","Female","40-44 years old","Population projection","","448574","451843","452458","449909","437498","422908","411804","407698","405495","417289","422320","433399","440659","443116","436197","424056","402056","382798","365380","352535","354463","356143","360056","361094","358512","343110","330000","315159","303514","299139","299467","300985","309912","319686","326512","332825","338949","338558","337994","334409","332027","326703","313794","298627","286764","270352","253808","248446","248266","245318","244597","249476","251129",
"Medium","Seoul","Female","45-49 years old","Population projection","","352814","374666","387128","404703","425348","434778","446947","449805","455142","445805","432856","416322","409580","400949","412027","415184","422676","427313","427257","416730","403219","380243","361562","345571","335880","337328","341933","347822","349789","345506","330853","318373","303948","292732","288576","288941","290462","299071","308319","314809","320821","326494","325820","325086","321414","319049","313791","301332","286885","275673","259983","244309","239420",
"Medium","Seoul","Female","50-54 years old","Population projection","","291186","293570","297579","301312","309991","333131","363316","380209","402523","423527","433833","445934","443084","441625","431365","418106","397786","390918","382838","391993","393099","398914","403137","403373","395533","383074","363748","347858","333541","323598","325839","330880","337167","339457","335425","321253","309218","295100","284235","280257","280642","282158","290544","299392","305620","311369","316674","315799","314953","311204","308838","303646","291527",
"Medium","Seoul","Female","55-59 Years old","Population projection","","227197","227937","232855","241954","254800","265816","272397","279976","289075","298745","320150","347637","363296","380168","397253","406439","418086","413227","412916","401297","388213","368424","362980","356733","366675","368334","376644","382093","382723","374074","363103","345579","331407","318494","309619","312356","317584","324058","326517","322674","309000","297430","283671","273188","269380","269763","271261","279392","287830","293787","299284","304263","303249",
"Medium","Seoul","Female","60-64 Years old","Population projection","","175130","183469","192337","199222","202876","207699","210762","219128","228553","240045","249653","257419","262602","268372","277897","298770","319969","333766","347802","362759","372376","383632","379899","381235","372583","361045","345532","342292","336653","346562","349015","357586","363118","364181","356412","346562","330445","317562","305681","297531","300524","305821","312439","315067","311448","298249","287044","273516","263258","259506","259841","261302","269184",
"Medium","Seoul","Female","65-69 years old","Population projection","","122319","130755","136371","143074","150214","155975","163426","174220","183845","188431","192564","193554","201684","210183","220872","231968","237738","240278","244021","251765","270609","290439","304224","319790","335879","345054","358939","357654","360520","352876","343242","329669","327806","323345","334130","337268","346083","351819","353344","346327","337333","322220","310157","298896","291173","294301","299747","306635","309523","306141","293241","282120","268584",
"Medium","Seoul","Female","70-74 Years old","Population projection","","86845","89861","93682","97158","100534","106671","113898","120788","127173","134913","140039","147356","158855","170065","175520","180882","178461","184963","190945","199425","209205","215540","218783","224276","232769","250749","270994","285177","300381","316239","326564","341634","342002","346392","340095","331904","319811","318909","315368","326814","330572","339647","345634","347588","341213","332852","318484","306997","296220","288865","292189","297883","305073",
"Medium","Seoul","Female","75-79 Years old","Population projection","","61005","62432","64065","65720","68606","72044","75147","79228","82527","86452","91590","98675","105706","112498","120785","127529","132857","143064","151920","155460","159729","158865","165233","172265","181314","190946","197260","201037","206592","214509","232330","251953","265921","281100","297011","308023","323676","325073","330355","324996","318046","307448","307327","304682","316574","320841","330054","336137","338359","332623","324901","311363","300571",
"Medium","Seoul","Female","80 Years old & over","Population projection","","56479","59517","62244","65661","69494","73503","77281","81367","85670","91852","97552","103293","109898","117288","125427","135487","142764","152843","161211","172393","183257","194750","209448","224275","236708","248689","256885","275018","291628","306125","321704","330808","347067","363477","380108","406940","429203","452927","477883","503737","534590","565432","584123","607551","621417","638492","652045","664012","678117","697097","711901","728235","740285",
"Medium","Seoul","Female","80-84 Years old","Population projection","","35177","36552","37694","39915","42475","44850","46240","48251","49985","53552","56880","59996","63589","67324","71061","76942","82065","87950","93127","99458","104479","109618","118572","127202","131323","135347","135077","141559","147753","155299","163975","169347","173463","179268","186984","203918","221675","234524","248651","263469","274552","289832","291663","297347","292864","287525","279006","279637","278147","290074","294667","303693","309518",
"Medium","Seoul","Female","85-89 year old","Population projection","","15436","16737","18070","18944","19670","20608","22122","23352","25320","27275","28640","29965","31849","33759","37186","40561","41971","44451","46069","48856","52829","57462","61785","66037","71499","75806","80375","87989","94624","97127","100022","99460","105252","110539","116514","123386","127029","131074","136438","143047","157575","171574","182024","193653","205784","215897","229170","230748","236106","232583","229426","223879","225182",
"Medium","Seoul","Female","90-94 Years old","Population projection","","4798","5006","5207","5440","5897","6479","7273","7982","8465","8890","9565","10544","11399","12996","13839","14478","14964","16182","17188","18922","20580","21929","22991","24318","26304","29116","32327","35451","38246","41518","44085","46878","51704","55657","56917","58513","57816","62128","65671","69346","73677","75373","78770","82738","87265","97458","106021","112872","120536","128503","136165","145461","146283",
"Medium","Seoul","Female","95-99 Years old","Population projection","","941","1074","1109","1185","1256","1339","1394","1504","1602","1814","2123","2444","2700","2842","2946","3059","3267","3721","4284","4538","4696","5004","5300","5795","6637","7423","8022","8757","9553","10510","11756","13104","14405","15533","16930","18008","19213","21382","23003","23357","23945","23451","25823","27525","29118","31050","31420","33460","35479","37649","42797","46368","49600",
"Medium","Seoul","Female","100 Years old & over","Population projection","","127","148","164","177","196","227","252","278","298","321","344","344","361","367","395","447","497","539","543","619","673","737","800","923","945","997","1084","1262","1452","1671","1866","2019","2243","2480","2763","3115","3470","3819","4120","4518","4841","5202","5843","6288","6386","6562","6428","7295","7849","8288","8846","8834","9702",
"Medium","Busan","Total","Total","Population projection","","3732630","3716425","3684942","3648852","3623903","3590291","3563009","3538031","3514331","3497197","3476658","3476349","3461881","3455734","3452309","3452260","3446962","3424409","3403116","3381208","3355632","3333677","3303196","3284246","3264616","3238541","3212144","3186255","3160958","3136197","3111904","3087879","3063915","3039871","3015506","2990630","2965095","2938912","2911730","2883319","2853768","2823197","2791801","2759729","2727021","2693847","2660257","2626252","2591886","2557155","2522054","2486551","2450722",
"Medium","Busan","Total","0-4 Years old","Population projection","","212351","203427","188519","173827","162593","149645","137765","132405","130528","127979","127324","130951","132587","132875","133265","134747","133108","127556","120054","112231","101955","92048","84210","77541","71854","66828","63052","60355","59273","59732","61411","63445","65178","66582","67664","68446","68990","69361","69394","68952","68141","67041","65710","64409","63333","62404","61543","60648","59644","58463","57060","55429","53586",
"Medium","Busan","Total","5-9 Years old","Population projection","","248556","244609","236686","225249","214247","203901","193640","181145","168048","157920","145379","134086","129015","128625","126445","126653","130529","131751","130916","130767","132197","130322","125727","119495","112449","102928","92645","84541","77660","71993","67008","63298","60688","59678","60156","61811","63798","65494","66862","67908","68659","69176","69521","69532","69077","68267","67171","65841","64539","63466","62535","61668","60774",
"Medium","Busan","Total","10-14 Years old","Population projection","","242582","239752","240618","242866","243841","242900","240336","232179","221598","211466","202174","193087","179825","167651","157976","146257","134990","129520","127777","125315","125014","128369","130259","130284","130383","131641","129630","125214","118880","111633","102162","91972","83936","77108","71511","66604","62969","60440","59495","59993","61632","63598","65269","66617","67643","68380","68883","69222","69225","68769","67965","66874","65554",
"Medium","Busan","Total","15-19 Years old","Population projection","","336564","308071","280740","259305","245780","239077","235367","237741","241360","242861","242333","240642","235427","227766","218418","209092","199986","187746","174936","164368","149820","136855","131604","129439","126148","125315","128397","130401","130196","130178","131325","129221","124722","118373","111144","101776","91722","83770","77036","71536","66693","63125","60668","59813","60327","61935","63847","65484","66801","67807","68527","69018","69343",
"Medium","Busan","Total","20-24 Years old","Population projection","","342433","343320","344148","342264","332502","311261","285877","261906","244047","235361","232618","233138","235080","240101","243903","247334","246774","241790","236071","228092","220245","212907","197665","189331","181962","167682","154104","148239","145837","143223","143070","146268","148108","147485","147239","148115","145393","140328","133403","125559","115559","104895","96486","89416","83616","78532","74834","72400","71629","72185","73860","75862","77577",
"Medium","Busan","Total","25-29 Years old","Population projection","","333836","322505","306877","294266","288579","287597","293946","297683","294793","285840","266469","249980","232452","219690","212774","213083","211800","216200","222050","224758","225785","226485","220238","214446","207710","203936","198881","188611","178510","169554","156942","146047","142282","141517","139799","139556","142541","144024","143008","142403","142749","139736","134642","127756","120225","110959","101341","93876","87569","82428","77925","74765","72820",
"Medium","Busan","Total","30-34 Years old","Population projection","","300209","304787","306220","303281","296486","287302","274878","262532","252623","246621","247996","256859","263353","264017","258826","244811","229431","212670","200330","193888","192846","193665","199001","205267","207914","208004","208104","203706","198320","192328","188600","183237","173348","163980","155869","144715","135282","132303","131906","130295","130030","132835","133947","132763","132179","132455","129473","124742","118446","111713","103360","94635","87887",
"Medium","Busan","Total","35-39 years old","Population projection","","318568","309371","299145","288557","286719","285582","286057","286580","285493","279502","271587","261075","250599","242711","237792","242772","250061","254669","254262","247695","231920","216887","202318","192225","187413","187300","187448","192046","196682","199064","199457","199974","196059","191141","185510","181880","176489","166942","157972","150256","139745","130847","128085","127768","126164","125890","128600","129551","128326","127760","128001","125053","120508",
"Medium","Busan","Total","40-44 years old","Population projection","","344416","344872","344072","339185","326318","310055","296628","287558","277753","279947","279777","282771","283797","283637","278773","272234","260649","248815","239351","232514","234320","240333","246078","246666","241923","227683","213279","199109","188877","183994","183803","183829","188258","192790","195240","195843","196603","192962","188315","182895","179334","173965","164618","155826","148263","138044","129386","126695","126410","124820","124531","127193","128068",
"Medium","Busan","Total","45-49 years old","Population projection","","277996","292692","302486","314879","327782","331763","336305","335702","333322","320783","305928","291344","282306","272765","279759","281049","282646","282457","280929","273497","265241","252683","241634","232818","226866","229945","235845","241616","241973","237008","223258","209475","195839","185939","181199","181019","181002","185356","189834","192344","193099","194019","190578","186149","180904","177426","172120","162957","154322","146900","136926","128470","125841",
"Medium","Busan","Total","50-54 years old","Population projection","","226218","231361","238327","242547","249685","264357","279535","290809","303227","316100","321346","329994","328154","327109","314746","300516","283668","275400","265964","272053","272629","273667","273983","272632","265838","258379","246617","236014","227607","221652","224730","230441","236062","236482","231755","218490","205295","192171","182606","178035","177894","177876","182177","186614","189180","190064","191126","187867","183644","178574","175206","169989","161032",
"Medium","Busan","Total","55-59 Years old","Population projection","","178800","180505","184240","191232","199995","209825","218973","225921","229897","235342","250325","266463","276544","288010","300853","305832","316369","314311","312825","300531","286654","270189","263009","255196","262221","263275","264999","265750","264525","257947","250963","239748","229688","221683","215998","219080","224621","230121","230608","226114","213328","200698","188060","178837","174434","174354","174361","178623","183022","185639","186641","187821","184731",
"Medium","Busan","Total","60-64 Years old","Population projection","","143237","149674","156917","162404","165367","166022","165632","168339","174146","182801","192388","202251","209091","213933","218774","233159","249782","259814","270843","283009","288741","299294","297455","297091","286098","273476","258592","252629","245874","252975","254393","256418","257466","256603","250519","243968","233279","223728","216093","210661","213733","219123","224537","225113","220873","208568","196455","184271","175349","171092","171057","171088","175310",
"Medium","Busan","Total","65-69 years old","Population projection","","98069","105418","111319","116615","122198","128097","133747","141235","148887","151945","153521","150740","153566","157874","166848","175863","186803","193375","198583","203622","218202","233781","243580","254432","266898","272435","283497","282815","283368","273224","261969","248484","243485","237590","245009","246738","249037","250350","249810","244172","237994","227771","218644","211318","206115","209181","214479","219863","220565","216563","204668","192964","181134",
"Medium","Busan","Total","70-74 Years old","Population projection","","63463","66540","70658","74111","78100","83738","89473","94836","100115","106204","111859","117887","125951","135132","137508","140239","135723","139156","143643","152716","161407","171578","178129","183912","188787","202785","217711","227789","238448","250436","256411","267683","267670","268910","259804","249751","237571","233364","228262","235827","237810","240334","241849","241591","236412","230623","220917","212251","205306","200410","203520","208755","214093",
"Medium","Busan","Total","75-79 Years old","Population projection","","38648","40474","42575","44667","47353","49721","53034","56504","59788","63419","68462","74005","78666","83558","89915","95736","102266","109683","117946","120369","123269","119529","123253","127632","136444","144643","153958","160544","166242","170892","184286","198289","207994","218256","229767","236066","247267","247797","249537","241446","232698","222082","218727","214607","222191","224425","227175","228861","228882","224321","219044","210066","202061",
"Medium","Busan","Total","80 Years old & over","Population projection","","26684","29047","31395","33597","36358","39448","41816","44956","48706","53106","57172","61076","65468","70280","75734","82883","92377","99496","106636","115783","125387","135085","145053","155839","163708","172286","175385","186876","198686","210364","222116","230050","243132","255754","267323","286772","303236","320401","337589","354923","374670","396076","408283","421600","426085","432340","438546","443100","448207","456245","461228","466901","470403",
"Medium","Busan","Total","80-84 Years old","Population projection","","17409","19107","20735","22501","24658","26688","27794","29581","31692","34356","36739","39028","41767","44178","46937","51648","57362","61578","65846","71442","76462","81672","87960","94949","96996","99656","96689","100741","105151","112730","119923","127445","133440","138767","143152","155380","167585","176353","185553","195766","202107","212649","213528","215601","208777","201847","193629","191425","188742","196061","198474","201387","203166",
"Medium","Busan","Total","85-89 year old","Population projection","","6846","7474","8113","8447","8854","9540","10527","11542","12861","14304","15528","16513","17545","18961","21194","22984","25399","27514","29173","31323","34657","38166","40783","43597","47722","51358","55098","60063","65286","66540","68374","66030","69574","73404","79146","84571","89506","94294","98627","102167","111981","121075","127951","135071","142860","148549","157286","158152","160174","155074","150612","145621","144739",
"Medium","Busan","Total","90-94 Years old","Population projection","","2006","2050","2124","2197","2353","2686","2940","3227","3498","3697","4054","4588","5093","6021","6441","6881","7980","8506","9356","10630","11666","12418","13299","13981","15276","17260","19284","21197","22898","25142","27091","29088","31847","34657","35188","36139","34623","37073","39630","42961","46103","48422","51488","54258","56491","62739","67967","72199","76492","81141","85239","90974","91510",
"Medium","Busan","Total","95-99 Years old","Population projection","","369","357","362","392","429","460","474","516","560","644","740","840","950","994","1023","1214","1462","1711","2058","2136","2304","2483","2644","2916","3336","3620","3895","4401","4791","5310","6034","6737","7414","7981","8780","9478","10181","11202","12196","12280","12583","11890","13054","14208","15492","16676","17291","18629","19812","20723","23416","25381","27089",
"Medium","Busan","Total","100 Years old & over","Population projection","","54","59","61","60","64","74","81","90","95","105","111","107","113","126","139","156","174","187","203","252","298","346","367","396","378","392","419","474","560","642","694","750","857","945","1057","1204","1341","1479","1583","1749","1896","2040","2262","2462","2465","2529","2373","2695","2987","3246","3487","3538","3899",
"Medium","Busan","Male","Total","Population projection","","1866962","1858228","1841471","1823508","1809016","1789393","1772957","1758736","1744222","1732711","1719564","1719138","1711058","1706570","1704522","1703339","1697939","1685161","1673513","1660469","1642998","1630270","1613179","1602086","1590811","1576043","1561238","1546776","1532696","1519023","1505727","1492684","1479806","1467029","1454235","1441317","1428208","1414916","1401245","1387075","1372452","1357414","1342079","1326499","1310710","1294840","1278883","1262814","1246694","1230491","1214182","1197724","1181178",
"Medium","Busan","Male","0-4 Years old","Population projection","","113021","107828","99495","91616","85197","78072","71510","68568","67424","66020","65778","67420","68182","68310","68602","69099","68469","65535","61739","57472","52296","47193","43174","39651","36986","34357","32314","30954","30390","30631","31492","32537","33426","34148","34702","35102","35382","35575","35593","35365","34948","34384","33699","33031","32480","32005","31563","31103","30589","29982","29261","28425","27480",
"Medium","Busan","Male","5-9 Years old","Population projection","","134974","132615","128100","121176","114661","108465","102593","95566","88419","82628","75745","69491","66875","66491","65207","65298","67150","67663","67199","67226","67813","66907","64429","61376","57430","52655","47424","43292","39700","36957","34349","32354","31045","30523","30775","31623","32643","33513","34213","34751","35137","35401","35579","35586","35353","34938","34377","33694","33026","32476","32001","31556","31099",
"Medium","Busan","Male","10-14 Years old","Population projection","","128651","127931","129119","131137","132061","131839","130314","125511","119072","113033","107342","102123","94885","88231","82734","76217","70092","67200","66042","64582","64461","65986","66891","66883","67010","67425","66514","64137","60934","56977","52231","47039","42943","39380","36668","34093","32143","30881","30393","30657","31497","32505","33361","34051","34575","34954","35211","35386","35389","35154","34740","34183","33506",
"Medium","Busan","Male","15-19 Years old","Population projection","","174016","160048","146556","136021","129500","126680","125140","126798","129136","130286","130347","129681","126079","120752","114984","109724","104349","97517","90876","85170","77611","70748","67891","66618","64716","64219","65516","66408","66292","66368","66720","65753","63331","60139","56229","51567","46472","42462","38973","36327","33795","31908","30705","30270","30549","31371","32349","33179","33849","34359","34727","34976","35142",
"Medium","Busan","Male","20-24 Years old","Population projection","","176067","176283","177044","176776","172446","162024","149614","137853","128981","124566","123066","123212","125115","128802","131259","132666","131718","128267","124393","119830","114204","109843","101818","97534","93406","85674","78318","75362","73673","71963","71759","73130","73974","73706","73643","73863","72646","70000","66654","62594","57764","52500","48358","44755","41987","39357","37456","36276","35885","36185","37023","38040","38907",
"Medium","Busan","Male","25-29 Years old","Population projection","","171255","166225","158212","151783","148737","147478","150080","151852","150198","145764","136235","128850","120293","113809","110651","111552","110960","113840","117784","119234","119148","119322","115328","111651","108236","106193","103608","98049","92916","87928","81156","75232","73268","72379","71292","71147","72451","73162","72678","72383","72344","70968","68299","64988","61080","56597","51823","48125","44889","42421","40073","38472","37540",
"Medium","Busan","Male","30-34 Years old","Population projection","","151307","153406","154099","153225","150267","146539","140700","134463","129453","126020","126273","130977","134522","135049","133122","126135","118701","109978","103841","100531","100115","100544","103635","107550","109018","108814","108757","106290","103024","100069","98028","95258","90059","85474","80987","75058","69963","68400","67735","66787","66643","67871","68406","67808","67502","67449","66069","63575","60572","57085","53063","48702","45345",
"Medium","Busan","Male","35-39 years old","Population projection","","156080","152545","148308","143963","142975","142390","142220","142796","142756","140132","136694","132215","127488","123801","121737","124701","128651","130770","130468","127115","118568","111221","103944","99078","96820","97304","97532","100118","103025","104309","104377","104652","102507","99532","96756","94721","91904","86920","82548","78254","72684","67880","66422","65833","64933","64772","65962","66426","65795","65487","65424","64041","61628",
"Medium","Busan","Male","40-44 years old","Population projection","","166925","167075","166425","163641","157696","150253","144592","140776","136223","137224","137082","138752","139803","140641","139049","136553","131362","125787","121636","118273","119357","122483","125283","125386","123197","116007","109055","101961","96971","94714","95187","95354","97883","100751","102102","102344","102807","100838","98026","95352","93324","90503","85642","81358","77136","71734","67064","65633","65074","64207","64034","65209","65642",
"Medium","Busan","Male","45-49 years old","Population projection","","137870","143899","148441","153984","158943","159993","161431","161055","159759","154038","147372","141299","137131","132171","135775","136830","137803","138821","138984","135899","131975","126176","121097","117158","114401","116313","119431","122163","122158","119839","112965","106405","99653","94897","92770","93272","93425","95936","98784","100183","100553","101137","99294","96617","94037","92044","89253","84505","80308","76166","70915","66366","64967",
"Medium","Busan","Male","50-54 years old","Population projection","","112878","115187","118146","120042","123532","129724","136347","141591","147087","152563","154462","158049","156725","156279","150664","144430","137216","133268","128237","131434","131987","132738","133776","133824","131018","127789","122286","117386","113728","110934","112837","115838","118498","118559","116404","109848","103658","97226","92703","90707","91243","91402","93901","96733","98176","98650","99341","97613","95067","92589","90652","87912","83294",
"Medium","Busan","Male","55-59 Years old","Population projection","","89772","90674","92417","95632","99445","103682","107869","111016","112794","115482","121993","129318","133744","139164","144620","146168","150599","149286","148661","143080","136694","129658","126305","121948","125493","126421","127429","128667","128782","126048","123070","117869","113272","109835","107205","109110","112018","114627","114754","112759","106512","100672","94551","90259","88397","88979","89162","91654","94469","95950","96515","97287","95665",
"Medium","Busan","Male","60-64 Years old","Population projection","","69311","72645","76127","78932","80765","81476","81670","82915","85545","89638","93997","98407","101411","103361","105705","112213","119451","124030","129464","134419","136242","140822","139509","139209","134200","128567","122413","119630","116058","119592","120683","121829","123173","123433","120972","118245","113360","109071","105858","103399","105309","108136","110707","110905","109076","103148","97646","91832","87763","86028","86651","86859","89343",
"Medium","Busan","Male","65-69 years old","Population projection","","42552","46519","50183","53224","56311","59595","62501","66226","70128","71875","73082","72169","73677","75541","79645","83640","88451","91426","93363","95990","102767","109462","113779","118974","124093","125895","130619","129941","130255","125869","121032","115688","113459","110399","114049","115274","116561","118014","118424","116229","113737","109155","105145","102141","99851","101769","104544","107108","107404","105743","100109","94892","89341",
"Medium","Busan","Male","70-74 Years old","Population projection","","23361","24872","26732","28831","31126","34016","37102","40176","42972","46071","49068","52225","56329","61112","62512","64108","62658","64400","66341","70433","74252","78558","81406","83677","86137","92531","98826","103352","108437","113301","115431","120272","120018","120749","116990","112863","108284","106522","103957","107644","108986","110392","111921","112465","110557","108316","104083","100388","97639","95569","97518","100254","102793",
"Medium","Busan","Male","75-79 Years old","Population projection","","12432","13220","14031","14805","15799","16700","18062","19512","21160","23007","25546","28316","30741","33206","36302","39316","42476","46324","50531","51936","53630","52569","54418","56298","60093","63663","67472","70443","72763","75141","81132","86902","91230","96041","100668","103043","107821","107933","108978","105830","102437","98704","97405","95423","99059","100517","102049","103633","104304","102760","100817","97028","93740",
"Medium","Busan","Male","80 Years old & over","Population projection","","6490","7256","8036","8720","9555","10467","11212","12062","13115","14364","15482","16634","18058","19850","21954","24689","27833","31049","33954","37845","41878","46040","50496","55271","58557","62216","63724","68623","73590","78383","83278","86572","92067","97084","102023","110144","116670","123836","130974","137854","145539","153896","158684","164276","165962","168240","170931","172684","174672","178330","180659","183522","185746",
"Medium","Busan","Male","80-84 Years old","Population projection","","4725","5290","5861","6410","7037","7676","8065","8532","9186","9956","10662","11498","12606","13835","15249","17411","19677","21875","23826","26410","28940","31494","34412","37706","38798","40258","39480","41543","43557","46740","49789","52711","55372","57512","59694","64978","69809","73650","77832","81820","84284","88672","89037","90271","87811","85338","82786","82058","80879","84305","85803","87391","88927",
"Medium","Busan","Male","85-89 year old","Population projection","","1404","1583","1774","1891","2050","2256","2552","2864","3155","3556","3858","4083","4227","4566","5151","5579","6324","7167","7894","8842","10103","11457","12702","13929","15619","17234","18858","20904","23157","23827","24789","24246","25894","27543","29793","31954","33722","35740","37391","39057","43013","46348","49208","52240","55097","57260","60688","61104","62269","60614","59211","57989","57816",
"Medium","Busan","Male","90-94 Years old","Population projection","","315","339","358","375","418","478","526","586","689","753","844","929","1081","1284","1372","1459","1561","1674","1831","2176","2392","2643","2903","3138","3568","4109","4717","5411","6010","6807","7535","8275","9256","10309","10570","11024","10722","11711","12690","13833","14939","15658","16804","17733","18663","20887","22562","24140","25757","27272","28669","30648","30892",
"Medium","Busan","Male","95-99 Years old","Population projection","","45","42","40","41","46","53","64","75","81","93","109","113","131","150","166","223","253","318","381","379","403","393","412","435","519","567","624","715","808","940","1091","1258","1450","1610","1837","2038","2243","2532","2837","2886","3016","2902","3273","3625","3980","4324","4483","4898","5218","5536","6320","6826","7362",
"Medium","Busan","Male","100 Years old & over","Population projection","","1","2","3","3","4","4","5","5","4","6","9","11","13","15","16","17","18","15","22","38","40","53","67","63","53","48","45","50","58","69","74","82","95","110","129","150","174","203","224","258","287","316","362","407","411","431","412","484","549","603","656","668","749",
"Medium","Busan","Female","Total","Population projection","","1865668","1858197","1843471","1825344","1814887","1800898","1790052","1779295","1770109","1764486","1757094","1757211","1750823","1749164","1747787","1748921","1749023","1739248","1729603","1720739","1712634","1703407","1690017","1682160","1673805","1662498","1650906","1639479","1628262","1617174","1606177","1595195","1584109","1572842","1561271","1549313","1536887","1523996","1510485","1496244","1481316","1465783","1449722","1433230","1416311","1399007","1381374","1363438","1345192","1326664","1307872","1288827","1269544",
"Medium","Busan","Female","0-4 Years old","Population projection","","99330","95599","89024","82211","77396","71573","66255","63837","63104","61959","61546","63531","64405","64565","64663","65648","64639","62021","58315","54759","49659","44855","41036","37890","34868","32471","30738","29401","28883","29101","29919","30908","31752","32434","32962","33344","33608","33786","33801","33587","33193","32657","32011","31378","30853","30399","29980","29545","29055","28481","27799","27004","26106",
"Medium","Busan","Female","5-9 Years old","Population projection","","113582","111994","108586","104073","99586","95436","91047","85579","79629","75292","69634","64595","62140","62134","61238","61355","63379","64088","63717","63541","64384","63415","61298","58119","55019","50273","45221","41249","37960","35036","32659","30944","29643","29155","29381","30188","31155","31981","32649","33157","33522","33775","33942","33946","33724","33329","32794","32147","31513","30990","30534","30112","29675",
"Medium","Busan","Female","10-14 Years old","Population projection","","113931","111821","111499","111729","111780","111061","110022","106668","102526","98433","94832","90964","84940","79420","75242","70040","64898","62320","61735","60733","60553","62383","63368","63401","63373","64216","63116","61077","57946","54656","49931","44933","40993","37728","34843","32511","30826","29559","29102","29336","30135","31093","31908","32566","33068","33426","33672","33836","33836","33615","33225","32691","32048",
"Medium","Busan","Female","15-19 Years old","Population projection","","162548","148023","134184","123284","116280","112397","110227","110943","112224","112575","111986","110961","109348","107014","103434","99368","95637","90229","84060","79198","72209","66107","63713","62821","61432","61096","62881","63993","63904","63810","64605","63468","61391","58234","54915","50209","45250","41308","38063","35209","32898","31217","29963","29543","29778","30564","31498","32305","32952","33448","33800","34042","34201",
"Medium","Busan","Female","20-24 Years old","Population projection","","166366","167037","167104","165488","160056","149237","136263","124053","115066","110795","109552","109926","109965","111299","112644","114668","115056","113523","111678","108262","106041","103064","95847","91797","88556","82008","75786","72877","72164","71260","71311","73138","74134","73779","73596","74252","72747","70328","66749","62965","57795","52395","48128","44661","41629","39175","37378","36124","35744","36000","36837","37822","38670",
"Medium","Busan","Female","25-29 Years old","Population projection","","162581","156280","148665","142483","139842","140119","143866","145831","144595","140076","130234","121130","112159","105881","102123","101531","100840","102360","104266","105524","106637","107163","104910","102795","99474","97743","95273","90562","85594","81626","75786","70815","69014","69138","68507","68409","70090","70862","70330","70020","70405","68768","66343","62768","59145","54362","49518","45751","42680","40007","37852","36293","35280",
"Medium","Busan","Female","30-34 Years old","Population projection","","148902","151381","152121","150056","146219","140763","134178","128069","123170","120601","121723","125882","128831","128968","125704","118676","110730","102692","96489","93357","92731","93121","95366","97717","98896","99190","99347","97416","95296","92259","90572","87979","83289","78506","74882","69657","65319","63903","64171","63508","63387","64964","65541","64955","64677","65006","63404","61167","57874","54628","50297","45933","42542",
"Medium","Busan","Female","35-39 years old","Population projection","","162488","156826","150837","144594","143744","143192","143837","143784","142737","139370","134893","128860","123111","118910","116055","118071","121410","123899","123794","120580","113352","105666","98374","93147","90593","89996","89916","91928","93657","94755","95080","95322","93552","91609","88754","87159","84585","80022","75424","72002","67061","62967","61663","61935","61231","61118","62638","63125","62531","62273","62577","61012","58880",
"Medium","Busan","Female","40-44 years old","Population projection","","177491","177797","177647","175544","168622","159802","152036","146782","141530","142723","142695","144019","143994","142996","139724","135681","129287","123028","117715","114241","114963","117850","120795","121280","118726","111676","104224","97148","91906","89280","88616","88475","90375","92039","93138","93499","93796","92124","90289","87543","86010","83462","78976","74468","71127","66310","62322","61062","61336","60613","60497","61984","62426",
"Medium","Busan","Female","45-49 years old","Population projection","","140126","148793","154045","160895","168839","171770","174874","174647","173563","166745","158556","150045","145175","140594","143984","144219","144843","143636","141945","137598","133266","126507","120537","115660","112465","113632","116414","119453","119815","117169","110293","103070","96186","91042","88429","87747","87577","89420","91050","92161","92546","92882","91284","89532","86867","85382","82867","78452","74014","70734","66011","62104","60874",
"Medium","Busan","Female","50-54 years old","Population projection","","113340","116174","120181","122505","126153","134633","143188","149218","156140","163537","166884","171945","171429","170830","164082","156086","146452","142132","137727","140619","140642","140929","140207","138808","134820","130590","124331","118628","113879","110718","111893","114603","117564","117923","115351","108642","101637","94945","89903","87328","86651","86474","88276","89881","91004","91414","91785","90254","88577","85985","84554","82077","77738",
"Medium","Busan","Female","55-59 Years old","Population projection","","89028","89831","91823","95600","100550","106143","111104","114905","117103","119860","128332","137145","142800","148846","156233","159664","165770","165025","164164","157451","149960","140531","136704","133248","136728","136854","137570","137083","135743","131899","127893","121879","116416","111848","108793","109970","112603","115494","115854","113355","106816","100026","93509","88578","86037","85375","85199","86969","88553","89689","90126","90534","89066",
"Medium","Busan","Female","60-64 Years old","Population projection","","73926","77029","80790","83472","84602","84546","83962","85424","88601","93163","98391","103844","107680","110572","113069","120946","130331","135784","141379","148590","152499","158472","157946","157882","151898","144909","136179","132999","129816","133383","133710","134589","134293","133170","129547","125723","119919","114657","110235","107262","108424","110987","113830","114208","111797","105420","98809","92439","87586","85064","84406","84229","85967",
"Medium","Busan","Female","65-69 years old","Population projection","","55517","58899","61136","63391","65887","68502","71246","75009","78759","80070","80439","78571","79889","82333","87203","92223","98352","101949","105220","107632","115435","124319","129801","135458","142805","146540","152878","152874","153113","147355","140937","132796","130026","127191","130960","131464","132476","132336","131386","127943","124257","118616","113499","109177","106264","107412","109935","112755","113161","110820","104559","98072","91793",
"Medium","Busan","Female","70-74 Years old","Population projection","","40102","41668","43926","45280","46974","49722","52371","54660","57143","60133","62791","65662","69622","74020","74996","76131","73065","74756","77302","82283","87155","93020","96723","100235","102650","110254","118885","124437","130011","137135","140980","147411","147652","148161","142814","136888","129287","126842","124305","128183","128824","129942","129928","129126","125855","122307","116834","111863","107667","104841","106002","108501","111300",
"Medium","Busan","Female","75-79 Years old","Population projection","","26216","27254","28544","29862","31554","33021","34972","36992","38628","40412","42916","45689","47925","50352","53613","56420","59790","63359","67415","68433","69639","66960","68835","71334","76351","80980","86486","90101","93479","95751","103154","111387","116764","122215","129099","133023","139446","139864","140559","135616","130261","123378","121322","119184","123132","123908","125126","125228","124578","121561","118227","113038","108321",
"Medium","Busan","Female","80 Years old & over","Population projection","","20194","21791","23359","24877","26803","28981","30604","32894","35591","38742","41690","44442","47410","50430","53780","58194","64544","68447","72682","77938","83509","89045","94557","100568","105151","110070","111661","118253","125096","131981","138838","143478","151065","158670","165300","176628","186566","196565","206615","217069","229131","242180","249599","257324","260123","264100","267615","270416","273535","277915","280569","283379","284657",
"Medium","Busan","Female","80-84 Years old","Population projection","","12684","13817","14874","16091","17621","19012","19729","21049","22506","24400","26077","27530","29161","30343","31688","34237","37685","39703","42020","45032","47522","50178","53548","57243","58198","59398","57209","59198","61594","65990","70134","74734","78068","81255","83458","90402","97776","102703","107721","113946","117823","123977","124491","125330","120966","116509","110843","109367","107863","111756","112671","113996","114239",
"Medium","Busan","Female","85-89 year old","Population projection","","5442","5891","6339","6556","6804","7284","7975","8678","9706","10748","11670","12430","13318","14395","16043","17405","19075","20347","21279","22481","24554","26709","28081","29668","32103","34124","36240","39159","42129","42713","43585","41784","43680","45861","49353","52617","55784","58554","61236","63110","68968","74727","78743","82831","87763","91289","96598","97048","97905","94460","91401","87632","86923",
"Medium","Busan","Female","90-94 Years old","Population projection","","1691","1711","1766","1822","1935","2208","2414","2641","2809","2944","3210","3659","4012","4737","5069","5422","6419","6832","7525","8454","9274","9775","10396","10843","11708","13151","14567","15786","16888","18335","19556","20813","22591","24348","24618","25115","23901","25362","26940","29128","31164","32764","34684","36525","37828","41852","45405","48059","50735","53869","56570","60326","60618",
"Medium","Busan","Female","95-99 Years old","Population projection","","324","315","322","351","383","407","410","441","479","551","631","727","819","844","857","991","1209","1393","1677","1757","1901","2090","2232","2481","2817","3053","3271","3686","3983","4370","4943","5479","5964","6371","6943","7440","7938","8670","9359","9394","9567","8988","9781","10583","11512","12352","12808","13731","14594","15187","17096","18555","19727",
"Medium","Busan","Female","100 Years old & over","Population projection","","53","57","58","57","60","70","76","85","91","99","102","96","100","111","123","139","156","172","181","214","258","293","300","333","325","344","374","424","502","573","620","668","762","835","928","1054","1167","1276","1359","1491","1609","1724","1900","2055","2054","2098","1961","2211","2438","2643","2831","2870","3150",
"Medium","Daegu","Total","Total","Population projection","","2528863","2535374","2530953","2531930","2533260","2509168","2490045","2483535","2480984","2481714","2479781","2483116","2480493","2475657","2474900","2468755","2461272","2457769","2448800","2436776","2414262","2395774","2371593","2359734","2353742","2334535","2315299","2296541","2278256","2260413","2242904","2225610","2208456","2191357","2174224","2156888","2139329","2121505","2103222","2084333","2064892","2044944","2024535","2003699","1982466","1960844","1938809","1916286","1893290","1869747","1845674","1821011","1795789",
"Medium","Daegu","Total","0-4 Years old","Population projection","","167761","161669","150986","141828","134147","123259","112556","108012","106180","104252","104040","104791","105434","103814","102937","102475","100390","97005","91676","86194","78427","70036","63845","59111","55616","51722","49198","47499","47031","47554","48857","50435","51762","52806","53574","54089","54395","54554","54449","53987","53249","52304","51188","50095","49187","48401","47674","46937","46128","45192","44105","42850","41442",
"Medium","Daegu","Total","5-9 Years old","Population projection","","186419","186697","184112","179343","173736","166501","159217","149701","140695","133216","123499","113949","109582","108298","105679","104273","105485","106234","104667","103644","103360","101251","97670","93210","88715","81889","73989","67446","61960","57380","53413","50830","49097","48612","49118","50417","51994","53320","54364","55133","55648","55956","56107","55991","55514","54761","53790","52651","51532","50593","49784","49033","48269",
"Medium","Daegu","Total","10-14 Years old","Population projection","","174309","175292","178614","183407","187464","188828","188430","184969","180026","174308","169191","162928","153181","143352","135556","124921","114961","110563","108857","105648","104048","104996","105373","104416","104279","104626","102798","99284","94337","88977","82056","74106","67557","62090","57531","53590","51037","49323","48851","49357","50650","52220","53537","54580","55342","55848","56148","56293","56178","55701","54943","53969","52829",
"Medium","Daegu","Total","15-19 Years old","Population projection","","219021","204496","190449","179476","173996","172594","172188","175698","180274","183217","184416","185989","183391","179446","173265","168132","160729","151239","141260","134188","124553","113875","109024","107777","104685","103219","104316","104719","103478","102978","103269","101380","97832","92895","87557","80713","72913","66551","61267","56866","53065","50613","48972","48567","49080","50353","51881","53159","54168","54901","55390","55684","55828",
"Medium","Daegu","Total","20-24 Years old","Population projection","","224365","225510","226689","227212","221706","207536","192295","178175","167977","164205","164561","165825","169673","173789","177379","178995","179020","175672","173403","169614","165554","161482","150197","141173","135035","124858","115786","111722","110150","107197","106278","107577","108102","107004","106587","106743","104683","101099","96138","90787","84014","76425","70401","65451","61289","57721","55452","53932","53627","54157","55436","56937","58185",
"Medium","Daegu","Total","25-29 Years old","Population projection","","238009","228742","217040","207892","202299","197417","199189","200475","199430","193421","181350","170600","159544","150462","147047","147288","147546","153109","159294","162009","161491","163293","158927","155032","150170","146727","141999","134453","126940","121369","112324","104840","101878","101087","98807","98312","99782","100358","99340","98914","98927","96887","93472","88779","83913","77822","71114","65987","61737","58166","55126","53207","51931",
"Medium","Daegu","Total","30-34 Years old","Population projection","","225032","228408","229863","229040","225029","215867","205406","196100","187131","181297","180492","182387","184214","183382","179118","168261","158054","148935","141646","138699","137945","137448","141311","146623","150660","150738","151140","147849","144349","139432","136711","132393","125523","118678","113566","105240","98532","95978","95399","93381","93131","94633","95159","94177","93806","93822","91824","88571","84194","79740","74073","67857","63149",
"Medium","Daegu","Total","35-39 years old","Population projection","","230602","227318","223972","220948","222669","221026","222033","222536","221950","217788","212116","203831","194923","185758","178959","177830","179138","180457","180752","176161","164322","153772","144106","137347","135915","136872","136892","140300","143838","145895","146228","146974","144077","140954","136435","133958","129776","123159","116517","111525","103447","96989","94528","94021","92125","91962","93474","93986","93025","92659","92657","90683","87476",
"Medium","Daegu","Total","40-44 years old","Population projection","","222393","228256","233341","237287","235244","229836","222582","219931","217127","221553","222920","225514","225772","224408","219557","212969","203146","194424","184798","176860","174340","175320","176356","176671","173787","164088","154735","145402","137757","134765","135505","135354","138646","142124","144249","144743","145687","143006","140069","135739","133380","129258","122768","116205","111243","103272","96912","94469","94004","92177","92050","93567","94094",
"Medium","Daegu","Total","45-49 years old","Population projection","","166299","177701","186005","195858","207270","213480","221014","226333","231247","228998","225204","219477","216948","214163","220755","222682","224270","224685","222040","215646","207599","197316","188334","179763","173035","171979","173858","175556","175733","171883","162458","153364","144209","136701","133756","134396","134178","137437","140906","143085","143696","144765","142230","139432","135240","132975","128923","122532","116033","111093","103215","96954","94549",
"Medium","Daegu","Total","50-54 years old","Population projection","","132119","135693","140467","144620","148873","157311","166796","175202","184018","195454","203562","214627","219537","225436","223228","218895","212006","210507","207867","213538","214086","215274","215055","213627","208688","201915","192417","184063","175523","168637","167942","170019","171913","172276","168599","159479","150703","141799","134497","131659","132256","132020","135260","138693","140905","141608","142770","140367","137712","133661","131496","127523","121261",
"Medium","Daegu","Total","55-59 Years old","Population projection","","104867","105654","107274","110797","116277","122667","127750","132681","136637","139734","148779","159780","166824","173472","184299","193175","205143","210330","215924","212649","208008","200876","198995","197292","203894","205131","206683","206888","205248","200052","193788","184864","177041","169039","162674","162318","164547","166574","167081","163566","154794","146408","137846","130848","128170","128758","128528","131746","135124","137342","138105","139330","137049",
"Medium","Daegu","Total","60-64 Years old","Population projection","","89583","92512","95846","98543","99313","98335","96617","97505","100115","105686","112268","119045","124683","129366","132064","140607","151371","157633","163049","173840","182370","192990","196628","202782","200761","196669","190457","189040","187090","192986","194286","195951","196338","195006","190275","184516","176189","168922","161474","155628","155575","157908","160041","160661","157335","148970","141027","132856","126193","123693","124279","124064","127252",
"Medium","Daegu","Total","65-69 years old","Population projection","","63988","68467","71765","75429","78659","80963","83646","87651","91328","92324","92107","89573","90213","92019","97237","102987","110640","116938","121924","123615","131943","141868","147210","152476","163268","171486","181872","185947","191742","189029","185372","179685","178607","176958","182837","184219","186010","186592","185574","181287","175996","168232","161485","154542","149150","149328","151723","153934","154674","151564","143611","136075","128251",
"Medium","Daegu","Total","70-74 Years old","Population projection","","39958","42396","45359","48154","51426","55517","58877","61991","65699","69448","72188","75074","79682","84644","86252","86258","81780","82776","84232","89461","95206","102341","107797","112580","114550","122638","132211","137717","142976","152905","160872","170927","174910","180544","178078","174854","169707","168946","167616","173454","174956","176894","177667","176939","173082","168222","160989","154708","148233","143262","143633","146083","148380",
"Medium","Daegu","Total","75-79 Years old","Population projection","","25205","26260","27493","29044","30517","31901","34064","36916","39240","42214","45917","49944","53399","56599","60150","62761","65657","70314","75356","76870","76799","72974","73864","75665","80916","86230","92648","98047","102643","104401","112191","121147","126501","131645","141057","148743","158374","162239","167625","165423","162687","158201","157769","156853","162592","164243","166312","167253","166806","163434","159045","152405","146644",
"Medium","Daegu","Total","80 Years old & over","Population projection","","18933","20303","21678","23052","24635","26130","27385","29659","31910","34599","37171","39782","43493","47249","51418","56246","61936","66948","72055","78140","84211","90662","96901","104189","109768","113748","114300","120609","127461","134973","141354","145764","154463","162938","169524","180558","190822","201648","212055","224542","239421","255231","266105","277865","284493","292778","300268","306905","313922","322412","328726","334790","339200",
"Medium","Daegu","Total","80-84 Years old","Population projection","","12438","13297","14083","15069","16346","17308","17973","19298","20635","22250","23643","25370","27715","29965","32560","36043","39793","42477","45154","48345","50982","53599","57254","61563","63166","63240","59980","61434","63400","68009","72624","77838","82675","86877","88667","95799","103628","108576","113334","121689","128823","137623","141134","145956","144043","141996","138574","138561","138261","143686","145455","147593","148647",
"Medium","Daegu","Total","85-89 year old","Population projection","","4807","5271","5763","6106","6298","6623","7041","7717","8443","9284","10101","10734","11619","12589","13790","14746","16211","17923","19704","21712","24427","27210","28908","30802","33306","35357","37281","40389","43649","44691","44656","42133","43652","45581","49273","52732","56227","60074","63461","65032","70815","76749","80808","84678","91175","97105","104222","106944","110687","109147","107993","105969","106373",
"Medium","Daegu","Total","90-94 Years old","Population projection","","1396","1463","1535","1549","1630","1809","1964","2205","2381","2558","2820","3018","3438","3927","4240","4518","4877","5358","5835","6663","7283","8149","8902","9749","10942","12533","14111","15387","16586","17946","19124","20222","22018","23870","24375","24249","22658","23905","25384","27704","29673","31345","33805","35978","37038","40752","44235","46857","49295","53244","57195","61754","63296",
"Medium","Daegu","Total","95-99 Years old","Population projection","","254","238","259","283","313","338","353","381","384","431","528","585","643","686","740","840","940","1061","1232","1278","1352","1498","1595","1831","2122","2374","2658","3088","3454","3898","4472","5037","5493","5908","6410","6860","7275","7962","8659","8789","8678","7986","8673","9416","10383","11094","11558","12646","13576","14024","15642","16992","18108",
"Medium","Daegu","Total","100 Years old & over","Population projection","","38","34","38","45","48","52","54","58","67","76","79","75","78","82","88","99","115","129","130","142","167","206","242","244","232","244","270","311","372","429","478","534","625","702","799","918","1034","1131","1217","1328","1432","1528","1685","1837","1854","1831","1679","1897","2103","2311","2441","2482","2776",
"Medium","Daegu","Male","Total","Population projection","","1275668","1278630","1276142","1276725","1275882","1262644","1251746","1246651","1243091","1240959","1237614","1238666","1236441","1232859","1232587","1230092","1223929","1220800","1215439","1207640","1192479","1181660","1168336","1161280","1156829","1146074","1135429","1125131","1115183","1105540","1096142","1086934","1077873","1068909","1059999","1051041","1042033","1032952","1023678","1014126","1004348","994356","984161","973791","963278","952653","941896","930979","919917","908643","897157","885445","873529",
"Medium","Daegu","Male","0-4 Years old","Population projection","","90121","86401","80613","75567","71262","65220","59463","56781","55525","54356","54228","54413","54634","53656","52947","52568","51275","49550","46792","44093","40183","35941","32782","30423","28573","26495","25210","24312","24090","24370","25033","25843","26523","27058","27452","27716","27871","27953","27903","27667","27288","26802","26229","25668","25204","24802","24429","24051","23636","23155","22599","21957","21236",
"Medium","Daegu","Male","5-9 Years old","Population projection","","103208","102907","100804","97437","93734","89461","85111","79808","74882","70627","65151","60033","57438","56464","54917","54090","54537","54796","53968","53206","52913","51704","49896","47499","45401","42060","38031","34726","31949","29473","27366","26058","25140","24906","25174","25835","26645","27327","27864","28256","28521","28679","28756","28699","28454","28066","27566","26983","26409","25929","25513","25127","24735",
"Medium","Daegu","Male","10-14 Years old","Population projection","","97620","98149","99951","102399","104309","104612","103664","100939","97390","93652","90452","86697","81407","76191","71781","66043","60711","58029","56683","54898","53963","54310","54336","53769","53419","53385","52307","50536","47936","45408","42007","37954","34656","31893","29441","27362","26076","25174","24952","25220","25877","26683","27358","27892","28280","28539","28690","28765","28708","28465","28076","27579","26998",
"Medium","Daegu","Male","15-19 Years old","Population projection","","114917","108244","101682","97179","95603","95891","96128","97902","99957","101048","101220","101663","99444","96393","92444","89184","84786","79784","74790","70791","65377","59699","56893","56013","54243","53406","53733","53791","53090","52564","52527","51440","49657","47065","44556","41178","37196","34009","31334","28962","26976","25753","24891","24705","24973","25619","26404","27056","27573","27946","28198","28348","28422",
"Medium","Daegu","Male","20-24 Years old","Population projection","","112797","114119","115526","116280","113787","107490","100801","94844","91298","90494","91006","91749","94300","96711","98607","98993","98474","95611","93681","91110","88043","85312","79695","75124","71503","65852","61170","58818","57654","55959","55371","55838","55996","55374","54920","54867","53753","51960","49371","46859","43469","39583","36545","33994","31736","29891","28745","27928","27798","28073","28727","29511","30160",
"Medium","Daegu","Male","25-29 Years old","Population projection","","119689","115478","109688","105240","102358","100067","100398","100876","99892","96964","91509","87499","83245","80025","79661","80695","81004","84132","87428","88362","87353","87912","84616","82116","79451","77629","75161","71411","67528","64290","59356","55507","53739","53065","51785","51459","52063","52298","51751","51340","51282","50205","48484","46050","43763","40656","37226","34657","32450","30531","29000","28025","27336",
"Medium","Daegu","Male","30-34 Years old","Population projection","","113995","114725","114738","114315","112415","107955","103369","98976","94259","91136","90506","91272","91847","91401","89908","85722","81400","77698","75098","74331","74229","73986","76346","79187","80920","80694","80556","78306","76354","73943","72463","70182","66772","63247","60294","55783","52324","50787","50273","49147","48970","49622","49862","49341","48983","48961","47896","46240","43983","41877","38943","35774","33408",
"Medium","Daegu","Male","35-39 years old","Population projection","","114937","113742","112436","111304","111559","109952","109966","109897","109536","107369","104680","101038","96973","92597","89642","89368","89994","90429","90632","88632","83036","78401","74368","72181","72305","73259","73309","75352","77175","78091","78141","78335","76441","74743","72508","71120","68894","65592","62146","59264","54893","51552","50082","49630","48583","48456","49124","49372","48862","48516","48489","47426","45781",
"Medium","Daegu","Male","40-44 years old","Population projection","","111143","113976","116171","117737","116762","114152","110689","109567","107992","109646","109804","110784","110686","109885","107735","104894","100226","96289","91884","88130","86599","87244","87591","87502","86519","82375","78532","74601","71781","70930","71766","71746","73751","75586","76603","76803","77177","75471","73899","71750","70408","68210","64970","61572","58726","54436","51156","49710","49299","48297","48194","48869","49131",
"Medium","Daegu","Male","45-49 years old","Population projection","","82848","88260","92887","97990","103406","106348","109791","112165","114425","113227","111431","108832","107427","105602","108539","109491","110145","110279","108857","105742","101639","96747","92670","88661","85543","85033","86106","86759","86641","85181","81139","77378","73489","70684","69821","70596","70554","72559","74419","75509","75816","76301","74716","73234","71150","69852","67687","64500","61143","58327","54103","50884","49473",
"Medium","Daegu","Male","50-54 years old","Population projection","","65916","67625","69852","71742","73750","77397","82082","86545","91152","96854","100840","106032","108374","111127","110064","108223","104708","103726","101950","104503","104599","105054","104961","104179","101590","98426","93850","90085","86116","82934","82642","83841","84619","84634","83271","79357","75721","71923","69180","68338","69083","69043","71049","72906","74045","74433","74999","73520","72127","70112","68862","66740","63619",
"Medium","Daegu","Male","55-59 Years old","Population projection","","51007","51775","52783","54666","57322","60464","62779","65127","66801","68200","72337","77712","81431","85258","90745","94914","100484","103134","105640","103980","101604","98335","97103","95926","98875","99405","100035","100105","99279","96721","93848","89584","86095","82411","79518","79428","80721","81587","81706","80431","76672","73207","69555","66928","66142","66873","66846","68844","70691","71861","72308","72930","71544",
"Medium","Daegu","Male","60-64 Years old","Population projection","","41929","43377","44929","46294","46749","46506","46118","46551","47950","50764","54029","57315","60066","62089","63519","67415","72560","75882","79119","84424","88226","93262","94902","97654","96583","94649","91797","90850","89632","92308","92899","93622","93817","93194","90930","88351","84424","81238","77863","75270","75364","76720","77651","77851","76670","73105","69857","66405","63933","63219","63943","63933","65915",
"Medium","Daegu","Male","65-69 years old","Population projection","","27613","29884","31778","33760","35295","36387","37574","39469","41314","41870","41951","41161","41523","42612","45294","48511","51824","54859","57018","57886","61638","66303","69111","72079","77340","81023","85835","87747","90345","88951","87338","84858","84168","83170","85830","86487","87305","87628","87207","85230","82938","79349","76468","73392","71076","71311","72701","73680","73964","72902","69553","66520","63255",
"Medium","Daegu","Male","70-74 Years old","Population projection","","14806","15985","17361","18805","20529","22631","24330","25865","27663","29402","30674","31988","34248","36766","37544","37754","36167","36652","37522","40225","43256","46288","48764","50752","51689","55227","59625","62463","65465","70165","73692","78285","80144","82669","81490","80186","78083","77625","76856","79485","80223","81142","81587","81356","79663","77650","74401","71815","69036","66987","67343","68756","69783",
"Medium","Daegu","Male","75-79 Years old","Population projection","","8258","8728","9235","9929","10459","10941","11824","12982","14026","15465","17220","19061","20752","22142","23841","24963","26286","28651","31157","31727","31941","30818","31230","32154","34776","37460","40039","42509","44462","45313","48655","52665","55370","58218","62557","65902","70218","72017","74432","73471","72479","70779","70544","70041","72601","73429","74435","74989","74937","73546","71811","68927","66648",
"Medium","Daegu","Male","80 Years old & over","Population projection","","4864","5255","5708","6081","6583","7170","7659","8357","9029","9885","10576","11417","12646","13940","15399","17264","19348","21299","23220","25600","27880","30344","33072","36061","38099","39696","40133","42760","45686","48939","51899","53798","57496","60992","63849","68611","73008","77804","82522","87927","94089","100726","105414","110532","113229","116574","119734","122464","125368","128900","131495","134139","136085",
"Medium","Daegu","Male","80-84 Years old","Population projection","","3433","3732","4052","4341","4745","5149","5496","5953","6425","6901","7251","7809","8670","9581","10650","12280","13849","15025","16208","17599","18660","19877","21634","23667","24317","24579","23707","24415","25454","27704","29956","31939","34084","35814","36667","39647","43030","45469","48004","51712","54747","58578","60200","62346","61598","60966","59830","59841","59703","62077","62966","64010","64618",
"Medium","Daegu","Male","85-89 year old","Population projection","","1138","1217","1327","1408","1487","1596","1694","1914","2099","2407","2663","2883","3141","3399","3692","3857","4267","4885","5474","6268","7385","8428","9125","9752","10735","11525","12314","13704","15124","15546","15706","15094","15790","16738","18410","19994","21207","22810","24122","24838","27131","29542","31433","33358","36055","38445","41381","42609","44243","43721","43470","42957","43179",
"Medium","Daegu","Male","90-94 Years old","Population projection","","255","272","292","287","300","371","410","427","438","500","570","630","732","844","918","965","1054","1174","1291","1481","1558","1738","1996","2293","2655","3178","3653","4061","4420","4893","5290","5679","6395","7098","7269","7320","6981","7484","8123","9047","9858","10355","11267","12020","12451","13787","15058","16159","17246","18717","20139","21829","22478",
"Medium","Daegu","Male","95-99 Years old","Population projection","","37","32","34","40","45","46","49","53","57","68","85","89","97","108","130","151","167","198","233","230","256","276","291","323","364","382","426","541","642","744","893","1026","1147","1248","1392","1516","1637","1867","2084","2117","2119","1997","2220","2479","2794","3044","3153","3490","3759","3916","4413","4828","5226",
"Medium","Daegu","Male","100 Years old & over","Population projection","","1","2","3","5","6","8","10","10","10","9","7","6","6","8","9","11","11","17","14","22","21","25","26","26","28","32","33","39","46","52","54","60","80","94","111","134","153","174","189","213","234","254","294","329","331","332","312","365","417","469","507","515","584",
"Medium","Daegu","Female","Total","Population projection","","1253195","1256744","1254811","1255205","1257378","1246524","1238299","1236884","1237893","1240755","1242167","1244450","1244052","1242798","1242313","1238663","1237343","1236969","1233361","1229136","1221783","1214114","1203257","1198454","1196913","1188461","1179870","1171410","1163073","1154873","1146762","1138676","1130583","1122448","1114225","1105847","1097296","1088553","1079544","1070207","1060544","1050588","1040374","1029908","1019188","1008191","996913","985307","973373","961104","948517","935566","922260",
"Medium","Daegu","Female","0-4 Years old","Population projection","","77640","75268","70373","66261","62885","58039","53093","51231","50655","49896","49812","50378","50800","50158","49990","49907","49115","47455","44884","42101","38244","34095","31063","28688","27043","25227","23988","23187","22941","23184","23824","24592","25239","25748","26122","26373","26524","26601","26546","26320","25961","25502","24959","24427","23983","23599","23245","22886","22492","22037","21506","20893","20206",
"Medium","Daegu","Female","5-9 Years old","Population projection","","83211","83790","83308","81906","80002","77040","74106","69893","65813","62589","58348","53916","52144","51834","50762","50183","50948","51438","50699","50438","50447","49547","47774","45711","43314","39829","35958","32720","30011","27907","26047","24772","23957","23706","23944","24582","25349","25993","26500","26877","27127","27277","27351","27292","27060","26695","26224","25668","25123","24664","24271","23906","23534",
"Medium","Daegu","Female","10-14 Years old","Population projection","","76689","77143","78663","81008","83155","84216","84766","84030","82636","80656","78739","76231","71774","67161","63775","58878","54250","52534","52174","50750","50085","50686","51037","50647","50860","51241","50491","48748","46401","43569","40049","36152","32901","30197","28090","26228","24961","24149","23899","24137","24773","25537","26179","26688","27062","27309","27458","27528","27470","27236","26867","26390","25831",
"Medium","Daegu","Female","15-19 Years old","Population projection","","104104","96252","88767","82297","78393","76703","76060","77796","80317","82169","83196","84326","83947","83053","80821","78948","75943","71455","66470","63397","59176","54176","52131","51764","50442","49813","50583","50928","50388","50414","50742","49940","48175","45830","43001","39535","35717","32542","29933","27904","26089","24860","24081","23862","24107","24734","25477","26103","26595","26955","27192","27336","27406",
"Medium","Daegu","Female","20-24 Years old","Population projection","","111568","111391","111163","110932","107919","100046","91494","83331","76679","73711","73555","74076","75373","77078","78772","80002","80546","80061","79722","78504","77511","76170","70502","66049","63532","59006","54616","52904","52496","51238","50907","51739","52106","51630","51667","51876","50930","49139","46767","43928","40545","36842","33856","31457","29553","27830","26707","26004","25829","26084","26709","27426","28025",
"Medium","Daegu","Female","25-29 Years old","Population projection","","118320","113264","107352","102652","99941","97350","98791","99599","99538","96457","89841","83101","76299","70437","67386","66593","66542","68977","71866","73647","74138","75381","74311","72916","70719","69098","66838","63042","59412","57079","52968","49333","48139","48022","47022","46853","47719","48060","47589","47574","47645","46682","44988","42729","40150","37166","33888","31330","29287","27635","26126","25182","24595",
"Medium","Daegu","Female","30-34 Years old","Population projection","","111037","113683","115125","114725","112614","107912","102037","97124","92872","90161","89986","91115","92367","91981","89210","82539","76654","71237","66548","64368","63716","63462","64965","67436","69740","70044","70584","69543","67995","65489","64248","62211","58751","55431","53272","49457","46208","45191","45126","44234","44161","45011","45297","44836","44823","44861","43928","42331","40211","37863","35130","32083","29741",
"Medium","Daegu","Female","35-39 years old","Population projection","","115665","113576","111536","109644","111110","111074","112067","112639","112414","110419","107436","102793","97950","93161","89317","88462","89144","90028","90120","87529","81286","75371","69738","65166","63610","63613","63583","64948","66663","67804","68087","68639","67636","66211","63927","62838","60882","57567","54371","52261","48554","45437","44446","44391","43542","43506","44350","44614","44163","44143","44168","43257","41695",
"Medium","Daegu","Female","40-44 years old","Population projection","","111250","114280","117170","119550","118482","115684","111893","110364","109135","111907","113116","114730","115086","114523","111822","108075","102920","98135","92914","88730","87741","88076","88765","89169","87268","81713","76203","70801","65976","63835","63739","63608","64895","66538","67646","67940","68510","67535","66170","63989","62972","61048","57798","54633","52517","48836","45756","44759","44705","43880","43856","44698","44963",
"Medium","Daegu","Female","45-49 years old","Population projection","","83451","89441","93118","97868","103864","107132","111223","114168","116822","115771","113773","110645","109521","108561","112216","113191","114125","114406","113183","109904","105960","100569","95664","91102","87492","86946","87752","88797","89092","86702","81319","75986","70720","66017","63935","63800","63624","64878","66487","67576","67880","68464","67514","66198","64090","63123","61236","58032","54890","52766","49112","46070","45076",
"Medium","Daegu","Female","50-54 years old","Population projection","","66203","68068","70615","72878","75123","79914","84714","88657","92866","98600","102722","108595","111163","114309","113164","110672","107298","106781","105917","109035","109487","110220","110094","109448","107098","103489","98567","93978","89407","85703","85300","86178","87294","87642","85328","80122","74982","69876","65317","63321","63173","62977","64211","65787","66860","67175","67771","66847","65585","63549","62634","60783","57642",
"Medium","Daegu","Female","55-59 Years old","Population projection","","53860","53879","54491","56131","58955","62203","64971","67554","69836","71534","76442","82068","85393","88214","93554","98261","104659","107196","110284","108669","106404","102541","101892","101366","105019","105726","106648","106783","105969","103331","99940","95280","90946","86628","83156","82890","83826","84987","85375","83135","78122","73201","68291","63920","62028","61885","61682","62902","64433","65481","65797","66400","65505",
"Medium","Daegu","Female","60-64 Years old","Population projection","","47654","49135","50917","52249","52564","51829","50499","50954","52165","54922","58239","61730","64617","67277","68545","73192","78811","81751","83930","89416","94144","99728","101726","105128","104178","102020","98660","98190","97458","100678","101387","102329","102521","101812","99345","96165","91765","87684","83611","80358","80211","81188","82390","82810","80665","75865","71170","66451","62260","60474","60336","60131","61337",
"Medium","Daegu","Female","65-69 years old","Population projection","","36375","38583","39987","41669","43364","44576","46072","48182","50014","50454","50156","48412","48690","49407","51943","54476","58816","62079","64906","65729","70305","75565","78099","80397","85928","90463","96037","98200","101397","100078","98034","94827","94439","93788","97007","97732","98705","98964","98367","96057","93058","88883","85017","81150","78074","78017","79022","80254","80710","78662","74058","69555","64996",
"Medium","Daegu","Female","70-74 Years old","Population projection","","25152","26411","27998","29349","30897","32886","34547","36126","38036","40046","41514","43086","45434","47878","48708","48504","45613","46124","46710","49236","51950","56053","59033","61828","62861","67411","72586","75254","77511","82740","87180","92642","94766","97875","96588","94668","91624","91321","90760","93969","94733","95752","96080","95583","93419","90572","86588","82893","79197","76275","76290","77327","78597",
"Medium","Daegu","Female","75-79 Years old","Population projection","","16947","17532","18258","19115","20058","20960","22240","23934","25214","26749","28697","30883","32647","34457","36309","37798","39371","41663","44199","45143","44858","42156","42634","43511","46140","48770","52609","55538","58181","59088","63536","68482","71131","73427","78500","82841","88156","90222","93193","91952","90208","87422","87225","86812","89991","90814","91877","92264","91869","89888","87234","83478","79996",
"Medium","Daegu","Female","80 Years old & over","Population projection","","14069","15048","15970","16971","18052","18960","19726","21302","22881","24714","26595","28365","30847","33309","36019","38982","42588","45649","48835","52540","56331","60318","63829","68128","71669","74052","74167","77849","81775","86034","89455","91966","96967","101946","105675","111947","117814","123844","129533","136615","145332","154505","160691","167333","171264","176204","180534","184441","188554","193512","197231","200651","203115",
"Medium","Daegu","Female","80-84 Years old","Population projection","","9005","9565","10031","10728","11601","12159","12477","13345","14210","15349","16392","17561","19045","20384","21910","23763","25944","27452","28946","30746","32322","33722","35620","37896","38849","38661","36273","37019","37946","40305","42668","45899","48591","51063","52000","56152","60598","63107","65330","69977","74076","79045","80934","83610","82445","81030","78744","78720","78558","81609","82489","83583","84029",
"Medium","Daegu","Female","85-89 year old","Population projection","","3669","4054","4436","4698","4811","5027","5347","5803","6344","6877","7438","7851","8478","9190","10098","10889","11944","13038","14230","15444","17042","18782","19783","21050","22571","23832","24967","26685","28525","29145","28950","27039","27862","28843","30863","32738","35020","37264","39339","40194","43684","47207","49375","51320","55120","58660","62841","64335","66444","65426","64523","63012","63194",
"Medium","Daegu","Female","90-94 Years old","Population projection","","1141","1191","1243","1262","1330","1438","1554","1778","1943","2058","2250","2388","2706","3083","3322","3553","3823","4184","4544","5182","5725","6411","6906","7456","8287","9355","10458","11326","12166","13053","13834","14543","15623","16772","17106","16929","15677","16421","17261","18657","19815","20990","22538","23958","24587","26965","29177","30698","32049","34527","37056","39925","40818",
"Medium","Daegu","Female","95-99 Years old","Population projection","","217","206","225","243","268","292","304","328","327","363","443","496","546","578","610","689","773","863","999","1048","1096","1222","1304","1508","1758","1992","2232","2547","2812","3154","3579","4011","4346","4660","5018","5344","5638","6095","6575","6672","6559","5989","6453","6937","7589","8050","8405","9156","9817","10108","11229","12164","12882",
"Medium","Daegu","Female","100 Years old & over","Population projection","","37","32","35","40","42","44","44","48","57","67","72","69","72","74","79","88","104","112","116","120","146","181","216","218","204","212","237","272","326","377","424","474","545","608","688","784","881","957","1028","1115","1198","1274","1391","1508","1523","1499","1367","1532","1686","1842","1934","1967","2192",
"Medium","Incheon","Total","Total","Population projection","","2522462","2550919","2571760","2573467","2571244","2581406","2606698","2642899","2689010","2699716","2722990","2754739","2793754","2829608","2862241","2882868","2907366","2923859","2935848","2952200","2951065","2949742","2975225","3008826","3049340","3058301","3066605","3074837","3082831","3090460","3097645","3104210","3110109","3115272","3119560","3122875","3125191","3126471","3126404","3124722","3121546","3116811","3110571","3102865","3093693","3083039","3070837","3057041","3041614","3024573","3005872","2985545","2963616",
"Medium","Incheon","Total","0-4 Years old","Population projection","","188259","180973","170799","157853","146576","137165","129049","126727","129745","127821","128890","132366","135879","136368","136229","136335","133496","127659","120752","114576","104166","94707","89671","85735","82847","77893","74201","71629","70945","71894","74200","76920","79320","81364","83048","84390","85443","86266","86662","86452","85748","84643","83209","81752","80542","79515","78568","77613","76552","75303","73809","72049","70031",
"Medium","Incheon","Total","5-9 Years old","Population projection","","217231","214360","208039","197708","187978","181070","174596","165584","157513","149068","139519","131112","129629","131868","131634","132588","136188","136720","135148","133598","132995","130086","126307","121877","118028","110305","101941","95431","89888","84075","79064","75342","72802","72194","73229","75624","78434","80915","83034","84776","86169","87254","88092","88482","88245","87495","86344","84850","83338","82084","81015","80029","79040",
"Medium","Incheon","Total","10-14 Years old","Population projection","","184221","186794","192497","197560","202295","204909","203342","199341","193865","186669","181316","174901","166700","158251","151131","141412","133435","130406","131465","130564","131085","133844","135844","135844","136314","137210","134892","130501","124544","119184","111227","102690","96021","90346","84491","79481","75768","73260","72702","73761","76179","79008","81513","83656","85412","86814","87901","88743","89126","88872","88106","86934","85423",
"Medium","Incheon","Total","15-19 Years old","Population projection","","200034","192803","184284","176800","172665","173295","178141","184299","190493","194517","197456","199524","196115","190309","184490","179846","174264","166160","156301","149669","140167","132166","130742","133624","134159","134716","137828","139495","138687","138111","138904","136477","132023","125990","120500","112420","103819","97086","91346","85477","80526","76854","74405","73925","75033","77481","80328","82845","85000","86774","88183","89281","90123",
"Medium","Incheon","Total","20-24 Years old","Population projection","","187221","197275","207274","212409","209799","202201","193863","185886","180331","177044","176591","179202","186954","195309","200015","201101","201791","199102","193396","189346","186362","178643","169629","160796","156598","148437","141600","139541","140772","139822","140039","142966","144464","143478","142767","143379","140812","136318","130188","124562","116431","107872","101141","95361","89594","84860","81351","79141","78861","80018","82453","85237","87696",
"Medium","Incheon","Total","25-29 Years old","Population projection","","227863","222080","214920","208845","203110","203805","210805","220492","227295","224800","217440","208407","198610","192004","190242","191625","194079","202086","210764","216806","219100","218328","215759","211395","205823","199766","192992","184048","174881","168285","159306","151352","148301","148870","147387","147297","150069","151359","150164","149345","149782","147022","142383","136057","130158","121753","112965","105933","99928","94184","89563","86112","84002",
"Medium","Incheon","Total","30-34 Years old","Population projection","","248363","249410","251075","249359","243867","237617","230210","224103","221731","216634","219167","225995","235759","240624","240238","229591","219461","207906","199536","196142","195874","196877","207608","220194","229369","231464","232147","227825","222393","215882","211133","205190","196526","187066","179823","170016","161034","157207","157400","155600","155318","158037","159253","157958","157046","157347","154450","149596","142939","136623","127786","118562","111059",
"Medium","Incheon","Total","35-39 years old","Population projection","","270847","263317","255816","247498","245583","245134","248680","254381","259016","254290","250209","242735","236300","231032","227573","231063","238224","244861","246323","243258","230516","219392","210851","207339","210026","212600","215398","223184","230941","235980","238842","240486","237060","232371","226517","222174","216432","207629","197641","189757","179249","169448","165091","165119","163162","162764","165500","166732","165391","164401","164596","161570","156472",
"Medium","Incheon","Total","40-44 years old","Population projection","","238719","249305","258801","263312","261672","258942","254115","251115","248133","250628","251845","255761","259972","263354","260710","255943","247308","238909","231999","227258","229064","234576","243961","250111","252410","243675","235198","224909","217404","215604","217862","220458","228127","235982","241300","244547","246666","243657","239294","233714","229517","223836","214867","204489","196200","185262","174966","170334","170315","168284","167817","170580","171851",
"Medium","Incheon","Total","45-49 years old","Population projection","","149962","167955","182193","197631","213821","226571","241110","252520","261651","260988","259808","254800","252476","247756","255619","255988","260361","263510","265445","261229","255260","245386","238592","233706","231929","236681","244379","253130","257032","256409","247349","238568","228020","220327","218330","220403","222885","230466","238329","243773","247210","249586","246832","242691","237307","233231","227630","218592","208027","199567","188451","177936","173219",
"Medium","Incheon","Total","50-54 years old","Population projection","","111638","116080","121154","125421","131151","143256","160994","174560","192245","209163","223683","241545","252458","261919","262309","260549","253889","252254","247471","255901","254638","257874","262327","265990","264032","260120","251418","244001","238118","234043","238516","245929","254375","258073","257267","248080","239186","228552","220791","218682","220625","223006","230479","238290","243779","247342","249903","247360","243426","238238","234297","228805","219802",
"Medium","Incheon","Total","55-59 Years old","Population projection","","86711","88654","92168","96229","101532","106338","109537","115444","121786","128586","141885","158869","172878","189623","207897","222616","241279","250241","259583","259053","256636","249796","249249","245604","255204","255808","260780","265148","268305","264822","260920","252158","244655","238637","234386","238652","245859","254086","257651","256742","247503","238561","227901","220128","217949","219800","222127","229509","237275","242821","246496","249219","246859",
"Medium","Incheon","Total","60-64 Years old","Population projection","","73802","76503","79576","82036","82456","84112","85749","89559","93958","99469","105118","109672","114443","119860","127224","140794","157526","170616","186663","203800","217520","234910","244484","254742","255520","254193","248007","246945","242951","251509","252710","258132","262796","266121","262828","258980","250265","242801","236781","232471","236606","243649","251668","255139","254170","244960","236062","225476","217764","215566","217358","219642","226939",
"Medium","Incheon","Total","65-69 years old","Population projection","","56072","59556","62249","64853","67250","68753","70982","75421","79830","80724","82718","83526","87517","91445","97248","103919","108553","112554","117167","123697","136671","152211","164900","181225","198799","212943","230479","238855","247827","247266","246095","240313","239645","236258","245094","246754","252482","257344","260763","257674","253946","245382","238072","232151","227898","231979","238874","246731","250129","249127","240021","231253","220842",
"Medium","Incheon","Total","70-74 Years old","Population projection","","37418","39228","41853","44261","46443","49738","53220","56585","59520","62453","64694","67106","72037","76847","78610","81002","80988","84579","87822","93116","99291","103302","107282","112191","118847","131762","147004","159076","174260","190063","203568","220300","228231","236834","236339","235421","230160","229846","227068","236020","238062","243988","248945","252434","249640","246131","237918","230932","225274","221228","225307","232088","239789",
"Medium","Incheon","Total","75-79 Years old","Population projection","","25213","26196","26935","27813","29261","30861","32749","35292","37701","39702","42670","46313","49551","52866","56678","59183","61878","66710","71153","72884","74662","74401","77909","81326","86488","92498","96319","100192","104767","110860","123108","137247","148559","162694","177374","190147","205872","213297","221468","221081","220537","216020","216078","214043","222945","225355","231383","236341","239855","237472","234300","226665","220203",
"Medium","Incheon","Total","80 Years old & over","Population projection","","18888","20430","22127","23879","25785","27639","29556","31590","34197","37160","39981","42905","46476","50173","54394","59313","64646","69586","74860","81303","87058","93243","100110","107127","112947","118230","122022","130927","139116","146651","154802","159682","169184","178667","188880","205110","220005","236382","255122","274835","298138","322645","340642","361190","374613","390950","404567","416313","428414","444011","456314","469583","480266",
"Medium","Incheon","Total","80-84 Years old","Population projection","","12551","13454","14442","15665","17027","18229","18943","19760","21020","22553","24077","25746","27965","30143","32185","35052","38499","41367","44060","47567","49911","52428","56781","60794","62318","63909","63767","67215","70336","74679","79902","83070","86801","91063","96576","107655","119964","130016","142443","155302","166910","180973","187516","194909","194621","194582","191153","191583","190520","198999","201746","207666","212412",
"Medium","Incheon","Total","85-89 year old","Population projection","","4704","5257","5808","6250","6652","7059","7957","8769","9678","10774","11681","12362","13105","13846","15472","16904","18256","19667","21436","23082","25409","28069","29820","31741","34667","36620","38683","42346","45554","46566","47689","47481","50386","53027","56407","60397","62578","65846","69422","73882","82890","92288","100219","109893","119819","129296","140466","145427","151313","150977","151438","149436","150157",
"Medium","Incheon","Total","90-94 Years old","Population projection","","1353","1442","1566","1619","1730","1929","2191","2533","2936","3219","3510","3982","4460","5112","5551","5942","6305","6772","7269","8446","9340","10129","10758","11643","12641","14054","15614","16974","18340","20026","21196","22452","24687","26638","27198","27771","27537","29547","31376","33457","35860","36942","39265","41696","44595","50499","56118","61064","66986","72990","79235","86329","89164",
"Medium","Incheon","Total","95-99 Years old","Population projection","","244","239","263","291","323","365","406","463","489","529","620","717","834","949","1053","1262","1408","1589","1868","1952","2122","2263","2370","2539","2941","3245","3543","3921","4351","4763","5330","5937","6480","7012","7674","8132","8638","9565","10355","10519","10694","10538","11514","12383","13244","14206","14508","15628","16739","18000","20640","22874","24924",
"Medium","Incheon","Total","100 Years old & over","Population projection","","36","38","48","54","53","57","59","65","74","85","93","98","112","123","133","153","178","191","227","256","276","354","381","410","380","402","415","471","535","617","685","742","830","927","1025","1155","1288","1408","1526","1675","1784","1904","2128","2309","2334","2367","2322","2611","2856","3045","3255","3278","3609",
"Medium","Incheon","Male","Total","Population projection","","1277321","1292221","1303385","1305026","1303733","1307179","1321114","1340310","1364073","1368504","1379554","1394025","1411329","1427323","1442354","1451459","1463157","1470977","1476018","1484864","1480370","1478830","1491604","1509407","1528908","1532741","1536240","1539702","1543049","1546201","1549086","1551615","1553780","1555541","1556824","1557599","1557863","1557592","1556615","1554796","1552228","1548883","1544804","1540033","1534580","1528454","1521641","1514127","1505901","1496967","1487318","1476962","1465928",
"Medium","Incheon","Male","0-4 Years old","Population projection","","98570","94412","89028","82176","75908","70887","66697","65345","66934","66001","66610","68215","69866","70088","70019","69984","68455","65298","61897","58799","53476","48863","46151","43940","42391","39770","37790","36507","36194","36628","37808","39192","40417","41457","42314","42998","43534","43952","44155","44047","43688","43125","42395","41651","41033","40509","40025","39538","38998","38361","37598","36700","35670",
"Medium","Incheon","Male","5-9 Years old","Population projection","","114354","112852","109494","103753","98682","94573","91075","86223","82000","77441","72231","67743","66883","67947","67721","68011","69960","70097","69465","68597","68199","66651","64628","62513","60536","56641","52498","49092","46020","43018","40367","38383","37116","36833","37318","38549","39982","41249","42331","43219","43931","44486","44914","45112","44994","44611","44024","43263","42489","41845","41300","40795","40290",
"Medium","Incheon","Male","10-14 Years old","Population projection","","95665","97389","100408","103170","105811","107530","106641","104783","101781","97852","94648","91026","86629","82155","78150","73011","68769","67198","67589","67150","67330","68750","69739","69770","69994","70362","69029","66678","63790","61064","57052","52812","49325","46208","43195","40549","38576","37330","37072","37570","38818","40264","41544","42642","43539","44258","44812","45243","45439","45312","44922","44327","43557",
"Medium","Incheon","Male","15-19 Years old","Population projection","","103145","99652","95591","91937","89842","90089","92759","95869","99522","102008","103785","104904","103357","100193","96728","93327","90249","85950","80625","77193","72115","68009","67297","68786","68925","69048","70626","71428","71039","70733","71048","69672","67304","64377","61586","57523","53249","49720","46581","43577","40960","39023","37812","37588","38109","39375","40832","42123","43229","44138","44861","45423","45856",
"Medium","Incheon","Male","20-24 Years old","Population projection","","95861","100865","106095","109047","108139","104975","101640","97792","94521","92320","92221","93798","97832","102299","104918","106460","106923","105527","101809","99811","96861","92838","88287","84387","82083","77925","74237","72996","73544","72944","72966","74455","75175","74702","74299","74495","73040","70662","67664","64741","60586","56256","52676","49524","46568","44036","42175","41066","40929","41501","42792","44235","45514",
"Medium","Incheon","Male","25-29 Years old","Population projection","","114838","113197","110435","107987","105798","105591","109315","114829","118802","117463","113548","108635","103168","99783","99262","99917","101485","106000","110969","114721","115881","115224","113802","111103","107627","104216","100686","96206","91695","88336","83667","79404","77705","77911","77030","76919","78322","78909","78291","77802","77932","76409","73996","70905","67872","63629","59201","55505","52315","49405","46956","45174","44132",
"Medium","Incheon","Male","30-34 Years old","Population projection","","124201","125037","126374","126611","124396","122005","119066","116839","116117","113790","114978","118386","122970","125199","124863","119633","114543","108764","104863","103472","103290","103780","109608","117166","121794","123105","123362","120978","117454","113667","110845","107596","103126","98352","94548","89362","84554","82471","82487","81459","81256","82612","83144","82459","81909","81972","80384","77870","74581","71321","66859","62188","58258",
"Medium","Incheon","Male","35-39 years old","Population projection","","138556","134514","130511","126218","124382","123740","125793","129178","132433","130659","129394","125907","122691","119891","118269","120162","123732","127309","128153","126595","119868","114238","110092","108708","110823","112240","113858","118146","122735","125450","127239","128042","126116","122946","119481","116799","113566","108954","103855","99655","94055","88818","86454","86378","85273","85004","86358","86894","86177","85578","85587","83935","81296",
"Medium","Incheon","Male","40-44 years old","Population projection","","125201","129806","133759","135242","134136","132065","129231","127674","125772","126390","126901","129009","131329","133590","133088","131091","126963","122801","119566","117285","118223","121133","126214","129837","131099","126844","122724","117629","113926","113564","114845","116428","120702","125395","128320","130358","131432","129714","126694","123363","120716","117469","112731","107378","102911","97048","91541","89031","88931","87789","87481","88840","89396",
"Medium","Incheon","Male","45-49 years old","Population projection","","78680","87592","95079","102898","110849","117066","124305","129627","133811","133171","132116","129126","127486","124003","127097","127358","129649","131724","133482","132313","129442","124927","121667","119472","118996","121821","125966","130573","132795","132481","128072","123785","118545","114764","114292","115498","117064","121312","126023","129045","131200","132418","130830","127930","124714","122121","118905","114125","108665","104097","98142","92536","89991",
"Medium","Incheon","Male","50-54 years old","Population projection","","58517","60739","63186","65338","68170","73961","82846","89804","98707","107184","114623","123394","128484","133030","132909","131465","127652","126347","122720","126295","125744","127630","130436","132941","132808","131142","127224","123612","120916","119179","121808","125769","130192","132278","131881","127444","123120","117866","114093","113570","114727","116274","120467","125145","128198","130423","131738","130265","127490","124399","121885","118733","113986",
"Medium","Incheon","Male","55-59 Years old","Population projection","","43277","44783","46897","49286","52126","54560","56216","59340","62521","65853","72343","80637","87658","95946","105142","112550","121944","126176","130653","130184","128225","124386","123711","120773","124895","125558","128254","131061","133350","132342","130654","126690","123029","120274","118443","120931","124760","129059","131067","130648","126240","121926","116696","112964","112416","113545","115095","119245","123890","126982","129270","130672","129306",
"Medium","Incheon","Male","60-64 Years old","Population projection","","34334","35890","37522","38976","39641","40891","42112","44185","46695","49783","52752","55109","57538","60245","63792","70135","78396","84852","92865","101661","108468","116982","121419","126374","126363","125225","121893","121060","118214","121958","122938","125832","128744","131072","130139","128479","124561","120950","118236","116403","118813","122547","126732","128687","128269","123942","119705","114577","110936","110403","111532","113087","117193",
"Medium","Incheon","Male","65-69 years old","Population projection","","23649","25442","27070","28538","29801","30602","31923","34196","36587","37412","38857","39714","41938","44212","47191","50709","53003","55256","57440","60491","66443","74013","80064","87940","96807","103760","112217","116109","120505","119978","119097","116177","115663","113240","117143","118358","121379","124354","126693","125871","124297","120502","117023","114420","112661","115039","118691","122784","124697","124298","120098","115996","111035",
"Medium","Incheon","Male","70-74 Years old","Population projection","","13908","14724","15815","16961","18198","19748","21366","23056","24533","26099","27367","28776","31360","33848","35188","36677","37017","38957","41004","43756","46983","48912","51050","53335","56390","62268","69490","75181","82525","90350","96890","104840","108510","112738","112352","111736","109253","109013","107020","110991","112418","115521","118521","120872","120216","118791","115237","111988","109577","107964","110331","113916","117918",
"Medium","Incheon","Male","75-79 Years old","Population projection","","8898","9233","9466","9662","10032","10554","11253","12177","13231","14224","15616","17203","18753","20366","22200","23554","24972","27476","29701","30857","31989","32267","34200","36288","38765","41816","43614","45726","47836","50609","56082","62609","67836","74521","81611","87671","94987","98386","102391","102155","101857","99912","99937","98461","102406","104029","107166","110131","112456","112023","110809","107619","104718",
"Medium","Incheon","Male","80 Years old & over","Population projection","","5667","6094","6655","7226","7822","8342","8876","9393","10106","10854","11564","12443","13387","14528","15817","17415","19445","21245","23217","25684","27833","30227","33239","36074","38612","41000","42772","46720","50511","53900","57708","59929","64275","68473","72872","79930","86484","93691","101962","110680","120734","131321","138932","147917","153492","160122","165752","170479","175102","181551","186895","192786","197812",
"Medium","Incheon","Male","80-84 Years old","Population projection","","4099","4362","4695","5127","5539","5857","6051","6168","6468","6831","7210","7795","8525","9363","10142","11335","12925","14206","15503","17090","18217","19432","21559","23336","24406","25429","25697","27503","29312","31325","33864","35266","37200","39107","41523","46298","51737","56221","61881","67857","73176","79489","82406","85972","85878","85934","84679","84957","84114","87821","89567","92574","95338",
"Medium","Incheon","Male","85-89 year old","Population projection","","1247","1392","1577","1687","1836","1954","2240","2513","2834","3136","3334","3462","3558","3630","4000","4315","4684","5135","5652","6255","7179","8201","8898","9757","10847","11731","12668","14305","15660","16355","17026","17181","18586","19984","21436","23241","24111","25667","27178","29010","32663","36536","39866","44016","48344","52421","57150","59251","61997","61940","62258","61736","62157",
"Medium","Incheon","Male","90-94 Years old","Population projection","","280","307","338","357","381","448","488","606","693","765","879","1022","1117","1326","1425","1446","1482","1509","1570","1837","1965","2125","2279","2469","2787","3257","3777","4205","4727","5289","5740","6234","7092","7801","8135","8448","8502","9356","10189","10976","11943","12308","13279","14192","15250","17403","19476","21355","23658","26020","28420","31119","32200",
"Medium","Incheon","Male","95-99 Years old","Population projection","","38","30","41","49","58","75","90","99","103","109","125","147","168","188","227","295","317","360","455","448","423","403","429","433","502","523","575","646","742","850","995","1157","1293","1461","1639","1781","1944","2235","2473","2565","2655","2662","3002","3316","3587","3916","3999","4393","4744","5133","5956","6657","7328",
"Medium","Incheon","Male","100 Years old & over","Population projection","","3","3","4","6","8","8","7","7","8","13","16","17","19","21","23","24","37","35","37","54","49","66","74","79","70","60","55","61","70","81","83","91","104","120","139","162","190","212","241","272","297","326","379","421","433","448","448","523","589","637","694","700","789",
"Medium","Incheon","Female","Total","Population projection","","1245141","1258698","1268375","1268441","1267511","1274227","1285584","1302589","1324937","1331212","1343436","1360714","1382425","1402285","1419887","1431409","1444209","1452882","1459830","1467336","1470695","1470912","1483621","1499419","1520432","1525560","1530365","1535135","1539782","1544259","1548559","1552595","1556329","1559731","1562736","1565276","1567328","1568879","1569789","1569926","1569318","1567928","1565767","1562832","1559113","1554585","1549196","1542914","1535713","1527606","1518554","1508583","1497688",
"Medium","Incheon","Female","0-4 Years old","Population projection","","89689","86561","81771","75677","70668","66278","62352","61382","62811","61820","62280","64151","66013","66280","66210","66351","65041","62361","58855","55777","50690","45844","43520","41795","40456","38123","36411","35122","34751","35266","36392","37728","38903","39907","40734","41392","41909","42314","42507","42405","42060","41518","40814","40101","39509","39006","38543","38075","37554","36942","36211","35349","34361",
"Medium","Incheon","Female","5-9 Years old","Population projection","","102877","101508","98545","93955","89296","86497","83521","79361","75513","71627","67288","63369","62746","63921","63913","64577","66228","66623","65683","65001","64796","63435","61679","59364","57492","53664","49443","46339","43868","41057","38697","36959","35686","35361","35911","37075","38452","39666","40703","41557","42238","42768","43178","43370","43251","42884","42320","41587","40849","40239","39715","39234","38750",
"Medium","Incheon","Female","10-14 Years old","Population projection","","88556","89405","92089","94390","96484","97379","96701","94558","92084","88817","86668","83875","80071","76096","72981","68401","64666","63208","63876","63414","63755","65094","66105","66074","66320","66848","65863","63823","60754","58120","54175","49878","46696","44138","41296","38932","37192","35930","35630","36191","37361","38744","39969","41014","41873","42556","43089","43500","43687","43560","43184","42607","41866",
"Medium","Incheon","Female","15-19 Years old","Population projection","","96889","93151","88693","84863","82823","83206","85382","88430","90971","92509","93671","94620","92758","90116","87762","86519","84015","80210","75676","72476","68052","64157","63445","64838","65234","65668","67202","68067","67648","67378","67856","66805","64719","61613","58914","54897","50570","47366","44765","41900","39566","37831","36593","36337","36924","38106","39496","40722","41771","42636","43322","43858","44267",
"Medium","Incheon","Female","20-24 Years old","Population projection","","91360","96410","101179","103362","101660","97226","92223","88094","85810","84724","84370","85404","89122","93010","95097","94641","94868","93575","91587","89535","89501","85805","81342","76409","74515","70512","67363","66545","67228","66878","67073","68511","69289","68776","68468","68884","67772","65656","62524","59821","55845","51616","48465","45837","43026","40824","39176","38075","37932","38517","39661","41002","42182",
"Medium","Incheon","Female","25-29 Years old","Population projection","","113025","108883","104485","100858","97312","98214","101490","105663","108493","107337","103892","99772","95442","92221","90980","91708","92594","96086","99795","102085","103219","103104","101957","100292","98196","95550","92306","87842","83186","79949","75639","71948","70596","70959","70357","70378","71747","72450","71873","71543","71850","70613","68387","65152","62286","58124","53764","50428","47613","44779","42607","40938","39870",
"Medium","Incheon","Female","30-34 Years old","Population projection","","124162","124373","124701","122748","119471","115612","111144","107264","105614","102844","104189","107609","112789","115425","115375","109958","104918","99142","94673","92670","92584","93097","98000","103028","107575","108359","108785","106847","104939","102215","100288","97594","93400","88714","85275","80654","76480","74736","74913","74141","74062","75425","76109","75499","75137","75375","74066","71726","68358","65302","60927","56374","52801",
"Medium","Incheon","Female","35-39 years old","Population projection","","132291","128803","125305","121280","121201","121394","122887","125203","126583","123631","120815","116828","113609","111141","109304","110901","114492","117552","118170","116663","110648","105154","100759","98631","99203","100360","101540","105038","108206","110530","111603","112444","110944","109425","107036","105375","102866","98675","93786","90102","85194","80630","78637","78741","77889","77760","79142","79838","79214","78823","79009","77635","75176",
"Medium","Incheon","Female","40-44 years old","Population projection","","113518","119499","125042","128070","127536","126877","124884","123441","122361","124238","124944","126752","128643","129764","127622","124852","120345","116108","112433","109973","110841","113443","117747","120274","121311","116831","112474","107280","103478","102040","103017","104030","107425","110587","112980","114189","115234","113943","112600","110351","108801","106367","102136","97111","93289","88214","83425","81303","81384","80495","80336","81740","82455",
"Medium","Incheon","Female","45-49 years old","Population projection","","71282","80363","87114","94733","102972","109505","116805","122893","127840","127817","127692","125674","124990","123753","128522","128630","130712","131786","131963","128916","125818","120459","116925","114234","112933","114860","118413","122557","124237","123928","119277","114783","109475","105563","104038","104905","105821","109154","112306","114728","116010","117168","116002","114761","112593","111110","108725","104467","99362","95470","90309","85400","83228",
"Medium","Incheon","Female","50-54 years old","Population projection","","53121","55341","57968","60083","62981","69295","78148","84756","93538","101979","109060","118151","123974","128889","129400","129084","126237","125907","124751","129606","128894","130244","131891","133049","131224","128978","124194","120389","117202","114864","116708","120160","124183","125795","125386","120636","116066","110686","106698","105112","105898","106732","110012","113145","115581","116919","118165","117095","115936","113839","112412","110072","105816",
"Medium","Incheon","Female","55-59 Years old","Population projection","","43434","43871","45271","46943","49406","51778","53321","56104","59265","62733","69542","78232","85220","93677","102755","110066","119335","124065","128930","128869","128411","125410","125538","124831","130309","130250","132526","134087","134955","132480","130266","125468","121626","118363","115943","117721","121099","125027","126584","126094","121263","116635","111205","107164","105533","106255","107032","110264","113385","115839","117226","118547","117553",
"Medium","Incheon","Female","60-64 Years old","Population projection","","39468","40613","42054","43060","42815","43221","43637","45374","47263","49686","52366","54563","56905","59615","63432","70659","79130","85764","93798","102139","109052","117928","123065","128368","129157","128968","126114","125885","124737","129551","129772","132300","134052","135049","132689","130501","125704","121851","118545","116068","117793","121102","124936","126452","125901","121018","116357","110899","106828","105163","105826","106555","109746",
"Medium","Incheon","Female","65-69 years old","Population projection","","32423","34114","35179","36315","37449","38151","39059","41225","43243","43312","43861","43812","45579","47233","50057","53210","55550","57298","59727","63206","70228","78198","84836","93285","101992","109183","118262","122746","127322","127288","126998","124136","123982","123018","127951","128396","131103","132990","134070","131803","129649","124880","121049","117731","115237","116940","120183","123947","125432","124829","119923","115257","109807",
"Medium","Incheon","Female","70-74 Years old","Population projection","","23510","24504","26038","27300","28245","29990","31854","33529","34987","36354","37327","38330","40677","42999","43422","44325","43971","45622","46818","49360","52308","54390","56232","58856","62457","69494","77514","83895","91735","99713","106678","115460","119721","124096","123987","123685","120907","120833","120048","125029","125644","128467","130424","131562","129424","127340","122681","118944","115697","113264","114976","118172","121871",
"Medium","Incheon","Female","75-79 Years old","Population projection","","16315","16963","17469","18151","19229","20307","21496","23115","24470","25478","27054","29110","30798","32500","34478","35629","36906","39234","41452","42027","42673","42134","43709","45038","47723","50682","52705","54466","56931","60251","67026","74638","80723","88173","95763","102476","110885","114911","119077","118926","118680","116108","116141","115582","120539","121326","124217","126210","127399","125449","123491","119046","115485",
"Medium","Incheon","Female","80 Years old & over","Population projection","","13221","14336","15472","16653","17963","19297","20680","22197","24091","26306","28417","30462","33089","35645","38577","41898","45201","48341","51643","55619","59225","63016","66871","71053","74335","77230","79250","84207","88605","92751","97094","99753","104909","110194","116008","125180","133521","142691","153160","164155","177404","191324","201710","213273","221121","230828","238815","245834","253312","262460","269419","276797","282454",
"Medium","Incheon","Female","80-84 Years old","Population projection","","8452","9092","9747","10538","11488","12372","12892","13592","14552","15722","16867","17951","19440","20780","22043","23717","25574","27161","28557","30477","31694","32996","35222","37458","37912","38480","38070","39712","41024","43354","46038","47804","49601","51956","55053","61357","68227","73795","80562","87445","93734","101484","105110","108937","108743","108648","106474","106626","106406","111178","112179","115092","117074",
"Medium","Incheon","Female","85-89 year old","Population projection","","3457","3865","4231","4563","4816","5105","5717","6256","6844","7638","8347","8900","9547","10216","11472","12589","13572","14532","15784","16827","18230","19868","20922","21984","23820","24889","26015","28041","29894","30211","30663","30300","31800","33043","34971","37156","38467","40179","42244","44872","50227","55752","60353","65877","71475","76875","83316","86176","89316","89037","89180","87700","88000",
"Medium","Incheon","Female","90-94 Years old","Population projection","","1073","1135","1228","1262","1349","1481","1703","1927","2243","2454","2631","2960","3343","3786","4126","4496","4823","5263","5699","6609","7375","8004","8479","9174","9854","10797","11837","12769","13613","14737","15456","16218","17595","18837","19063","19323","19035","20191","21187","22481","23917","24634","25986","27504","29345","33096","36642","39709","43328","46970","50815","55210","56964",
"Medium","Incheon","Female","95-99 Years old","Population projection","","206","209","222","242","265","290","316","364","386","420","495","570","666","761","826","967","1091","1229","1413","1504","1699","1860","1941","2106","2439","2722","2968","3275","3609","3913","4335","4780","5187","5551","6035","6351","6694","7330","7882","7954","8039","7876","8512","9067","9657","10290","10509","11235","11995","12867","14684","16217","17596",
"Medium","Incheon","Female","100 Years old & over","Population projection","","33","35","44","48","45","49","52","58","66","72","77","81","93","102","110","129","141","156","190","202","227","288","307","331","310","342","360","410","465","536","602","651","726","807","886","993","1098","1196","1285","1403","1487","1578","1749","1888","1901","1919","1874","2088","2267","2408","2561","2578","2820",
"Medium","Gwangju","Total","Total","Population projection","","1382426","1401954","1421613","1431964","1444682","1445390","1448384","1456365","1465274","1479146","1493632","1502051","1503758","1503835","1504582","1505906","1502125","1495392","1488439","1489142","1479550","1476003","1469502","1463254","1455515","1446570","1437279","1428218","1419477","1411029","1402772","1394663","1386641","1378645","1370574","1362390","1354093","1345634","1336940","1327904","1318525","1308839","1298876","1288628","1278109","1267280","1256081","1244517","1232580","1220201","1207388","1194191","1180563",
"Medium","Gwangju","Total","0-4 Years old","Population projection","","107585","104306","100140","94172","89557","83327","77472","74783","73915","73471","74471","74732","73752","72321","70836","69722","67662","64029","60178","56615","51992","47517","44436","41108","38028","35918","34254","33304","33296","34050","35222","36593","37762","38695","39392","39865","40138","40259","40160","39781","39194","38445","37577","36732","36010","35376","34779","34178","33522","32791","31955","31026","30003",
"Medium","Gwangju","Total","5-9 Years old","Population projection","","112897","114995","116748","114780","112755","110480","107605","102531","96792","91746","85470","79709","77219","76407","74825","74187","74695","74013","72922","72065","71547","69404","66477","62646","58725","54049","49215","45372","42014","39274","37091","35371","34392","34357","35057","36179","37510","38638","39531","40190","40632","40879","40980","40863","40475","39881","39136","38270","37425","36703","36061","35459","34849",
"Medium","Gwangju","Total","10-14 Years old","Population projection","","97978","101121","105598","109581","114760","117558","119882","119457","117846","115808","114367","111648","105684","99166","93848","86793","79883","76676","75565","73836","73319","74207","73944","72947","71981","71191","69217","66289","62421","58458","53831","49030","45210","41874","39167","36990","35273","34316","34287","34959","36049","37348","38445","39317","39961","40389","40625","40723","40609","40226","39643","38912","38062",
"Medium","Gwangju","Total","15-19 Years old","Population projection","","130864","123499","117008","110487","105888","103744","103739","107573","112583","117092","119735","121720","121379","120265","117286","114381","110015","104306","97796","92944","84823","79528","76961","75145","72950","72506","73264","72900","71900","70970","70229","68317","65414","61594","57721","53202","48512","44790","41545","38919","36778","35104","34197","34198","34840","35887","37140","38189","39015","39626","40028","40251","40345",
"Medium","Gwangju","Total","20-24 Years old","Population projection","","132890","134913","138168","140401","140288","134726","125296","116226","109095","106028","106433","105341","107580","110715","114320","117493","118731","119406","118692","118005","114232","112849","107422","102581","97505","89494","81976","78678","77168","75659","75334","76080","75887","75059","74281","73661","71760","68849","65091","61356","56937","52318","48718","45569","42992","40873","39248","38406","38405","38975","39988","41204","42198",
"Medium","Gwangju","Total","25-29 Years old","Population projection","","134751","132086","128280","125123","123334","121704","123736","126742","127863","126109","120414","114295","106492","99492","95018","94340","92749","95364","98336","102738","105429","108052","108160","107969","106356","105127","103275","98576","93155","88082","81491","75697","73596","72841","71673","71338","72210","72231","71550","70831","70308","68568","65865","62422","59082","55047","50833","47570","44701","42385","40440","38968","38251",
"Medium","Gwangju","Total","30-34 Years old","Population projection","","123790","127410","131323","132513","132265","128853","125870","121843","118168","115910","117746","120460","122257","122291","119353","112885","105546","97072","90399","87349","86197","86322","89428","93212","96387","99390","101672","101685","101045","99270","97677","95467","90770","85724","81286","75590","70557","68841","68298","67244","66970","67925","68013","67388","66744","66355","64756","62246","59078","56040","52280","48321","45249",
"Medium","Gwangju","Total","35-39 years old","Population projection","","119380","120199","121207","121785","125101","126727","128996","131667","133050","133334","132174","129068","125633","121115","117511","117637","117919","118151","117571","115087","108399","102339","95062","89174","85429","84846","84958","87650","91133","94354","97008","99023","98869","98020","96101","94437","92150","87557","82745","78597","73248","68472","66866","66393","65389","65140","66132","66253","65657","65054","64741","63212","60799",
"Medium","Gwangju","Total","40-44 years old","Population projection","","110986","115981","120442","123505","123135","121775","120936","121835","122469","127261","130033","133784","135889","137575","136463","134357","128128","124108","118951","115156","114604","115523","116831","116657","113730","107413","101677","94395","88611","85439","84965","85092","87707","91090","94182","96667","98551","98312","97356","95378","93692","91369","86825","82104","78064","72853","68167","66590","66143","65168","64930","65943","66084",
"Medium","Gwangju","Total","45-49 years old","Population projection","","77747","84589","90061","96953","104479","109981","115286","119170","122435","122031","121887","120914","122051","121937","128144","130816","133129","134621","135442","133668","130969","124980","121421","116800","113198","113170","114162","115475","115418","112723","106656","101132","94086","88553","85548","85162","85316","87891","91209","94223","96592","98394","98107","97078","95067","93382","91055","86559","81905","77942","72828","68217","66667",
"Medium","Gwangju","Total","50-54 years old","Population projection","","65814","67180","68415","69241","70576","74956","80077","85586","92709","100565","106945","114427","117405","120506","119562","117957","117216","118912","118201","123977","125728","127745","129516","131222","129804","127456","121787","118299","113771","110251","110392","111516","112940","112984","110437","104611","99309","92538","87305","84500","84231","84423","86982","90241","93159","95410","97122","96782","95720","93708","92058","89764","85348",
"Medium","Gwangju","Total","55-59 Years old","Population projection","","49925","51242","53273","56282","59874","62999","65020","65854","66943","68510","73323","78231","82086","88266","95492","101828","109707","112102","114988","114171","112013","110987","112649","112554","118247","120509","122691","124326","125782","124039","121773","116353","113097","108790","105535","105827","107031","108524","108648","106267","100746","95758","89353","84481","81913","81751","81978","84492","87643","90426","92536","94150","93773",
"Medium","Gwangju","Total","60-64 Years old","Population projection","","41885","43731","45589","46885","47765","48430","48858","51016","53505","56990","60138","62991","64086","64387","65412","69604","73835","77351","83251","90234","95868","103244","105368","108598","107839","105901","105193","106976","106697","111750","113784","115827","117381","118768","117071","114925","109797","106809","102761","99809","100255","101518","103060","103243","101038","95856","91209","85195","80706","78373","78317","78569","81027",
"Medium","Gwangju","Total","65-69 years old","Population projection","","30412","32593","34432","36417","37704","39379","41194","43544","45184","46252","47483","47558","49009","50601","53682","56225","59401","60296","60346","61353","65283","69009","72383","78293","85035","90424","97176","99251","102289","101281","99551","98944","100607","100323","105187","107063","109037","110566","111951","110365","108402","103629","100919","97143","94452","95001","96303","97873","98128","96117","91277","86962","81300",
"Medium","Gwangju","Total","70-74 Years old","Population projection","","20899","21891","23201","24541","25994","27485","29296","30965","32827","34861","36434","38180","41110","43495","43929","44969","44725","45586","46907","49875","52378","55193","56063","56360","57416","61249","64788","68080","73731","79988","85148","91611","93620","96618","95713","94196","93701","95282","95073","99806","101624","103611","105168","106589","105158","103371","98912","96418","92874","90408","91039","92384","94017",
"Medium","Gwangju","Total","75-79 Years old","Population projection","","13485","14248","14937","15576","16547","17645","18548","20012","21219","22652","24280","25503","27008","28696","30448","31821","33874","36771","39241","39472","40579","40184","41013","42442","45305","47645","50129","51099","51481","52583","56298","59680","62880","68197","74044","78975","85076","86973","89868","89083","87843","87574","89107","89063","93634","95424","97439","99002","100444","99212","97588","93497","91244",
"Medium","Gwangju","Total","80 Years old & over","Population projection","","11138","11970","12791","13722","14660","15621","16573","17561","18671","20526","22299","23490","25118","26600","28453","30891","34910","36628","39653","42597","46190","48920","52368","55546","57580","60282","61845","65863","69565","72858","76322","78930","82423","85158","88179","93702","98165","103258","109562","116596","125024","133504","138694","145804","150131","155284","161247","165771","170605","177047","181679","187352","191347",
"Medium","Gwangju","Total","80-84 Years old","Population projection","","6986","7475","7986","8672","9362","9945","10483","11066","11535","12442","13605","14378","15389","16187","17090","18519","20731","21921","23581","25221","26762","28141","30604","32343","32578","33424","33030","34150","35532","37862","39909","41971","42958","43435","44532","47973","50999","53935","58625","63761","68294","73739","75385","78047","77423","76591","76663","78072","78273","82472","84139","86156","87666",
"Medium","Gwangju","Total","85-89 year old","Population projection","","3064","3275","3519","3691","3884","4120","4406","4698","5251","5900","6285","6538","6891","7103","7890","8860","10099","10376","11325","12191","13402","14409","15220","16255","17351","18300","19474","21507","22925","23023","23571","23202","24258","25433","27106","28648","30066","30953","31444","32415","35266","37645","40039","43662","47609","51319","55548","56694","58834","58348","57967","58402","59550",
"Medium","Gwangju","Total","90-94 Years old","Population projection","","898","950","1002","1070","1123","1241","1341","1431","1517","1782","1942","2080","2309","2734","2851","2840","3289","3482","3647","4125","4904","5170","5310","5663","6207","6859","7507","8193","8888","9504","10071","10734","11903","12699","12682","12943","12671","13449","14225","15161","16077","16816","17477","17874","18553","20452","21912","23450","25655","28023","30437","33032","33621",
"Medium","Gwangju","Total","95-99 Years old","Population projection","","169","238","248","246","246","268","292","314","314","341","401","425","457","508","547","587","702","756","1008","937","981","1046","1064","1087","1277","1537","1662","1820","2005","2221","2474","2704","2953","3201","3425","3648","3895","4339","4637","4581","4658","4524","4916","5282","5627","5986","6218","6535","6729","7027","7884","8478","9131",
"Medium","Gwangju","Total","100 Years old & over","Population projection","","21","32","36","43","45","47","51","52","54","61","66","69","72","68","75","85","89","93","92","123","141","154","170","198","167","162","172","193","215","248","297","319","351","390","434","490","534","582","631","678","729","780","877","939","919","936","906","1020","1114","1177","1252","1284","1379",
"Medium","Gwangju","Male","Total","Population projection","","691174","700979","710702","716268","721981","722348","723652","727455","731070","737110","743895","748229","748890","748772","749276","750248","747452","744386","741160","741181","735215","732627","728987","726313","722352","717786","713035","708403","703914","699562","695308","691124","686992","682877","678739","674575","670388","666141","661796","657317","652680","647912","643012","637986","632845","627568","622121","616515","610755","604791","598600","592236","585681",
"Medium","Gwangju","Male","0-4 Years old","Population projection","","56356","54547","52286","49389","46873","43415","40267","38949","38375","38047","38580","38693","38147","37387","36639","35969","34821","32961","30920","29103","26517","24271","22701","20940","19358","18367","17496","17040","16996","17404","18005","18705","19301","19775","20131","20374","20513","20575","20525","20331","20028","19645","19201","18769","18400","18075","17771","17464","17128","16755","16328","15853","15330",
"Medium","Gwangju","Male","5-9 Years old","Population projection","","59412","60570","61508","60155","59079","57954","56348","53593","50700","47958","44524","41517","40247","39776","38704","38439","38644","38256","37671","37208","36978","35738","34282","32178","30177","27592","25186","23152","21410","19975","18940","18035","17564","17505","17885","18459","19139","19715","20171","20509","20737","20862","20911","20850","20651","20349","19968","19526","19095","18727","18401","18095","17783",
"Medium","Gwangju","Male","10-14 Years old","Population projection","","50664","52674","55181","57539","60390","61724","62933","62829","61682","60511","59693","58096","55016","51657","48937","45228","41560","39893","39302","38204","37967","38393","38164","37631","37098","36721","35606","34116","32032","30022","27472","25090","23063","21332","19912","18874","17967","17509","17457","17826","18382","19044","19606","20051","20378","20598","20718","20766","20707","20511","20212","19839","19406",
"Medium","Gwangju","Male","15-19 Years old","Population projection","","66906","62935","59379","56014","53815","53600","53736","55336","57918","60458","62192","63308","62753","61831","60063","58858","56552","53550","50177","47841","43981","40786","39459","38935","37769","37441","37741","37458","36922","36446","36080","34995","33533","31492","29541","27058","24747","22766","21088","19720","18701","17813","17384","17345","17704","18235","18875","19410","19832","20141","20348","20461","20507",
"Medium","Gwangju","Male","20-24 Years old","Population projection","","65454","66988","69251","70688","70756","68278","63640","59273","55744","53916","53812","53384","55156","57441","59437","60684","61679","62193","62023","61159","59232","58004","54983","52317","49843","45884","42270","40765","40098","39046","38832","39150","38951","38521","38109","37771","36726","35309","33343","31490","29093","26858","24939","23337","22019","21000","20129","19738","19704","20042","20550","21170","21680",
"Medium","Gwangju","Male","25-29 Years old","Population projection","","68514","67002","64758","63352","62315","61336","62392","64033","64390","63877","61204","58394","54429","50683","48680","48744","48174","49866","51896","54537","55508","56934","56973","57144","56318","55609","54502","51869","48963","46433","43040","40079","38990","38577","37733","37600","37973","37888","37558","37174","36892","35945","34645","32849","31189","28999","26961","25184","23721","22508","21544","20746","20416",
"Medium","Gwangju","Male","30-34 Years old","Population projection","","63253","64586","66160","66670","66408","64858","63640","61773","60026","58657","59315","60676","61531","61713","60695","57785","54083","49929","46585","45091","44668","44825","46534","48989","51031","52737","53990","54186","53874","52914","52000","50787","48283","45655","43410","40394","37776","36839","36508","35767","35697","36103","36079","35781","35424","35206","34333","33122","31444","29923","27884","25950","24239",
"Medium","Gwangju","Male","35-39 years old","Population projection","","60236","60853","61526","61900","63310","63596","64608","65759","66355","66526","66218","64982","63396","61221","59349","59272","59224","59244","59208","58224","54997","52188","48456","45648","43770","43747","44148","45799","48006","49982","51511","52630","52709","52236","51169","50218","48991","46574","44083","41967","39108","36617","35726","35426","34739","34692","35110","35118","34831","34489","34307","33477","32310",
"Medium","Gwangju","Male","40-44 years old","Population projection","","55184","57836","60103","61679","61701","61321","61006","61506","61705","63929","65179","67135","68139","68826","68398","67526","64223","62346","59692","57660","57142","57628","58251","58418","57236","54319","51567","47967","45108","43615","43665","44066","45668","47810","49705","51144","52193","52208","51653","50540","49578","48341","45963","43533","41467","38675","36233","35359","35074","34417","34378","34801","34828",
"Medium","Gwangju","Male","45-49 years old","Population projection","","38797","42092","44964","48482","51960","54609","57296","59329","61040","61141","61321","60933","61545","61364","64348","65707","66878","67392","67755","66820","65350","62367","60848","58364","56376","56261","56704","57312","57581","56522","53721","51077","47604","44892","43511","43621","44028","45601","47693","49534","50907","51909","51890","51276","50137","49173","47936","45594","43213","41187","38445","36047","35181",
"Medium","Gwangju","Male","50-54 years old","Population projection","","33076","33622","34095","34494","35153","37202","39672","42402","45979","49797","52999","56630","58163","60002","59917","59321","59097","59919","59342","62120","62865","63883","64633","65394","64728","63538","60699","59133","56690","54815","54807","55347","56035","56353","55349","52659","50122","46793","44243","42982","43157","43575","45129","47184","48967","50274","51228","51170","50525","49382","48437","47216","44922",
"Medium","Gwangju","Male","55-59 Years old","Population projection","","25064","25804","26850","28185","29800","31152","31929","32364","32915","33694","36059","38481","40357","43401","47001","50141","53976","55274","57037","56857","55898","55560","56456","56135","58784","59916","60971","61658","62377","61558","60419","57720","56265","53951","52249","52337","52940","53682","54035","53096","50554","48179","45044","42692","41567","41801","42223","43742","45725","47421","48644","49543","49459",
"Medium","Gwangju","Male","60-64 Years old","Population projection","","20044","21057","21993","22722","23300","23777","24069","25144","26288","27889","29195","30500","31054","31213","31613","33632","35865","37568","40525","44014","46691","50157","51246","53034","52871","52081","51911","52864","52569","54921","55952","56939","57597","58298","57518","56456","53932","52614","50467","48966","49160","49814","50593","50964","50094","47724","45532","42620","40489","39500","39783","40206","41685",
"Medium","Gwangju","Male","65-69 years old","Population projection","","13200","14306","15402","16500","17160","18060","18954","20218","21134","21714","22396","22564","23334","24021","25510","26742","28084","28552","28554","28960","30879","32820","34387","37340","40604","43047","46093","47115","48812","48558","47906","47836","48747","48479","50734","51687","52643","53304","54019","53322","52383","50085","48931","46967","45647","45913","46595","47393","47791","47016","44839","42841","40142",
"Medium","Gwangju","Male","70-74 Years old","Population projection","","7960","8411","8957","9641","10365","11161","12106","12982","13916","14919","15744","16574","18103","19398","19663","20226","20429","20918","21449","22877","24071","25198","25647","25750","26102","27978","29805","31325","34074","37052","39358","42227","43211","44868","44669","44158","44184","45066","44868","47050","47976","48942","49630","50377","49786","48967","46878","45859","44067","42909","43233","43942","44774",
"Medium","Gwangju","Male","75-79 Years old","Population projection","","4441","4793","5087","5379","5789","6188","6603","7138","7682","8327","9085","9705","10400","11251","12174","12861","13814","15313","16666","16823","17406","17563","17972","18511","19836","20911","21901","22422","22600","23016","24794","26489","27935","30456","33170","35342","38002","38937","40528","40408","40063","40220","41078","41000","43083","44002","44990","45694","46465","46005","45292","43440","42565",
"Medium","Gwangju","Male","80 Years old & over","Population projection","","2613","2903","3202","3479","3807","4117","4453","4827","5221","5750","6379","6657","7120","7587","8148","9113","10349","11212","12358","13683","15065","16312","17995","19585","20451","21637","22445","24222","25802","27283","28806","29952","31536","32677","33944","36423","38512","40761","43557","46635","50264","53960","56263","59585","61593","63885","66641","68756","70944","73858","75975","78609","80454",
"Medium","Gwangju","Male","80-84 Years old","Population projection","","1851","2047","2272","2463","2688","2900","3117","3370","3618","3959","4340","4515","4846","5098","5445","6139","7033","7610","8398","9267","9959","10669","11901","12874","13012","13460","13525","14102","14662","15738","16662","17468","17999","18222","18643","20239","21706","23005","25163","27480","29444","31774","32594","34043","34000","33853","34170","34956","35038","36919","37776","38761","39447",
"Medium","Gwangju","Male","85-89 year old","Population projection","","608","682","746","820","904","973","1057","1133","1263","1425","1617","1710","1785","1921","2076","2331","2551","2785","3048","3388","3879","4330","4721","5220","5737","6182","6676","7587","8299","8382","8669","8696","9201","9678","10423","11087","11620","12074","12285","12654","13909","15008","16020","17600","19288","20835","22582","23157","24293","24286","24298","24722","25345",
"Medium","Gwangju","Male","90-94 Years old","Population projection","","134","146","155","168","188","215","249","291","307","330","375","375","429","501","550","551","672","709","758","877","1073","1131","1190","1288","1457","1705","1939","2179","2445","2703","2931","3176","3643","3999","4012","4146","4149","4482","4783","5174","5532","5791","6093","6245","6485","7248","7868","8465","9350","10276","11202","12196","12483",
"Medium","Gwangju","Male","95-99 Years old","Population projection","","18","27","28","25","23","25","26","29","28","31","44","55","57","63","74","87","87","102","145","141","145","168","168","187","228","275","288","331","370","427","505","571","644","723","801","873","950","1101","1215","1204","1243","1239","1380","1503","1631","1752","1825","1949","2009","2103","2404","2625","2845",
"Medium","Gwangju","Male","100 Years old & over","Population projection","","2","1","1","3","4","4","4","4","5","5","3","2","3","4","3","5","6","6","9","10","9","14","15","16","17","15","17","23","26","33","39","41","49","55","65","78","87","99","111","123","136","148","176","194","189","197","196","229","254","274","295","305","334",
"Medium","Gwangju","Female","Total","Population projection","","691252","700975","710911","715696","722701","723042","724732","728910","734204","742036","749737","753822","754868","755063","755306","755658","754673","751006","747279","747961","744335","743376","740515","736941","733163","728784","724244","719815","715563","711467","707464","703539","699649","695768","691835","687815","683705","679493","675144","670587","665845","660927","655864","650642","645264","639712","633960","628002","621825","615410","608788","601955","594882",
"Medium","Gwangju","Female","0-4 Years old","Population projection","","51229","49759","47854","44783","42684","39912","37205","35834","35540","35424","35891","36039","35605","34934","34197","33753","32841","31068","29258","27512","25475","23246","21735","20168","18670","17551","16758","16264","16300","16646","17217","17888","18461","18920","19261","19491","19625","19684","19635","19450","19166","18800","18376","17963","17610","17301","17008","16714","16394","16036","15627","15173","14673",
"Medium","Gwangju","Female","5-9 Years old","Population projection","","53485","54425","55240","54625","53676","52526","51257","48938","46092","43788","40946","38192","36972","36631","36121","35748","36051","35757","35251","34857","34569","33666","32195","30468","28548","26457","24029","22220","20604","19299","18151","17336","16828","16852","17172","17720","18371","18923","19360","19681","19895","20017","20069","20013","19824","19532","19168","18744","18330","17976","17660","17364","17066",
"Medium","Gwangju","Female","10-14 Years old","Population projection","","47314","48447","50417","52042","54370","55834","56949","56628","56164","55297","54674","53552","50668","47509","44911","41565","38323","36783","36263","35632","35352","35814","35780","35316","34883","34470","33611","32173","30389","28436","26359","23940","22147","20542","19255","18116","17306","16807","16830","17133","17667","18304","18839","19266","19583","19791","19907","19957","19902","19715","19431","19073","18656",
"Medium","Gwangju","Female","15-19 Years old","Population projection","","63958","60564","57629","54473","52073","50144","50003","52237","54665","56634","57543","58412","58626","58434","57223","55523","53463","50756","47619","45103","40842","38742","37502","36210","35181","35065","35523","35442","34978","34524","34149","33322","31881","30102","28180","26144","23765","22024","20457","19199","18077","17291","16813","16853","17136","17652","18265","18779","19183","19485","19680","19790","19838",
"Medium","Gwangju","Female","20-24 Years old","Population projection","","67436","67925","68917","69713","69532","66448","61656","56953","53351","52112","52621","51957","52424","53274","54883","56809","57052","57213","56669","56846","55000","54845","52439","50264","47662","43610","39706","37913","37070","36613","36502","36930","36936","36538","36172","35890","35034","33540","31748","29866","27844","25460","23779","22232","20973","19873","19119","18668","18701","18933","19438","20034","20518",
"Medium","Gwangju","Female","25-29 Years old","Population projection","","66237","65084","63522","61771","61019","60368","61344","62709","63473","62232","59210","55901","52063","48809","46338","45596","44575","45498","46440","48201","49921","51118","51187","50825","50038","49518","48773","46707","44192","41649","38451","35618","34606","34264","33940","33738","34237","34343","33992","33657","33416","32623","31220","29573","27893","26048","23872","22386","20980","19877","18896","18222","17835",
"Medium","Gwangju","Female","30-34 Years old","Population projection","","60537","62824","65163","65843","65857","63995","62230","60070","58142","57253","58431","59784","60726","60578","58658","55100","51463","47143","43814","42258","41529","41497","42894","44223","45356","46653","47682","47499","47171","46356","45677","44680","42487","40069","37876","35196","32781","32002","31790","31477","31273","31822","31934","31607","31320","31149","30423","29124","27634","26117","24396","22371","21010",
"Medium","Gwangju","Female","35-39 years old","Population projection","","59144","59346","59681","59885","61791","63131","64388","65908","66695","66808","65956","64086","62237","59894","58162","58365","58695","58907","58363","56863","53402","50151","46606","43526","41659","41099","40810","41851","43127","44372","45497","46393","46160","45784","44932","44219","43159","40983","38662","36630","34140","31855","31140","30967","30650","30448","31022","31135","30826","30565","30434","29735","28489",
"Medium","Gwangju","Female","40-44 years old","Population projection","","55802","58145","60339","61826","61434","60454","59930","60329","60764","63332","64854","66649","67750","68749","68065","66831","63905","61762","59259","57496","57462","57895","58580","58239","56494","53094","50110","46428","43503","41824","41300","41026","42039","43280","44477","45523","46358","46104","45703","44838","44114","43028","40862","38571","36597","34178","31934","31231","31069","30751","30552","31142","31256",
"Medium","Gwangju","Female","45-49 years old","Population projection","","38950","42497","45097","48471","52519","55372","57990","59841","61395","60890","60566","59981","60506","60573","63796","65109","66251","67229","67687","66848","65619","62613","60573","58436","56822","56909","57458","58163","57837","56201","52935","50055","46482","43661","42037","41541","41288","42290","43516","44689","45685","46485","46217","45802","44930","44209","43119","40965","38692","36755","34383","32170","31486",
"Medium","Gwangju","Female","50-54 years old","Population projection","","32738","33558","34320","34747","35423","37754","40405","43184","46730","50768","53946","57797","59242","60504","59645","58636","58119","58993","58859","61857","62863","63862","64883","65828","65076","63918","61088","59166","57081","55436","55585","56169","56905","56631","55088","51952","49187","45745","43062","41518","41074","40848","41853","43057","44192","45136","45894","45612","45195","44326","43621","42548","40426",
"Medium","Gwangju","Female","55-59 Years old","Population projection","","24861","25438","26423","28097","30074","31847","33091","33490","34028","34816","37264","39750","41729","44865","48491","51687","55731","56828","57951","57314","56115","55427","56193","56419","59463","60593","61720","62668","63405","62481","61354","58633","56832","54839","53286","53490","54091","54842","54613","53171","50192","47579","44309","41789","40346","39950","39755","40750","41918","43005","43892","44607","44314",
"Medium","Gwangju","Female","60-64 Years old","Population projection","","21841","22674","23596","24163","24465","24653","24789","25872","27217","29101","30943","32491","33032","33174","33799","35972","37970","39783","42726","46220","49177","53087","54122","55564","54968","53820","53282","54112","54128","56829","57832","58888","59784","60470","59553","58469","55865","54195","52294","50843","51095","51704","52467","52279","50944","48132","45677","42575","40217","38873","38534","38363","39342",
"Medium","Gwangju","Female","65-69 years old","Population projection","","17212","18287","19030","19917","20544","21319","22240","23326","24050","24538","25087","24994","25675","26580","28172","29483","31317","31744","31792","32393","34404","36189","37996","40953","44431","47377","51083","52136","53477","52723","51645","51108","51860","51844","54453","55376","56394","57262","57932","57043","56019","53544","51988","50176","48805","49088","49708","50480","50337","49101","46438","44121","41158",
"Medium","Gwangju","Female","70-74 Years old","Population projection","","12939","13480","14244","14900","15629","16324","17190","17983","18911","19942","20690","21606","23007","24097","24266","24743","24296","24668","25458","26998","28307","29995","30416","30610","31314","33271","34983","36755","39657","42936","45790","49384","50409","51750","51044","50038","49517","50216","50205","52756","53648","54669","55538","56212","55372","54404","52034","50559","48807","47499","47806","48442","49243",
"Medium","Gwangju","Female","75-79 Years old","Population projection","","9044","9455","9850","10197","10758","11457","11945","12874","13537","14325","15195","15798","16608","17445","18274","18960","20060","21458","22575","22649","23173","22621","23041","23931","25469","26734","28228","28677","28881","29567","31504","33191","34945","37741","40874","43633","47074","48036","49340","48675","47780","47354","48029","48063","50551","51422","52449","53308","53979","53207","52296","50057","48679",
"Medium","Gwangju","Female","80 Years old & over","Population projection","","8525","9067","9589","10243","10853","11504","12120","12734","13450","14776","15920","16833","17998","19013","20305","21778","24561","25416","27295","28914","31125","32608","34373","35961","37129","38645","39400","41641","43763","45575","47516","48978","50887","52481","54235","57279","59653","62497","66005","69961","74760","79544","82431","86219","88538","91399","94606","97015","99661","103189","105704","108743","110893",
"Medium","Gwangju","Female","80-84 Years old","Population projection","","5135","5428","5714","6209","6674","7045","7366","7696","7917","8483","9265","9863","10543","11089","11645","12380","13698","14311","15183","15954","16803","17472","18703","19469","19566","19964","19505","20048","20870","22124","23247","24503","24959","25213","25889","27734","29293","30930","33462","36281","38850","41965","42791","44004","43423","42738","42493","43116","43235","45553","46363","47395","48219",
"Medium","Gwangju","Female","85-89 year old","Population projection","","2456","2593","2773","2871","2980","3147","3349","3565","3988","4475","4668","4828","5106","5182","5814","6529","7548","7591","8277","8803","9523","10079","10499","11035","11614","12118","12798","13920","14626","14641","14902","14506","15057","15755","16683","17561","18446","18879","19159","19761","21357","22637","24019","26062","28321","30484","32966","33537","34541","34062","33669","33680","34205",
"Medium","Gwangju","Female","90-94 Years old","Population projection","","764","804","847","902","935","1026","1092","1140","1210","1452","1567","1705","1880","2233","2301","2289","2617","2773","2889","3248","3831","4039","4120","4375","4750","5154","5568","6014","6443","6801","7140","7558","8260","8700","8670","8797","8522","8967","9442","9987","10545","11025","11384","11629","12068","13204","14044","14985","16305","17747","19235","20836","21138",
"Medium","Gwangju","Female","95-99 Years old","Population projection","","151","211","220","221","223","243","266","285","286","310","357","370","400","445","473","500","615","654","863","796","836","878","896","900","1049","1262","1374","1489","1635","1794","1969","2133","2309","2478","2624","2775","2945","3238","3422","3377","3415","3285","3536","3779","3996","4234","4393","4586","4720","4924","5480","5853","6286",
"Medium","Gwangju","Female","100 Years old & over","Population projection","","19","31","35","40","41","43","47","48","49","56","63","67","69","64","72","80","83","87","83","113","132","140","155","182","150","147","155","170","189","215","258","278","302","335","369","412","447","483","520","555","593","632","701","745","730","739","710","791","860","903","957","979","1045",
"Medium","Daejeon","Total","Total","Population projection","","1396869","1417579","1433562","1453216","1460948","1469868","1481261","1493931","1501152","1508164","1515009","1528356","1540136","1545232","1552692","1542394","1536169","1527784","1513217","1503212","1491876","1482094","1472473","1473897","1473033","1465021","1456694","1448679","1441075","1433967","1427350","1421177","1415360","1409801","1404400","1399051","1393669","1388174","1382356","1376080","1369261","1361883","1353998","1345622","1336799","1327496","1317657","1307365","1296630","1285443","1273854","1261934","1249657",
"Medium","Daejeon","Total","0-4 Years old","Population projection","","101119","98526","94743","90623","86224","81533","76696","74840","74779","73464","73352","74791","75855","75098","74650","72549","69521","65845","61061","56476","50809","45663","42621","40587","38346","36524","35046","34208","33885","34541","35973","37574","39017","40264","41298","42113","42721","43159","43325","43142","42678","41993","41131","40267","39523","38861","38240","37609","36927","36161","35289","34306","33224",
"Medium","Daejeon","Total","5-9 Years old","Population projection","","110849","112027","111374","109922","107383","104711","102171","97600","91930","87638","82170","77650","76409","76479","75145","73229","72832","71625","69359","67976","66935","64497","61469","58075","54500","49733","45319","41858","39430","37254","35425","33985","33193","32913","33565","34909","36396","37725","38868","39806","40539","41080","41468","41601","41404","40944","40282","39463","38648","37943","37314","36725","36130",
"Medium","Daejeon","Total","10-14 Years old","Population projection","","100215","101833","104192","107450","110488","112927","114638","113443","111347","108532","105587","103396","97996","92427","88218","81802","75619","72828","71588","69334","68438","68755","67977","66628","65804","65193","63166","60409","56875","53280","48703","44427","41029","38603","36419","34610","33194","32418","32149","32782","34071","35488","36754","37844","38736","39431","39941","40302","40417","40219","39776","39132","38342",
"Medium","Daejeon","Total","15-19 Years old","Population projection","","127064","121229","116202","111646","108214","106209","106197","111495","116647","119572","120405","119645","120519","120100","118430","114466","110207","104360","98417","93670","87418","80966","78913","74732","69862","68412","68811","68477","67152","66261","65764","63879","61211","57748","54238","49778","45548","42117","39640","37382","35509","34053","33249","32973","33589","34821","36187","37423","38477","39342","40012","40501","40848",
"Medium","Daejeon","Total","20-24 Years old","Population projection","","128134","130856","133600","136179","135574","133324","128213","121205","115749","114673","117800","118188","119710","121574","124686","128202","129738","129235","126533","124598","123162","120652","114486","114355","113261","104793","95717","90115","85543","81501","81163","81971","81992","80899","80215","79924","78063","75256","71585","67852","63033","58233","54247","51274","48537","46282","44525","43541","43229","43867","45146","46634","47996",
"Medium","Daejeon","Total","25-29 Years old","Population projection","","133188","131085","127248","125129","121453","122128","126035","129400","129073","126526","120723","117242","111890","107185","104171","102392","103050","105733","107760","109973","111810","113442","113471","115646","116995","118082","118173","115135","111998","107970","99835","92356","88559","86004","83725","83953","84912","85269","84398","83815","83548","81759","78972","75216","71394","66499","61616","57556","54457","51586","49273","47502","46589",
"Medium","Daejeon","Total","30-34 Years old","Population projection","","125947","129947","133679","136573","135813","133247","129336","125125","120871","117664","117766","121060","124155","123977","122093","114376","107931","101619","96097","93223","92531","93067","95848","99864","103634","106164","108460","109161","109256","108892","108984","108184","104592","101082","96977","89871","83869","81118","79494","77921","78269","79227","79663","78881","78392","78192","76565","73972","70450","66930","62380","57834","54046",
"Medium","Daejeon","Total","35-39 years old","Population projection","","129051","128283","127032","127157","128750","130356","133851","137354","138411","136886","134340","130636","126996","122727","118879","116827","116606","117258","115498","111876","105607","99381","93500","90274","88595","89052","89822","92477","95580","98453","100556","102477","102759","102413","101641","101334","100181","96514","93005","89040","82668","77464","75159","73915","72633","72996","73904","74344","73605","73177","73013","71490","69065",
"Medium","Daejeon","Total","40-44 years old","Population projection","","123447","127710","131127","133908","132784","130433","128184","126666","126318","130307","132288","135820","138684","139848","138159","133636","127456","121617","115806","110709","109233","109709","110479","110021","107507","102402","97017","91639","87829","86158","86562","87197","89684","92611","95297","97213","98975","99081","98553","97622","97140","95837","92200","88736","84868","78892","74053","71918","70827","69674","70029","70898","71338",
"Medium","Daejeon","Total","45-49 years old","Population projection","","86881","94660","101148","108908","116378","121587","126829","130177","132338","130892","129012","125690","124416","123788","130612","131096","134380","135307","134802","131220","127166","121235","116129","111478","107111","106539","107544","108773","108403","106090","101247","96091","90899","87158","85503","85873","86443","88861","91722","94334","96167","97852","97860","97219","96181","95572","94172","90531","87059","83211","77434","72771","70700",
"Medium","Daejeon","Total","50-54 years old","Population projection","","64888","67513","70680","73799","77408","83897","91235","97520","104334","111392","116516","123615","126839","129238","127687","125535","119094","117858","116641","123292","123357","126733","127915","128821","125896","122537","117241","112753","108366","104263","104110","105383","106857","106758","104684","100036","95074","90065","86418","84816","85193","85747","88135","90965","93522","95297","96926","96875","96158","95043","94357","92895","89258",
"Medium","Daejeon","Total","55-59 Years old","Population projection","","49631","50766","52681","55266","58525","61584","64216","67253","69615","72868","79029","86958","93023","99758","106211","111003","118476","120403","121686","118835","116516","110568","109721","109744","116861","117552","121054","122435","122974","120144","117272","112472","108430","104459","100785","100960","102419","104065","104175","102310","97880","93148","88354","84840","83318","83714","84262","86624","89420","91929","93642","95223","95128",
"Medium","Daejeon","Total","60-64 Years old","Population projection","","41206","43105","45062","46693","46972","48091","48428","49922","51928","54680","57820","60795","63780","66208","69352","75304","82259","87284","93163","98565","102981","110153","111966","113903","111614","109731","104474","104277","104170","110693","111307","114821","116249","116962","114480","111997","107597","103922","100295","96986","97420","99012","100788","101068","99394","95180","90682","86094","82721","81280","81702","82249","84576",
"Medium","Daejeon","Total","65-69 years old","Population projection","","30312","32590","34415","36402","38089","39029","40432","42844","44523","45053","45923","45963","47048","48348","51202","54424","57445","59861","61751","64185","69902","76385","80927","86569","92030","96502","103249","105163","107183","104989","103503","98760","98859","98864","105133","105699","109207","110677","111533","109341","107163","103115","99747","96413","93397","94004","95667","97520","97925","96397","92395","88114","83719",
"Medium","Daejeon","Total","70-74 Years old","Population projection","","20531","21612","22991","24466","25772","27634","29878","31686","33233","35014","36084","37152","39795","41952","42832","43901","43302","43706","44614","47079","50104","52936","55307","57337","59919","65331","71554","75917","81213","86381","90811","97361","99300","101410","99484","98290","93987","94294","94419","100476","101086","104585","106100","107063","105119","103188","99425","96296","93183","90402","91117","92836","94755",
"Medium","Daejeon","Total","75-79 Years old","Population projection","","13535","14191","14872","15656","16664","17656","18326","19478","20810","22205","23885","26023","27717","29282","30928","32044","33232","35972","38122","38673","39531","38830","39193","40091","42624","45598","48109","50472","52512","54816","59979","65790","69939","74960","79878","84221","90499","92419","94547","92870","91990","88221","88727","89031","94829","95525","98970","100497","101537","99870","98143","94699","91836",
"Medium","Daejeon","Total","80 Years old & over","Population projection","","10871","11646","12516","13439","14457","15522","16596","17923","19246","20798","22309","23732","25304","27243","29437","31608","35021","37273","40319","43528","46376","49122","52551","55772","58474","60876","61938","65410","68706","72281","76156","78449","82791","86693","91078","98270","104584","111214","118230","125585","134907","145069","151444","158316","161963","168098","172240","176800","181590","188412","192832","198125","202107",
"Medium","Daejeon","Total","80-84 Years old","Population projection","","6963","7479","7984","8629","9363","10011","10586","11311","11913","12780","13578","14347","15302","16490","17645","19074","21188","22350","24046","25741","26757","27704","29980","31669","32252","32878","32286","32943","33912","36060","38683","40757","42921","44771","46897","51611","56688","60404","64864","69255","73373","79131","80902","82906","81457","80974","77972","78667","79203","84492","85258","88481","89939",
"Medium","Daejeon","Total","85-89 year old","Population projection","","2898","3104","3396","3642","3846","4119","4423","4799","5365","5893","6388","6812","7159","7510","8304","8871","9764","10525","11436","12404","13689","15070","15826","16807","18089","18899","19594","21485","22881","23274","23701","23161","23871","24788","26493","28509","29922","31682","33160","34909","38777","42649","45590","49061","52497","56021","60708","62047","63648","62430","62367","60424","61253",
"Medium","Daejeon","Total","90-94 Years old","Population projection","","836","885","943","954","1009","1119","1296","1505","1639","1755","1911","2071","2279","2638","2853","2964","3280","3531","3797","4301","4822","5130","5465","5881","6520","7291","8076","8753","9426","10160","10636","11054","12207","13032","13231","13436","13023","13628","14312","15400","16633","17336","18516","19471","20640","23211","25523","27367","29491","31604","34030","37092","37826",
"Medium","Daejeon","Total","95-99 Years old","Population projection","","147","152","163","179","202","234","249","266","286","320","372","434","489","531","557","607","675","754","936","965","987","1064","1105","1221","1422","1620","1777","1995","2210","2466","2773","3082","3344","3600","3892","4073","4240","4728","5063","5116","5168","4950","5307","5667","6147","6659","6859","7410","7829","8353","9530","10465","11255",
"Medium","Daejeon","Total","100 Years old & over","Population projection","","27","26","30","35","37","39","42","42","43","50","60","68","75","74","78","92","114","113","104","117","121","154","175","194","191","188","205","234","277","321","363","395","448","502","565","641","711","772","831","905","956","1003","1129","1211","1222","1233","1178","1309","1419","1533","1647","1663","1834",
"Medium","Daejeon","Male","Total","Population projection","","707268","717052","724650","734101","737335","741066","747032","753095","756237","759350","762913","769470","774514","776298","779597","774512","771514","766620","759207","753904","746190","741608","736306","737472","736669","732508","728172","723964","719891","716019","712384","708969","705752","702684","699724","696803","693893","690939","687835","684534","680965","677116","673022","668692","664159","659412","654413","649200","643789","638173","632363","626411","620321",
"Medium","Daejeon","Male","0-4 Years old","Population projection","","53164","51593","49549","47520","44999","42529","39877","38724","38674","37987","37978","38691","39378","38857","38379","37323","35877","33797","31481","29114","26114","23450","21932","20861","19721","18845","18040","17607","17443","17778","18519","19344","20087","20728","21262","21681","21995","22222","22306","22212","21972","21618","21173","20728","20346","20006","19688","19364","19011","18616","18167","17661","17103",
"Medium","Daejeon","Male","5-9 Years old","Population projection","","59102","59689","59247","58245","56743","54983","53421","51037","47960","45539","42643","40370","39453","39461","38855","37684","37433","36956","35712","34885","34369","33266","31483","29877","28055","25527","23256","21547","20217","19117","18229","17446","17040","16898","17229","17924","18690","19374","19963","20447","20824","21103","21303","21372","21271","21036","20694","20272","19856","19496","19174","18872","18567",
"Medium","Daejeon","Male","10-14 Years old","Population projection","","53642","54575","55836","57435","58971","60150","61121","60304","58894","57223","55309","53987","51178","48215","45900","42514","39344","37662","37019","35921","35274","35303","35149","34335","33840","33581","32594","30971","29330","27478","25054","22850","21160","19829","18723","17836","17062","16664","16525","16846","17515","18245","18897","19461","19922","20282","20548","20737","20797","20696","20467","20135","19728",
"Medium","Daejeon","Male","15-19 Years old","Population projection","","65999","63030","60307","58177","56987","56761","56845","59108","61421","62808","63755","63658","63744","62957","61805","59904","57517","54744","51397","48841","45344","42414","41170","39106","36282","35335","35461","35423","34623","34098","33896","32958","31388","29787","27957","25586","23408","21695","20332","19196","18263","17460","17054","16914","17228","17870","18576","19215","19762","20213","20562","20819","21001",
"Medium","Daejeon","Male","20-24 Years old","Population projection","","64016","65549","67646","69446","69264","67922","65844","63076","61386","61543","62866","62593","63813","65398","67392","68794","69559","68646","67348","65797","64322","62745","59554","59088","58238","53703","49303","46657","44250","41919","41532","41882","41997","41296","40878","40767","39830","38231","36556","34609","32122","29718","27731","26136","24784","23640","22690","22201","22035","22353","23009","23769","24468",
"Medium","Daejeon","Male","25-29 Years old","Population projection","","68623","67178","64742","63250","61449","62163","64376","66344","65886","64629","62244","61173","58615","56378","54985","54963","55853","57329","58493","59746","60450","61367","61182","62766","63715","64235","63774","61658","59562","57225","52853","49096","47175","45747","44422","44419","44876","45139","44545","44214","44088","43143","41575","39814","37743","35204","32704","30603","28915","27452","26216","25246","24786",
"Medium","Daejeon","Male","30-34 Years old","Population projection","","63361","65352","67140","68737","68411","67223","65340","63063","60833","59187","59172","60819","62363","62350","61716","58114","55520","52747","50238","49244","49382","49770","51144","53454","55585","57046","58521","59105","59261","59197","59038","58149","55900","53759","51445","47649","44671","43278","42362","41456","41554","42029","42313","41774","41518","41407","40540","39099","37430","35506","33181","30839","28861",
"Medium","Daejeon","Male","35-39 years old","Population projection","","64955","64713","64291","64450","64876","65101","66893","68744","69432","68699","67687","65934","63886","61601","59436","58471","58460","58820","58333","56841","53678","50879","48259","46951","46466","47162","47671","49214","51064","52710","53931","55157","55431","55251","54876","54473","53466","51289","49224","47011","43621","41062","39889","39189","38461","38585","39040","39309","38808","38595","38487","37673","36341",
"Medium","Daejeon","Male","40-44 years old","Population projection","","62333","64446","65873","66866","66341","65335","64413","63879","63521","65237","66161","67765","69092","69801","69303","67035","63741","60585","57675","55059","54230","54633","55058","55145","54083","51656","49267","46898","45273","44771","45397","45818","47287","49045","50586","51699","52819","52962","52647","52156","51656","50618","48519","46524","44388","41231","38875","37789","37177","36531","36660","37094","37354",
"Medium","Daejeon","Male","45-49 years old","Population projection","","44971","48525","51793","55573","58911","61056","63555","64982","66013","65522","64784","63346","62712","61961","64943","65301","66882","67330","67180","65648","63452","60338","57638","55272","53043","52843","53510","54128","54184","53267","50974","48693","46390","44774","44260","44843","45223","46668","48396","49905","50982","52052","52120","51723","51157","50583","49516","47449","45474","43363","40324","38055","36993",
"Medium","Daejeon","Male","50-54 years old","Population projection","","33594","34952","36440","38053","39757","42886","46199","49461","52823","56227","58585","61856","63233","64380","63799","62728","59757","59188","58078","61182","61311","63140","63749","64255","62898","61144","58302","55924","53799","51689","51709","52508","53254","53439","52623","50421","48226","45983","44390","43883","44448","44815","46259","47977","49465","50515","51549","51566","51115","50490","49872","48788","46741",
"Medium","Daejeon","Male","55-59 Years old","Population projection","","24954","25728","26912","28289","30003","31402","32754","34100","35260","36814","39807","43674","46707","50026","53045","55231","58695","59423","60091","58973","57779","55080","54712","54459","57808","58322","60062","60773","61120","59857","58356","55793","53662","51754","49879","50074","50963","51798","52074","51341","49246","47159","45004","43464","42986","43543","43902","45342","47041","48503","49519","50516","50499",
"Medium","Daejeon","Male","60-64 Years old","Population projection","","19653","20658","21678","22489","22763","23530","23907","24788","25868","27316","28892","30357","31750","32951","34383","37181","40522","43119","45906","48385","50425","53827","54544","55525","54634","53843","51574","51552","51204","54261","54741","56478","57234","57688","56614","55331","53009","51097","49387","47722","48059","49009","49908","50261","49611","47633","45665","43603","42134","41693","42248","42606","44027",
"Medium","Daejeon","Male","65-69 years old","Population projection","","13162","14348","15389","16352","17161","17759","18540","19746","20617","21030","21631","21860","22536","23358","24865","26526","27896","29102","30013","31094","33761","36813","39079","41761","44319","46337","49461","50279","51381","50530","49962","47989","48116","47853","50785","51244","52970","53759","54294","53387","52283","50184","48468","46932","45446","45881","46857","47795","48195","47607","45748","43903","41951",
"Medium","Daejeon","Male","70-74 Years old","Population projection","","7859","8340","8878","9632","10445","11296","12333","13320","14145","14986","15637","16308","17623","18677","19271","19848","19799","20167","20831","22093","23634","24899","26027","27033","28128","30604","33462","35633","38098","40468","42463","45465","46313","47460","46757","46369","44663","44902","44735","47545","48029","49736","50555","51151","50396","49451","47550","46002","44618","43287","43779","44773","45737",
"Medium","Daejeon","Male","75-79 Years old","Population projection","","4799","5045","5302","5646","5935","6258","6565","6966","7588","8293","9067","9962","10852","11681","12493","13132","13755","15161","16194","16592","17057","16968","17288","17878","19088","20610","21663","22790","23785","24789","27107","29712","31739","34029","36244","38179","41007","41862","43018","42465","42258","40856","41196","41156","43810","44342","46011","46846","47484","46893","46080","44394","43025",
"Medium","Daejeon","Male","80 Years old & over","Population projection","","3081","3331","3627","3941","4319","4712","5049","5453","5916","6310","6695","7117","7579","8246","9027","9763","10904","11844","13218","14489","15608","16716","18338","19706","20766","21715","22251","23805","25297","26865","28623","29631","31579","33347","35184","38308","41015","44016","47081","50139","54045","58309","61058","64116","65627","68203","70008","72008","73937","76879","78870","81268","83139",
"Medium","Daejeon","Male","80-84 Years old","Population projection","","2163","2342","2556","2771","3033","3284","3473","3701","3957","4164","4355","4589","4892","5357","5875","6487","7322","7949","8804","9589","10127","10662","11751","12514","12872","13175","13133","13571","14176","15198","16485","17301","18309","19184","20080","22131","24312","26077","28043","29949","31747","34258","35052","36131","35688","35680","34684","35108","35227","37589","38145","39670","40465",
"Medium","Daejeon","Male","85-89 year old","Population projection","","731","800","870","966","1049","1163","1271","1384","1533","1666","1790","1904","1995","2116","2328","2417","2648","2878","3288","3671","4160","4647","5058","5485","5962","6359","6697","7524","8097","8336","8537","8491","8907","9420","10167","11080","11589","12368","13032","13725","15309","16863","18193","19639","21032","22495","24427","25031","25883","25538","25681","25142","25588",
"Medium","Daejeon","Male","90-94 Years old","Population projection","","163","168","176","172","198","221","263","325","376","417","468","534","587","655","695","703","767","836","921","1013","1113","1185","1291","1456","1646","1873","2087","2324","2576","2813","3012","3181","3621","3913","4023","4112","4067","4361","4687","5108","5601","5812","6278","6664","7073","8022","8849","9607","10399","11152","12054","13187","13503",
"Medium","Daejeon","Male","95-99 Years old","Population projection","","20","19","23","29","36","40","36","38","46","58","76","84","97","108","118","141","152","159","186","194","182","199","212","225","263","285","310","356","415","478","545","611","687","765","838","897","949","1100","1196","1222","1241","1220","1351","1482","1630","1798","1843","2025","2165","2311","2673","2949","3221",
"Medium","Daejeon","Male","100 Years old & over","Population projection","","4","2","2","3","3","4","6","5","4","5","6","6","8","10","11","15","15","22","19","22","26","23","26","26","23","23","24","30","33","40","44","47","55","65","76","88","98","110","123","135","147","156","184","200","204","208","205","237","263","289","317","320","362",
"Medium","Daejeon","Female","Total","Population projection","","689601","700527","708912","719115","723613","728802","734229","740836","744915","748814","752096","758886","765622","768934","773095","767882","764655","761164","754010","749308","745686","740486","736167","736425","736364","732513","728522","724715","721184","717948","714966","712208","709608","707117","704676","702248","699776","697235","694521","691546","688296","684767","680976","676930","672640","668084","663244","658165","652841","647270","641491","635523","629336",
"Medium","Daejeon","Female","0-4 Years old","Population projection","","47955","46933","45194","43103","41225","39004","36819","36116","36105","35477","35374","36100","36477","36241","36271","35226","33644","32048","29580","27362","24695","22213","20689","19726","18625","17679","17006","16601","16442","16763","17454","18230","18930","19536","20036","20432","20726","20937","21019","20930","20706","20375","19958","19539","19177","18855","18552","18245","17916","17545","17122","16645","16121",
"Medium","Daejeon","Female","5-9 Years old","Population projection","","51747","52338","52127","51677","50640","49728","48750","46563","43970","42099","39527","37280","36956","37018","36290","35545","35399","34669","33647","33091","32566","31231","29986","28198","26445","24206","22063","20311","19213","18137","17196","16539","16153","16015","16336","16985","17706","18351","18905","19359","19715","19977","20165","20229","20133","19908","19588","19191","18792","18447","18140","17853","17563",
"Medium","Daejeon","Female","10-14 Years old","Population projection","","46573","47258","48356","50015","51517","52777","53517","53139","52453","51309","50278","49409","46818","44212","42318","39288","36275","35166","34569","33413","33164","33452","32828","32293","31964","31612","30572","29438","27545","25802","23649","21577","19869","18774","17696","16774","16132","15754","15624","15936","16556","17243","17857","18383","18814","19149","19393","19565","19620","19523","19309","18997","18614",
"Medium","Daejeon","Female","15-19 Years old","Population projection","","61065","58199","55895","53469","51227","49448","49352","52387","55226","56764","56650","55987","56775","57143","56625","54562","52690","49616","47020","44829","42074","38552","37743","35626","33580","33077","33350","33054","32529","32163","31868","30921","29823","27961","26281","24192","22140","20422","19308","18186","17246","16593","16195","16059","16361","16951","17611","18208","18715","19129","19450","19682","19847",
"Medium","Daejeon","Female","20-24 Years old","Population projection","","64118","65307","65954","66733","66310","65402","62369","58129","54363","53130","54934","55595","55897","56176","57294","59408","60179","60589","59185","58801","58840","57907","54932","55267","55023","51090","46414","43458","41293","39582","39631","40089","39995","39603","39337","39157","38233","37025","35029","33243","30911","28515","26516","25138","23753","22642","21835","21340","21194","21514","22137","22865","23528",
"Medium","Daejeon","Female","25-29 Years old","Population projection","","64565","63907","62506","61879","60004","59965","61659","63056","63187","61897","58479","56069","53275","50807","49186","47429","47197","48404","49267","50227","51360","52075","52289","52880","53280","53847","54399","53477","52436","50745","46982","43260","41384","40257","39303","39534","40036","40130","39853","39601","39460","38616","37397","35402","33651","31295","28912","26953","25542","24134","23057","22256","21803",
"Medium","Daejeon","Female","30-34 Years old","Population projection","","62586","64595","66539","67836","67402","66024","63996","62062","60038","58477","58594","60241","61792","61627","60377","56262","52411","48872","45859","43979","43149","43297","44704","46410","48049","49118","49939","50056","49995","49695","49946","50035","48692","47323","45532","42222","39198","37840","37132","36465","36715","37198","37350","37107","36874","36785","36025","34873","33020","31424","29199","26995","25185",
"Medium","Daejeon","Female","35-39 years old","Population projection","","64096","63570","62741","62707","63874","65255","66958","68610","68979","68187","66653","64702","63110","61126","59443","58356","58146","58438","57165","55035","51929","48502","45241","43323","42129","41890","42151","43263","44516","45743","46625","47320","47328","47162","46765","46861","46715","45225","43781","42029","39047","36402","35270","34726","34172","34411","34864","35035","34797","34582","34526","33817","32724",
"Medium","Daejeon","Female","40-44 years old","Population projection","","61114","63264","65254","67042","66443","65098","63771","62787","62797","65070","66127","68055","69592","70047","68856","66601","63715","61032","58131","55650","55003","55076","55421","54876","53424","50746","47750","44741","42556","41387","41165","41379","42397","43566","44711","45514","46156","46119","45906","45466","45484","45219","43681","42212","40480","37661","35178","34129","33650","33143","33369","33804","33984",
"Medium","Daejeon","Female","45-49 years old","Population projection","","41910","46135","49355","53335","57467","60531","63274","65195","66325","65370","64228","62344","61704","61827","65669","65795","67498","67977","67622","65572","63714","60897","58491","56206","54068","53696","54034","54645","54219","52823","50273","47398","44509","42384","41243","41030","41220","42193","43326","44429","45185","45800","45740","45496","45024","44989","44656","43082","41585","39848","37110","34716","33707",
"Medium","Daejeon","Female","50-54 years old","Population projection","","31294","32561","34240","35746","37651","41011","45036","48059","51511","55165","57931","61759","63606","64858","63888","62807","59337","58670","58563","62110","62046","63593","64166","64566","62998","61393","58939","56829","54567","52574","52401","52875","53603","53319","52061","49615","46848","44082","42028","40933","40745","40932","41876","42988","44057","44782","45377","45309","45043","44553","44485","44107","42517",
"Medium","Daejeon","Female","55-59 Years old","Population projection","","24677","25038","25769","26977","28522","30182","31462","33153","34355","36054","39222","43284","46316","49732","53166","55772","59781","60980","61595","59862","58737","55488","55009","55285","59053","59230","60992","61662","61854","60287","58916","56679","54768","52705","50906","50886","51456","52267","52101","50969","48634","45989","43350","41376","40332","40171","40360","41282","42379","43426","44123","44707","44629",
"Medium","Daejeon","Female","60-64 Years old","Population projection","","21553","22447","23384","24204","24209","24561","24521","25134","26060","27364","28928","30438","32030","33257","34969","38123","41737","44165","47257","50180","52556","56326","57422","58378","56980","55888","52900","52725","52966","56432","56566","58343","59015","59274","57866","56666","54588","52825","50908","49264","49361","50003","50880","50807","49783","47547","45017","42491","40587","39587","39454","39643","40549",
"Medium","Daejeon","Female","65-69 years old","Population projection","","17150","18242","19026","20050","20928","21270","21892","23098","23906","24023","24292","24103","24512","24990","26337","27898","29549","30759","31738","33091","36141","39572","41848","44808","47711","50165","53788","54884","55802","54459","53541","50771","50743","51011","54348","54455","56237","56918","57239","55954","54880","52931","51279","49481","47951","48123","48810","49725","49730","48790","46647","44211","41768",
"Medium","Daejeon","Female","70-74 Years old","Population projection","","12672","13272","14113","14834","15327","16338","17545","18366","19088","20028","20447","20844","22172","23275","23561","24053","23503","23539","23783","24986","26470","28037","29280","30304","31791","34727","38092","40284","43115","45913","48348","51896","52987","53950","52727","51921","49324","49392","49684","52931","53057","54849","55545","55912","54723","53737","51875","50294","48565","47115","47338","48063","49018",
"Medium","Daejeon","Female","75-79 Years old","Population projection","","8736","9146","9570","10010","10729","11398","11761","12512","13222","13912","14818","16061","16865","17601","18435","18912","19477","20811","21928","22081","22474","21862","21905","22213","23536","24988","26446","27682","28727","30027","32872","36078","38200","40931","43634","46042","49492","50557","51529","50405","49732","47365","47531","47875","51019","51183","52959","53651","54053","52977","52063","50305","48811",
"Medium","Daejeon","Female","80 Years old & over","Population projection","","7790","8315","8889","9498","10138","10810","11547","12470","13330","14488","15614","16615","17725","18997","20410","21845","24117","25429","27101","29039","30768","32406","34213","36066","37708","39161","39687","41605","43409","45416","47533","48818","51212","53346","55894","59962","63569","67198","71149","75446","80862","86760","90386","94200","96336","99895","102232","104792","107653","111533","113962","116857","118968",
"Medium","Daejeon","Female","80-84 Years old","Population projection","","4800","5137","5428","5858","6330","6727","7113","7610","7956","8616","9223","9758","10410","11133","11770","12587","13866","14401","15242","16152","16630","17042","18229","19155","19380","19703","19153","19372","19736","20862","22198","23456","24612","25587","26817","29480","32376","34327","36821","39306","41626","44873","45850","46775","45769","45294","43288","43559","43976","46903","47113","48811","49474",
"Medium","Daejeon","Female","85-89 year old","Population projection","","2167","2304","2526","2676","2797","2956","3152","3415","3832","4227","4598","4908","5164","5394","5976","6454","7116","7647","8148","8733","9529","10423","10768","11322","12127","12540","12897","13961","14784","14938","15164","14670","14964","15368","16326","17429","18333","19314","20128","21184","23468","25786","27397","29422","31465","33526","36281","37016","37765","36892","36686","35282","35665",
"Medium","Daejeon","Female","90-94 Years old","Population projection","","673","717","767","782","811","898","1033","1180","1263","1338","1443","1537","1692","1983","2158","2261","2513","2695","2876","3288","3709","3945","4174","4425","4874","5418","5989","6429","6850","7347","7624","7873","8586","9119","9208","9324","8956","9267","9625","10292","11032","11524","12238","12807","13567","15189","16674","17760","19092","20452","21976","23905","24323",
"Medium","Daejeon","Female","95-99 Years old","Population projection","","127","133","140","150","166","194","213","228","240","262","296","350","392","423","439","466","523","595","750","771","805","865","893","996","1159","1335","1467","1639","1795","1988","2228","2471","2657","2835","3054","3176","3291","3628","3867","3894","3927","3730","3956","4185","4517","4861","5016","5385","5664","6042","6857","7516","8034",
"Medium","Daejeon","Female","100 Years old & over","Population projection","","23","24","28","32","34","35","36","37","39","45","54","62","67","64","67","77","99","91","85","95","95","131","149","168","168","165","181","204","244","281","319","348","393","437","489","553","613","662","708","770","809","847","945","1011","1018","1025","973","1072","1156","1244","1330","1343","1472",
"Medium","Ulsan","Total","Total","Population projection","","1035658","1046883","1056936","1062369","1067380","1071339","1076340","1079299","1091665","1098027","1099035","1112079","1124659","1137472","1151171","1163719","1166202","1158787","1152725","1145761","1139069","1125167","1113508","1106306","1102846","1094165","1085657","1077377","1069169","1060979","1052714","1044300","1035731","1026981","1018036","1008943","999720","990425","981048","971518","961845","952021","942032","931863","921493","910875","899945","888666","877058","865101","852811","840258","827433",
"Medium","Ulsan","Total","0-4 Years old","Population projection","","85656","81942","76866","70758","66272","60987","56897","55317","55970","55847","55588","57125","57991","58491","59048","59831","58704","56122","52591","48744","44148","38990","34957","31627","29083","26908","25239","24291","23948","23845","23999","24257","24399","24430","24362","24220","24031","23827","23575","23240","22849","22421","21960","21528","21166","20843","20535","20209","19833","19401","18896","18315","17673",
"Medium","Ulsan","Total","5-9 Years old","Population projection","","95215","94918","93739","91004","87639","84356","80386","74568","69410","65262","60003","55839","54752","55138","55171","55794","57484","57780","57368","57275","57258","55657","53368","50181","46582","42239","37702","33780","30558","28030","25988","24429","23557","23258","23195","23389","23696","23885","23968","23952","23859","23720","23556","23335","23027","22658","22242","21783","21355","20996","20680","20380","20062",
"Medium","Ulsan","Total","10-14 Years old","Population projection","","79346","80722","83992","87969","90636","92651","91839","90563","88455","85465","82613","79037","74589","69257","65111","60055","55787","54172","54372","54115","54546","55798","56114","55694","55516","55482","54194","52010","48780","45239","41075","36714","32954","29874","27454","25494","23997","23166","22890","22844","23066","23402","23619","23730","23745","23678","23561","23421","23217","22928","22573","22166","21715",
"Medium","Ulsan","Total","15-19 Years old","Population projection","","84386","79183","74006","70485","69344","71628","74543","75580","77794","79594","81913","85191","84374","82322","79423","77470","73861","68755","63633","59151","55122","51200","49640","51748","52588","52504","53510","53712","53272","53057","53014","51727","49632","46517","43134","39138","35006","31513","28666","26414","24583","23201","22469","22239","22218","22481","22836","23073","23203","23237","23196","23103","22986",
"Medium","Ulsan","Total","20-24 Years old","Population projection","","74635","78857","82094","82356","79672","73275","68888","66208","64156","61946","60301","63125","68500","74527","78359","79495","79397","77143","74836","72006","69597","65190","59400","51985","48081","44968","42852","42763","44165","43965","43644","44579","44717","44360","44132","44044","42916","41144","38530","35857","32704","29504","26853","24678","22967","21593","20572","20064","19919","19951","20253","20617","20880",
"Medium","Ulsan","Total","25-29 Years old","Population projection","","92186","89364","85926","83152","81737","82193","83539","84827","87209","87085","82369","77369","73313","70930","71755","75164","76159","76011","77232","76758","75960","75158","72743","70568","68384","64647","60308","55344","50366","47525","44643","42161","41583","42286","41655","41390","42303","42392","42065","41863","41848","40843","39301","37092","34903","32181","29349","27013","25124","23618","22363","21428","20943",
"Medium","Ulsan","Total","30-34 Years old","Population projection","","107385","106850","106866","105134","102187","98103","94519","90706","89115","87851","88241","91189","94724","96526","96365","92746","87853","81149","75889","72838","71597","69943","70246","71896","72904","72887","72884","71456","69372","66479","63675","60337","56184","51881","49365","46316","43593","42827","43303","42567","42335","43241","43344","43027","42803","42787","41810","40310","38166","36054","33380","30574","28273",
"Medium","Ulsan","Total","35-39 years old","Population projection","","111939","110375","109428","108401","109115","108456","108540","108022","107560","104816","101279","97278","93593","91244","90281","92444","94984","97200","96957","94838","88693","82303","76079","71671","69426","68929","68332","69166","70302","70815","70950","71068","69777","67882","65295","62888","59953","56116","52102","49711","46593","43814","42992","43379","42602","42395","43298","43406","43100","42866","42855","41887","40400",
"Medium","Ulsan","Total","40-44 years old","Population projection","","97480","102349","106739","110208","111021","110864","109518","108632","107945","109853","109727","109874","109718","108862","105927","103064","98363","93615","90574","88280","89236","90684","92584","92746","91026","85453","80089","74442","69904","67508","67121","66600","67527","68763","69383","69608","69805","68603","66819","64400","62208","59498","55854","52023","49714","46580","43784","42934","43272","42477","42290","43187","43301",
"Medium","Ulsan","Total","45-49 years old","Population projection","","66040","72336","77621","83436","90018","95327","101066","104957","108886","109180","108904","107936","107921","107092","110951","111554","110531","109471","107634","103668","99905","94508","90172","87234","85639","86677","88757","90840","90832","88818","83496","78412","73011","68697","66462","66158","65695","66694","67995","68690","68983","69239","68100","66393","64101","62062","59502","55991","52278","50020","46872","44069","43210",
"Medium","Ulsan","Total","50-54 years old","Population projection","","45295","48211","51824","55143","58663","64215","69761","74773","81087","87735","93019","100070","103783","107440","107537","107991","106243","106104","104815","108036","107601","106192","105403","103910","100560","97200","92669","88644","85850","83896","84904","86929","88974","89018","87124","82007","77148","71942","67806","65698","65454","65048","66105","67459","68216","68572","68888","67816","66184","63988","62056","59612","56201",
"Medium","Ulsan","Total","55-59 Years old","Population projection","","31098","32516","34294","36860","39931","43718","47117","50152","53162","56204","61527","67567","72643","78370","84967","90242","97498","100547","103806","103108","102944","100716","100872","100409","104227","103887","103220","102698","101290","97897","94795","90478","86637","83951","82041","83050","85042","87060","87131","85325","80379","75711","70691","66731","64750","64574","64221","65332","66743","67557","67973","68342","67320",
"Medium","Ulsan","Total","60-64 Years old","Population projection","","23880","25393","27060","28332","29219","29954","30783","31962","34103","36828","39803","43487","46825","49765","52934","58399","64084","68607","73757","79803","84821","91340","94160","97678","97338","97334","95687","96002","95269","98588","98341","97917","97627","96451","93360","90545","86481","82886","80380","78576","79613","81557","83511","83592","81869","77134","72739","67988","64275","62466","62367","62066","63221",
"Medium","Ulsan","Total","65-69 years old","Population projection","","16558","18008","19069","20096","21083","22616","23650","25364","26904","27802","28366","28557","29836","31437","34220","37014","40707","43719","46336","49065","54434","59607","63957","68992","74939","79401","85938","88716","91873","91214","91215","89611","89948","89315","92612","92476","92284","92200","91240","88460","85917","82142","78814","76477","74780","75832","77717","79626","79745","78155","73679","69560","65065",
"Medium","Ulsan","Total","70-74 Years old","Population projection","","11127","11723","12420","13171","14011","15025","16193","17118","18075","19183","20237","21518","23281","25332","26151","27050","26465","27603","28939","31633","34253","37634","40504","43089","45728","50684","55662","59833","64494","69933","74161","80362","82944","85951","85329","85381","83907","84307","83827","87092","87089","87108","87200","86442","83951","81655","78147","75071","72919","71355","72436","74290","76180",
"Medium","Ulsan","Total","75-79 Years old","Population projection","","7381","7692","8110","8500","8942","9482","10036","10726","11365","12141","12981","14006","15018","16037","17094","18293","19332","20715","22637","23267","23970","23600","24752","26000","28459","30887","33944","36581","38947","41330","45906","50459","54311","58604","63597","67561","73333","75676","78491","77938","78097","76883","77370","77094","80279","80413","80632","80867","80296","78135","76111","72941","70176",
"Medium","Ulsan","Total","80 Years old & over","Population projection","","6051","6444","6882","7364","7890","8489","9065","9824","10469","11235","12164","12911","13798","14702","15877","17113","18750","20074","21349","23176","24984","26647","28557","30878","32366","34078","34670","37099","39947","42840","45787","48260","51949","55743","59536","65278","70530","76187","82260","88891","96268","104689","110293","116644","120402","125437","130112","133762","137429","141897","144831","147721","149827",
"Medium","Ulsan","Total","80-84 Years old","Population projection","","3882","4135","4360","4700","5105","5458","5791","6249","6537","6973","7470","7864","8357","8912","9636","10469","11558","12335","13028","13929","14876","15663","16865","18586","19087","19704","19279","20328","21519","23596","25641","28061","30312","32361","34414","38377","42225","45546","49224","53480","57027","62087","64059","66522","66037","66329","65530","66075","66073","68977","69253","69698","70068",
"Medium","Ulsan","Total","85-89 year old","Population projection","","1602","1758","1931","2053","2129","2305","2442","2619","2890","3170","3484","3709","3981","4155","4477","4776","5154","5524","5946","6563","7186","7857","8367","8770","9383","10075","10732","11680","12942","13262","13663","13277","14077","15048","16525","17988","19550","21198","22725","24248","27219","29980","32440","35139","38243","41005","44825","46173","47989","47543","47892","47598","48137",
"Medium","Ulsan","Total","90-94 Years old","Population projection","","468","479","507","517","560","622","717","828","907","933","1023","1113","1200","1369","1492","1551","1684","1808","1910","2172","2396","2517","2709","2892","3199","3550","3852","4191","4488","4862","5239","5568","6079","6740","6861","7035","6757","7248","7881","8691","9480","10189","11121","12003","12862","14572","16061","17428","18904","20576","22217","24434","25078",
"Medium","Ulsan","Total","95-99 Years old","Population projection","","86","61","72","81","83","92","101","114","122","143","166","204","238","242","244","278","319","366","423","467","484","552","564","571","632","682","736","821","911","1020","1135","1237","1351","1448","1571","1695","1795","1973","2191","2212","2260","2136","2342","2611","2890","3155","3345","3687","4008","4300","4925","5429","5911",
"Medium","Ulsan","Total","100 Years old & over","Population projection","","13","11","12","13","13","12","14","14","13","16","21","21","22","24","28","39","35","41","42","45","42","58","52","59","65","67","71","79","87","100","109","117","130","146","165","183","203","222","239","260","282","297","331","369","370","376","351","399","455","501","544","562","633",
"Medium","Ulsan","Male","Total","Population projection","","534677","541403","546969","550588","553383","554975","558244","560664","568153","571366","571568","578008","584553","591049","598273","605412","605913","600998","597507","593106","587960","580679","574581","571612","570748","566336","562012","557812","553683","549551","545363","541094","536755","532320","527762","523113","518392","513596","508712","503721","498628","493461","488200","482850","477417","471896","466256","460490","454613","448605","442453","436197","429855",
"Medium","Ulsan","Male","0-4 Years old","Population projection","","45867","43826","40969","37762","35287","32416","30147","29220","29391","29206","29010","29760","30148","30255","30408","30806","30171","28791","27046","25111","22660","19959","17859","16102","14687","13632","12821","12350","12180","12166","12241","12372","12442","12458","12425","12352","12256","12151","12021","11850","11650","11433","11199","10979","10794","10628","10471","10303","10112","9893","9637","9341","9013",
"Medium","Ulsan","Male","5-9 Years old","Population projection","","52126","51868","50995","49227","47131","45156","42914","39643","36869","34548","31771","29451","28774","28832","28800","29059","29910","30036","29783","29554","29544","28699","27438","25838","24030","21701","19298","17269","15564","14213","13222","12454","12015","11864","11866","11958","12116","12212","12255","12247","12199","12128","12044","11932","11773","11584","11370","11135","10916","10732","10571","10417","10254",
"Medium","Ulsan","Male","10-14 Years old","Population projection","","43067","44008","45870","48195","49614","50712","50395","49361","47802","45928","44102","42070","39545","36745","34455","31798","29384","28531","28460","28242","28369","29070","29206","28966","28739","28643","27915","26720","25151","23353","21117","18814","16870","15238","13944","12992","12251","11829","11688","11698","11804","11979","12091","12149","12159","12124","12064","11992","11887","11738","11555","11346","11116",
"Medium","Ulsan","Male","15-19 Years old","Population projection","","44012","41859","39658","38248","37961","39193","40989","42297","44130","45363","46292","47663","47205","46078","44308","42613","40613","37555","35051","32440","30024","27796","26767","27319","27585","27506","28111","28159","27899","27648","27561","26853","25711","24201","22470","20322","18135","16307","14775","13563","12668","11969","11586","11465","11483","11604","11789","11915","11985","12006","11986","11940","11881",
"Medium","Ulsan","Male","20-24 Years old","Population projection","","38799","41164","42912","43280","42265","39450","37591","36535","35273","34198","34213","36628","40079","43259","45163","46289","46328","44891","43354","41755","39910","37486","34249","30839","29024","27158","25566","25157","25534","25462","25298","25853","25880","25655","25415","25344","24697","23675","22294","20752","18880","17018","15490","14207","13197","12451","11857","11551","11466","11501","11652","11869","12019",
"Medium","Ulsan","Male","25-29 Years old","Population projection","","45838","44986","43710","42980","42818","43353","44158","45042","46881","47155","44333","41421","39604","38920","40171","42747","43377","43114","43848","43602","43132","43010","41783","40759","39856","37745","35517","33011","30484","28810","27080","25397","24886","25010","24711","24531","25066","25065","24874","24680","24665","24069","23149","21944","20643","19029","17392","16039","14910","14023","13336","12774","12488",
"Medium","Ulsan","Male","30-34 Years old","Population projection","","53608","53216","53031","52152","50879","49127","48046","46734","46665","46348","46799","48698","50526","51446","51455","49827","47244","43808","41207","39918","39380","38577","39001","40306","41198","41436","41768","41157","39994","38408","36846","35148","33008","30787","29295","27500","25746","25194","25237","24882","24703","25232","25236","25061","24862","24844","24267","23388","22231","20991","19444","17857","16548",
"Medium","Ulsan","Male","35-39 years old","Population projection","","58207","57266","56599","55734","55339","54145","54024","53784","53787","52683","51134","49529","48047","47297","47279","48848","50339","51302","50994","49813","46516","43151","40201","38390","37736","37834","37636","38319","39216","39717","39990","40336","39751","38671","37262","35923","34428","32434","30361","28951","27138","25394","24843","24856","24480","24313","24838","24840","24679","24481","24473","23906","23044",
"Medium","Ulsan","Male","40-44 years old","Population projection","","50610","53168","55509","57292","57953","58025","57153","56520","55769","56170","55476","54887","54694","54295","53096","51946","49700","47786","46577","45721","46447","47400","48179","48251","47409","44604","41990","39402","37395","36553","36677","36510","37240","38177","38717","39017","39380","38817","37787","36472","35255","33873","31970","29995","28632","26817","25081","24532","24530","24147","23988","24508","24514",
"Medium","Ulsan","Male","45-49 years old","Population projection","","35047","38052","40697","43643","46763","49336","52373","54597","56720","57060","57106","56619","56136","55058","56346","56170","55003","54291","53487","51578","49812","47295","45651","44518","44196","45007","46322","47192","47147","46118","43455","40993","38523","36613","35833","35981","35841","36607","37570","38142","38468","38846","38302","37306","36065","34935","33628","31793","29878","28544","26727","25005","24462",
"Medium","Ulsan","Male","50-54 years old","Population projection","","24818","26243","28003","29608","31342","33812","36393","38880","42158","45391","48133","51742","53754","55780","55833","56037","55298","54875","53589","54654","53901","52655","52121","51462","49900","48462","46417","44874","43802","43195","43951","45212","46067","46067","45117","42580","40245","37869","36034","35304","35467","35353","36149","37136","37734","38088","38488","37969","37009","35824","34753","33507","31724",
"Medium","Ulsan","Male","55-59 Years old","Population projection","","16386","17262","18378","19842","21636","23685","25443","26928","28360","29836","32387","35202","37610","40364","43684","46348","49974","51758","53671","53269","53147","52156","51975","51182","52591","52051","51262","50848","50281","48728","47409","45450","43958","42901","42280","43004","44232","45083","45121","44234","41797","39562","37268","35502","34819","35003","34917","35740","36753","37376","37753","38168","37664",
"Medium","Ulsan","Male","60-64 Years old","Population projection","","11743","12608","13538","14270","14788","15265","15769","16481","17791","19373","21024","22885","24538","25926","27408","30013","32648","34717","37292","40371","42862","46248","47821","49828","49676","49773","49171","49097","48178","49371","48951","48361","48122","47694","46304","45125","43285","41892","40901","40312","41034","42227","43052","43108","42268","39952","37867","35712","34067","33463","33675","33615","34456",
"Medium","Ulsan","Male","65-69 years old","Population projection","","7012","7831","8474","9090","9673","10527","11204","12047","12925","13354","13729","13978","14798","15771","17407","18875","20814","22316","23493","24685","27289","29724","31768","34197","37226","39383","42652","44218","46033","45731","45850","45292","45259","44457","45690","45388","44977","44880","44580","43361","42328","40638","39374","38458","37917","38631","39779","40586","40676","39917","37757","35830","33818",
"Medium","Ulsan","Male","70-74 Years old","Population projection","","3889","4169","4491","4887","5336","5826","6359","6901","7469","8082","8692","9444","10357","11505","11921","12480","12394","13138","14006","15587","16929","18621","20002","21184","22356","24763","27013","28992","31245","33963","35979","39035","40477","42187","41917","42077","41606","41636","40975","42228","42037","41782","41809","41622","40569","39675","38137","37005","36183","35706","36426","37541","38341",
"Medium","Ulsan","Male","75-79 Years old","Population projection","","2161","2293","2471","2597","2755","2947","3152","3446","3794","4142","4537","4986","5431","5913","6534","7094","7702","8557","9663","9997","10471","10503","11260","12053","13445","14696","16193","17409","18492","19539","21723","23738","25541","27586","30036","31902","34695","35989","37570","37355","37582","37264","37366","36879","38117","38045","37942","38071","37991","37121","36369","35015","34041",
"Medium","Ulsan","Male","80 Years old & over","Population projection","","1487","1584","1664","1781","1843","2000","2134","2248","2369","2529","2830","3045","3307","3605","4005","4462","5014","5532","5986","6809","7567","8329","9300","10418","11094","11942","12360","13638","15088","16576","18013","19276","21005","22754","24480","27117","29436","31956","34669","37690","40953","44694","47272","50251","51905","54173","56369","57919","59340","61142","62351","63558","64472",
"Medium","Ulsan","Male","80-84 Years old","Population projection","","1047","1102","1137","1205","1256","1351","1442","1515","1619","1776","1950","2089","2291","2538","2821","3199","3583","3951","4213","4741","5217","5717","6375","7296","7539","7957","7929","8602","9329","10466","11465","12588","13587","14497","15378","17208","18848","20357","22055","24079","25707","28078","29148","30497","30332","30628","30526","30691","30428","31551","31599","31666","31882",
"Medium","Ulsan","Male","85-89 year old","Population projection","","350","385","421","468","471","537","555","578","585","595","685","724","772","817","902","972","1111","1260","1424","1646","1900","2095","2318","2472","2782","3080","3448","3912","4521","4672","4936","4899","5375","5910","6652","7307","7979","8668","9308","9931","11221","12322","13381","14563","15958","17162","18853","19570","20533","20404","20687","20774","20954",
"Medium","Ulsan","Male","90-94 Years old","Population projection","","78","90","99","100","107","104","126","139","145","134","170","202","213","217","242","239","265","263","288","355","392","442","524","570","673","801","867","987","1080","1248","1387","1545","1763","2040","2093","2203","2167","2423","2721","3081","3392","3672","4023","4358","4680","5357","5900","6441","7040","7736","8386","9276","9607",
"Medium","Ulsan","Male","95-99 Years old","Population projection","","10","5","6","7","8","8","11","16","20","24","25","30","30","32","38","48","53","55","60","64","55","70","79","76","93","98","110","129","150","179","213","232","265","289","334","372","412","474","547","555","584","568","657","760","861","949","1016","1127","1233","1331","1547","1704","1871",
"Medium","Ulsan","Male","100 Years old & over","Population projection","","2","2","1","1","1","0","0","0","0","0","0","0","1","1","2","4","2","3","1","3","3","5","4","4","7","6","6","8","8","11","12","12","15","18","23","27","30","34","38","44","49","54","63","73","74","77","74","90","106","120","132","138","158",
"Medium","Ulsan","Female","Total","Population projection","","500981","505480","509967","511781","513997","516364","518096","518635","523512","526661","527467","534071","540106","546423","552898","558307","560289","557789","555218","552655","551109","544488","538927","534694","532098","527829","523645","519565","515486","511428","507351","503206","498976","494661","490274","485830","481328","476829","472336","467797","463217","458560","453832","449013","444076","438979","433689","428176","422445","416496","410358","404061","397578",
"Medium","Ulsan","Female","0-4 Years old","Population projection","","39789","38116","35897","32996","30985","28571","26750","26097","26579","26641","26578","27365","27843","28236","28640","29025","28533","27331","25545","23633","21488","19031","17098","15525","14396","13276","12418","11941","11768","11679","11758","11885","11957","11972","11937","11868","11775","11676","11554","11390","11199","10988","10761","10549","10372","10215","10064","9906","9721","9508","9259","8974","8660",
"Medium","Ulsan","Female","5-9 Years old","Population projection","","43089","43050","42744","41777","40508","39200","37472","34925","32541","30714","28232","26388","25978","26306","26371","26735","27574","27744","27585","27721","27714","26958","25930","24343","22552","20538","18404","16511","14994","13817","12766","11975","11542","11394","11329","11431","11580","11673","11713","11705","11660","11592","11512","11403","11254","11074","10872","10648","10439","10264","10109","9963","9808",
"Medium","Ulsan","Female","10-14 Years old","Population projection","","36279","36714","38122","39774","41022","41939","41444","41202","40653","39537","38511","36967","35044","32512","30656","28257","26403","25641","25912","25873","26177","26728","26908","26728","26777","26839","26279","25290","23629","21886","19958","17900","16084","14636","13510","12502","11746","11337","11202","11146","11262","11423","11528","11581","11586","11554","11497","11429","11330","11190","11018","10820","10599",
"Medium","Ulsan","Female","15-19 Years old","Population projection","","40374","37324","34348","32237","31383","32435","33554","33283","33664","34231","35621","37528","37169","36244","35115","34857","33248","31200","28582","26711","25098","23404","22873","24429","25003","24998","25399","25553","25373","25409","25453","24874","23921","22316","20664","18816","16871","15206","13891","12851","11915","11232","10883","10774","10735","10877","11047","11158","11218","11231","11210","11163","11105",
"Medium","Ulsan","Female","20-24 Years old","Population projection","","35836","37693","39182","39076","37407","33825","31297","29673","28883","27748","26088","26497","28421","31268","33196","33206","33069","32252","31482","30251","29687","27704","25151","21146","19057","17810","17286","17606","18631","18503","18346","18726","18837","18705","18717","18700","18219","17469","16236","15105","13824","12486","11363","10471","9770","9142","8715","8513","8453","8450","8601","8748","8861",
"Medium","Ulsan","Female","25-29 Years old","Population projection","","46348","44378","42216","40172","38919","38840","39381","39785","40328","39930","38036","35948","33709","32010","31584","32417","32782","32897","33384","33156","32828","32148","30960","29809","28528","26902","24791","22333","19882","18715","17563","16764","16697","17276","16944","16859","17237","17327","17191","17183","17183","16774","16152","15148","14260","13152","11957","10974","10214","9595","9027","8654","8455",
"Medium","Ulsan","Female","30-34 Years old","Population projection","","53777","53634","53835","52982","51308","48976","46473","43972","42450","41503","41442","42491","44198","45080","44910","42919","40609","37341","34682","32920","32217","31366","31245","31590","31706","31451","31116","30299","29378","28071","26829","25189","23176","21094","20070","18816","17847","17633","18066","17685","17632","18009","18108","17966","17941","17943","17543","16922","15935","15063","13936","12717","11725",
"Medium","Ulsan","Female","35-39 years old","Population projection","","53732","53109","52829","52667","53776","54311","54516","54238","53773","52133","50145","47749","45546","43947","43002","43596","44645","45898","45963","45025","42177","39152","35878","33281","31690","31095","30696","30847","31086","31098","30960","30732","30026","29211","28033","26965","25525","23682","21741","20760","19455","18420","18149","18523","18122","18082","18460","18566","18421","18385","18382","17981","17356",
"Medium","Ulsan","Female","40-44 years old","Population projection","","46870","49181","51230","52916","53068","52839","52365","52112","52176","53683","54251","54987","55024","54567","52831","51118","48663","45829","43997","42559","42789","43284","44405","44495","43617","40849","38099","35040","32509","30955","30444","30090","30287","30586","30666","30591","30425","29786","29032","27928","26953","25625","23884","22028","21082","19763","18703","18402","18742","18330","18302","18679","18787",
"Medium","Ulsan","Female","45-49 years old","Population projection","","30993","34284","36924","39793","43255","45991","48693","50360","52166","52120","51798","51317","51785","52034","54605","55384","55528","55180","54147","52090","50093","47213","44521","42716","41443","41670","42435","43648","43685","42700","40041","37419","34488","32084","30629","30177","29854","30087","30425","30548","30515","30393","29798","29087","28036","27127","25874","24198","22400","21476","20145","19064","18748",
"Medium","Ulsan","Female","50-54 years old","Population projection","","20477","21968","23821","25535","27321","30403","33368","35893","38929","42344","44886","48328","50029","51660","51704","51954","50945","51229","51226","53382","53700","53537","53282","52448","50660","48738","46252","43770","42048","40701","40953","41717","42907","42951","42007","39427","36903","34073","31772","30394","29987","29695","29956","30323","30482","30484","30400","29847","29175","28164","27303","26105","24477",
"Medium","Ulsan","Female","55-59 Years old","Population projection","","14712","15254","15916","17018","18295","20033","21674","23224","24802","26368","29140","32365","35033","38006","41283","43894","47524","48789","50135","49839","49797","48560","48897","49227","51636","51836","51958","51850","51009","49169","47386","45028","42679","41050","39761","40046","40810","41977","42010","41091","38582","36149","33423","31229","29931","29571","29304","29592","29990","30181","30220","30174","29656",
"Medium","Ulsan","Female","60-64 Years old","Population projection","","12137","12785","13522","14062","14431","14689","15014","15481","16312","17455","18779","20602","22287","23839","25526","28386","31436","33890","36465","39432","41959","45092","46339","47850","47662","47561","46516","46905","47091","49217","49390","49556","49505","48757","47056","45420","43196","40994","39479","38264","38579","39330","40459","40484","39601","37182","34872","32276","30208","29003","28692","28451","28765",
"Medium","Ulsan","Female","65-69 years old","Population projection","","9546","10177","10595","11006","11410","12089","12446","13317","13979","14448","14637","14579","15038","15666","16813","18139","19893","21403","22843","24380","27145","29883","32189","34795","37713","40018","43286","44498","45840","45483","45365","44319","44689","44858","46922","47088","47307","47320","46660","45099","43589","41504","39440","38019","36863","37201","37938","39040","39069","38238","35922","33730","31247",
"Medium","Ulsan","Female","70-74 Years old","Population projection","","7238","7554","7929","8284","8675","9199","9834","10217","10606","11101","11545","12074","12924","13827","14230","14570","14071","14465","14933","16046","17324","19013","20502","21905","23372","25921","28649","30841","33249","35970","38182","41327","42467","43764","43412","43304","42301","42671","42852","44864","45052","45326","45391","44820","43382","41980","40010","38066","36736","35649","36010","36749","37839",
"Medium","Ulsan","Female","75-79 Years old","Population projection","","5220","5399","5639","5903","6187","6535","6884","7280","7571","7999","8444","9020","9587","10124","10560","11199","11630","12158","12974","13270","13499","13097","13492","13947","15014","16191","17751","19172","20455","21791","24183","26721","28770","31018","33561","35659","38638","39687","40921","40583","40515","39619","40004","40215","42162","42368","42690","42796","42305","41014","39742","37926","36135",
"Medium","Ulsan","Female","80 Years old & over","Population projection","","4564","4860","5218","5583","6047","6489","6931","7576","8100","8706","9334","9866","10491","11097","11872","12651","13736","14542","15363","16367","17417","18318","19257","20460","21272","22136","22310","23461","24859","26264","27774","28984","30944","32989","35056","38161","41094","44231","47591","51201","55315","59995","63021","66393","68497","71264","73743","75843","78089","80755","82480","84163","85355",
"Medium","Ulsan","Female","80-84 Years old","Population projection","","2835","3033","3223","3495","3849","4107","4349","4734","4918","5197","5520","5775","6066","6374","6815","7270","7975","8384","8815","9188","9659","9946","10490","11290","11548","11747","11350","11726","12190","13130","14176","15473","16725","17864","19036","21169","23377","25189","27169","29401","31320","34009","34911","36025","35705","35701","35004","35384","35645","37426","37654","38032","38186",
"Medium","Ulsan","Female","85-89 year old","Population projection","","1252","1373","1510","1585","1658","1768","1887","2041","2305","2575","2799","2985","3209","3338","3575","3804","4043","4264","4522","4917","5286","5762","6049","6298","6601","6995","7284","7768","8421","8590","8727","8378","8702","9138","9873","10681","11571","12530","13417","14317","15998","17658","19059","20576","22285","23843","25972","26603","27456","27139","27205","26824","27183",
"Medium","Ulsan","Female","90-94 Years old","Population projection","","390","389","408","417","453","518","591","689","762","799","853","911","987","1152","1250","1312","1419","1545","1622","1817","2004","2075","2185","2322","2526","2749","2985","3204","3408","3614","3852","4023","4316","4700","4768","4832","4590","4825","5160","5610","6088","6517","7098","7645","8182","9215","10161","10987","11864","12840","13831","15158","15471",
"Medium","Ulsan","Female","95-99 Years old","Population projection","","76","56","66","74","75","84","90","98","102","119","141","174","208","210","206","230","266","311","363","403","429","482","485","495","539","584","626","692","761","841","922","1005","1086","1159","1237","1323","1383","1499","1644","1657","1676","1568","1685","1851","2029","2206","2329","2560","2775","2969","3378","3725","4040",
"Medium","Ulsan","Female","100 Years old & over","Population projection","","11","9","11","12","12","12","14","14","13","16","21","21","21","23","26","35","33","38","41","42","39","53","48","55","58","61","65","71","79","89","97","105","115","128","142","156","173","188","201","216","233","243","268","296","296","299","277","309","349","381","412","424","475",
"Medium","Sejong","Total","Total","Population projection","","","","","","","","","","","","","","102157","118463","132437","187202","234410","265517","302249","329422","348302","361131","380410","387256","389166","397631","406801","414481","421945","429183","436186","442943","449440","455673","461641","467352","472836","478109","483191","488101","492861","497487","502024","506448","510761","514941","518929","522689","526172","529331","532143","534604","536652",
"Medium","Sejong","Total","0-4 Years old","Population projection","","","","","","","","","","","","","","4573","6068","7101","12469","16097","18189","20497","21598","21238","20286","19641","18149","16643","16042","15588","15397","15708","16229","16866","17638","18346","18967","19486","19906","20227","20463","20597","20620","20557","20425","20242","20043","19882","19750","19625","19478","19290","19046","18730","18347","17896",
"Medium","Sejong","Total","5-9 Years old","Population projection","","","","","","","","","","","","","","4361","6083","7155","12338","16551","19305","22007","23718","25339","26175","26576","26348","25355","24056","22602","21322","19929","18751","18046","17440","17191","17459","17971","18668","19532","20331","21035","21631","22118","22499","22788","22971","23020","22954","22796","22570","22333","22136","21977","21825","21657",
"Medium","Sejong","Total","10-14 Years old","Population projection","","","","","","","","","","","","","","5284","6535","7140","10800","13576","15892","18852","20765","22694","24644","26344","27022","27355","28290","28781","28672","28210","27485","25972","24290","22866","21409","20205","19443","18785","18527","18802","19348","20113","21061","21939","22719","23386","23938","24379","24723","24947","25025","24969","24813","24583",
"Medium","Sejong","Total","15-19 Years old","Population projection","","","","","","","","","","","","","","7908","8442","9077","11691","14197","15715","17088","17588","19147","19054","21495","22299","22921","24171","25610","26640","27274","27945","28789","29138","28942","28393","27574","26008","24334","22939","21537","20426","19716","19092","18902","19231","19814","20652","21673","22608","23441","24158","24760","25252","25646",
"Medium","Sejong","Total","20-24 Years old","Population projection","","","","","","","","","","","","","","9152","9967","10873","13446","16722","17457","18907","20463","21314","19718","21633","21745","21607","20739","20460","20680","21061","21450","22247","23237","23996","24406","24862","25463","25609","25276","24628","23780","22343","20930","19804","18673","17825","17273","16777","16712","17052","17574","18327","19198","19966",
"Medium","Sejong","Total","25-29 Years old","Population projection","","","","","","","","","","","","","","6321","6980","7962","11011","14084","15915","17999","20124","20567","21533","22011","22169","22192","23149","23603","23298","23087","22504","21382","20573","20280","20318","20326","20708","21365","21821","21941","22120","22471","22376","21872","21152","20329","19072","17865","16856","15894","15214","14711","14262","14186",
"Medium","Sejong","Total","30-34 Years old","Population projection","","","","","","","","","","","","","","6985","8554","9872","15600","19509","20922","23124","25029","25864","26387","27512","27900","27745","28337","29315","29770","30087","30448","30807","30747","30144","29439","28445","26966","25618","24925","24778","24602","24850","25441","25838","25855","25932","26185","25939","25284","24392","23386","21976","20534","19274",
"Medium","Sejong","Total","35-39 years old","Population projection","","","","","","","","","","","","","","7317","9232","10490","17758","23721","27917","32632","34936","35104","34578","33807","32655","31461","31649","32131","32990","34150","35333","36266","37306","37796","38006","38177","38350","38171","37310","36226","34947","33149","31407","30527","30382","30189","30414","31074","31551","31563","31606","31837","31526","30729",
"Medium","Sejong","Total","40-44 years old","Population projection","","","","","","","","","","","","","","7438","9737","11452","18088","22746","25746","29440","31745","34320","36869","39856","40975","40227","39222","38237","36769","35886","35636","36012","36607","37757","39274","40760","41934","43168","43737","43938","44051","44166","43955","42942","41627","40177","38169","36176","35205","35106","34939","35193","35963","36552",
"Medium","Sejong","Total","45-49 years old","Population projection","","","","","","","","","","","","","","7078","8005","9605","13366","17707","21456","25489","28641","30957","32328","33931","34756","35216","36969","38807","40989","42146","42322","41374","40309","38879","38028","37849","38377","39137","40499","42275","43969","45308","46681","47320","47547","47656","47775","47583","46507","45077","43545","41433","39322","38345",
"Medium","Sejong","Total","50-54 years old","Population projection","","","","","","","","","","","","","","7955","8915","9488","12043","13858","15766","17984","21106","22996","25873","28748","30427","31506","32950","33538","34077","34685","35221","36811","38501","40621","41734","41919","40992","39963","38623","37865","37766","38399","39246","40721","42621","44385","45780","47193","47842","48078","48193","48327","48167","47079",
"Medium","Sejong","Total","55-59 Years old","Population projection","","","","","","","","","","","","","","6739","7523","8367","10623","13377","15257","17662","18918","19872","19987","21236","21759","23476","24579","26911","28789","30335","31488","32494","32666","32947","33306","33638","35053","36605","38579","39589","39771","38895","37946","36711","36033","35991","36668","37529","39016","40905","42625","43986","45373","46002",
"Medium","Sejong","Total","60-64 Years old","Population projection","","","","","","","","","","","","","","5194","5631","6079","7717","9800","11420","13407","15413","16839","18827","20079","20997","20803","21369","21069","21724","22433","24432","25457","27510","29117","30454","31375","32103","32072","32183","32371","32555","33835","35289","37162","38113","38314","37479","36574","35392","34752","34727","35421","36281","37754",
"Medium","Sejong","Total","65-69 years old","Population projection","","","","","","","","","","","","","","4372","4450","4762","5825","6956","7823","8974","9878","11222","12815","14033","15331","16618","17753","19486","20418","21429","21586","22095","21728","22370","23020","24940","25928","27838","29284","30506","31289","31855","31712","31725","31817","31922","33134","34545","36365","37293","37521","36720","35854","34720",
"Medium","Sejong","Total","70-74 Years old","Population projection","","","","","","","","","","","","","","4574","4929","4961","5270","5448","5740","6146","6870","7591","8334","9005","9562","10065","11290","12714","13750","15103","16519","17694","19410","20343","21338","21501","21979","21637","22272","22898","24757","25724","27538","28891","30058","30784","31271","31096","31080","31138","31232","32419","33819","35628",
"Medium","Sejong","Total","75-79 Years old","Population projection","","","","","","","","","","","","","","3641","3776","4025","4432","4752","5147","5659","5738","5852","5796","5985","6177","6659","7266","7840","8417","8972","9547","10728","12056","13059","14363","15724","16896","18568","19470","20438","20615","21090","20806","21447","22071","23858","24826","26551","27834","28959","29661","30114","29964","29964",
"Medium","Sejong","Total","80 Years old & over","Population projection","","","","","","","","","","","","","","3265","3636","4028","4725","5309","5850","6382","6892","7386","7927","8518","8985","9317","9800","10109","10779","11450","12287","13146","13787","14786","15759","16889","18578","20207","21870","23767","25854","28272","31083","33193","35535","37297","39601","41554","43666","45952","48743","51243","54104","56671",
"Medium","Sejong","Total","80-84 Years old","Population projection","","","","","","","","","","","","","","2027","2247","2460","2864","3228","3519","3788","3961","4130","4319","4635","4920","4976","5087","5012","5212","5437","5950","6501","6992","7532","8037","8588","9684","10888","11836","13039","14301","15444","17028","17889","18812","19017","19494","19323","19952","20602","22278","23257","24879","26104",
"Medium","Sejong","Total","85-89 year old","Population projection","","","","","","","","","","","","","","889","958","1105","1334","1514","1689","1861","2078","2274","2510","2701","2796","2927","3096","3276","3578","3862","3979","4084","4043","4234","4447","4870","5325","5719","6184","6608","7093","8030","9033","9861","10871","11951","12988","14370","15122","15921","16122","16558","16515","17076",
"Medium","Sejong","Total","90-94 Years old","Population projection","","","","","","","","","","","","","","278","353","381","441","462","518","589","715","813","914","975","1022","1134","1297","1468","1598","1701","1843","1966","2082","2287","2481","2560","2627","2593","2736","2909","3201","3502","3736","4056","4345","4688","5344","6011","6574","7242","7965","8710","9682","10176",
"Medium","Sejong","Total","95-99 Years old","Population projection","","","","","","","","","","","","","","64","67","67","72","87","105","123","117","151","165","176","213","252","292","322","354","404","461","533","601","654","702","767","822","872","965","1051","1083","1105","1083","1159","1257","1386","1516","1598","1740","1877","2038","2349","2646","2894",
"Medium","Sejong","Total","100 Years old & over","Population projection","","","","","","","","","","","","","","7","11","15","14","18","19","21","21","18","19","31","34","28","28","31","37","46","54","62","69","79","92","104","120","135","149","160","176","191","203","228","250","255","259","252","278","310","340","369","382","421",
"Medium","Sejong","Male","Total","Population projection","","","","","","","","","","","","","","52900","61123","68048","94881","118560","133811","152006","165825","175036","181114","191037","194433","195298","199495","204062","207891","211641","215286","218821","222254","225558","228739","231791","234716","237530","240240","242830","245319","247720","250037","252303","254505","256655","258751","260765","262667","264456","266096","267573","268890","270010",
"Medium","Sejong","Male","0-4 Years old","Population projection","","","","","","","","","","","","","","2275","3074","3563","6402","8323","9372","10464","11087","10841","10302","9953","9164","8392","8070","7864","7774","7926","8201","8521","8911","9266","9578","9841","10052","10213","10332","10399","10411","10380","10314","10221","10121","10040","9974","9913","9839","9745","9621","9460","9267","9038",
"Medium","Sejong","Male","5-9 Years old","Population projection","","","","","","","","","","","","","","2196","3061","3629","6226","8347","9793","11282","12121","13059","13472","13653","13470","13031","12317","11518","10825","10140","9498","9123","8834","8707","8833","9100","9448","9886","10291","10647","10948","11192","11384","11528","11621","11647","11615","11534","11419","11300","11201","11121","11044","10958",
"Medium","Sejong","Male","10-14 Years old","Population projection","","","","","","","","","","","","","","2650","3315","3655","5507","6809","7973","9391","10365","11392","12439","13355","13777","13964","14498","14709","14652","14380","14049","13226","12324","11570","10852","10201","9804","9488","9358","9491","9776","10160","10638","11082","11475","11809","12086","12307","12478","12591","12630","12602","12521","12403",
"Medium","Sejong","Male","15-19 Years old","Population projection","","","","","","","","","","","","","","4089","4295","4540","5898","7223","7960","8689","8853","9581","9494","10816","11140","11395","11966","12744","13293","13685","14033","14507","14648","14553","14248","13880","13049","12183","11463","10780","10180","9820","9524","9423","9581","9881","10293","10804","11273","11687","12045","12345","12593","12790",
"Medium","Sejong","Male","20-24 Years old","Population projection","","","","","","","","","","","","","","5421","5840","6197","7406","9283","9564","10253","11099","11480","10433","11535","11440","11327","10899","10888","11025","11131","11286","11700","12286","12710","12979","13207","13564","13623","13476","13119","12723","11935","11178","10571","9995","9502","9220","8965","8913","9089","9371","9765","10232","10644",
"Medium","Sejong","Male","25-29 Years old","Population projection","","","","","","","","","","","","","","3787","4196","4724","6102","7521","8338","9290","10465","10653","11120","11511","11780","11829","12298","12304","12033","11890","11607","11019","10709","10573","10565","10575","10777","11156","11395","11493","11561","11779","11711","11476","11088","10709","10026","9420","8904","8428","8047","7811","7581","7543",
"Medium","Sejong","Male","30-34 Years old","Population projection","","","","","","","","","","","","","","3840","4525","5068","7536","9517","10136","11316","12327","12816","13054","13589","13891","13953","14337","15011","15338","15553","15685","15839","15613","15247","14846","14327","13553","12962","12614","12515","12419","12530","12840","13023","13050","13059","13214","13060","12752","12297","11845","11112","10427","9798",
"Medium","Sejong","Male","35-39 years old","Population projection","","","","","","","","","","","","","","4060","4899","5440","8841","11740","13641","15889","17133","17122","16980","16599","16245","15770","15877","16120","16626","17314","18007","18548","19212","19505","19619","19639","19680","19392","18898","18289","17610","16661","15860","15410","15311","15201","15290","15619","15838","15853","15837","15969","15776","15395",
"Medium","Sejong","Male","40-44 years old","Population projection","","","","","","","","","","","","","","4141","5418","6310","9668","11948","13366","15080","16006","17088","18260","19718","20091","19615","19150","18757","18092","17830","17830","18054","18383","19048","19920","20765","21423","22167","22471","22556","22536","22533","22220","21649","20916","20144","19085","18154","17655","17575","17470","17565","17942","18208",
"Medium","Sejong","Male","45-49 years old","Population projection","","","","","","","","","","","","","","3788","4302","5260","7270","9618","11604","13745","15294","16337","16842","17392","17643","17621","18381","19224","20224","20670","20752","20318","19872","19219","18953","18967","19278","19700","20473","21482","22432","23169","23971","24291","24368","24331","24312","24000","23391","22596","21778","20664","19668","19162",
"Medium","Sejong","Male","50-54 years old","Population projection","","","","","","","","","","","","","","4167","4662","5006","6388","7265","8275","9311","11043","11990","13586","15184","16034","16576","17212","17327","17341","17521","17653","18375","19177","20171","20631","20742","20319","19882","19265","19023","19062","19438","19916","20748","21824","22811","23578","24392","24702","24771","24732","24712","24416","23804",
"Medium","Sejong","Male","55-59 Years old","Population projection","","","","","","","","","","","","","","3404","3879","4328","5422","6776","7765","8976","9617","10185","10249","10947","11150","12044","12628","13910","15036","15814","16361","16813","16760","16711","16821","16894","17565","18327","19274","19713","19842","19445","19041","18469","18252","18310","18718","19213","20055","21130","22098","22850","23646","23943",
"Medium","Sejong","Male","60-64 Years old","Population projection","","","","","","","","","","","","","","2567","2781","2989","3827","4830","5654","6685","7676","8380","9369","9957","10493","10417","10839","10659","11018","11290","12378","12902","14026","14975","15636","16089","16421","16297","16211","16277","16307","16932","17658","18566","18994","19147","18771","18390","17848","17644","17705","18125","18626","19463",
"Medium","Sejong","Male","65-69 years old","Population projection","","","","","","","","","","","","","","2038","2069","2249","2805","3360","3782","4402","4804","5532","6307","6899","7547","8127","8652","9528","10028","10631","10727","11116","10914","11279","11530","12565","13068","14119","14975","15588","16003","16278","16127","16031","16073","16082","16689","17413","18315","18760","18944","18593","18229","17708",
"Medium","Sejong","Male","70-74 Years old","Population projection","","","","","","","","","","","","","","1979","2150","2183","2312","2441","2620","2842","3271","3655","4030","4362","4653","4874","5494","6211","6702","7380","8066","8626","9498","10000","10592","10695","11064","10883","11252","11503","12502","13002","14009","14815","15414","15819","16070","15924","15836","15878","15900","16510","17245","18163",
"Medium","Sejong","Male","75-79 Years old","Population projection","","","","","","","","","","","","","","1475","1551","1662","1804","1925","2101","2375","2442","2517","2552","2664","2800","3087","3391","3656","3948","4235","4491","5082","5739","6213","6863","7514","8076","8915","9394","9959","10070","10430","10296","10669","10928","11879","12386","13338","14103","14682","15086","15330","15214","15157",
"Medium","Sejong","Male","80 Years old & over","Population projection","","","","","","","","","","","","","","1023","1106","1245","1467","1634","1867","2016","2222","2408","2625","2903","3115","3276","3486","3632","3936","4251","4662","5052","5348","5811","6273","6790","7575","8337","9098","9996","10937","12036","13350","14331","15494","16284","17424","18319","19346","20430","21786","23039","24463","25833",
"Medium","Sejong","Male","80-84 Years old","Population projection","","","","","","","","","","","","","","673","731","822","982","1103","1262","1367","1458","1521","1628","1810","1968","2020","2096","2084","2191","2322","2605","2866","3086","3349","3601","3845","4372","4944","5383","5967","6554","7090","7861","8305","8831","8957","9309","9249","9612","9897","10769","11281","12159","12878",
"Medium","Sejong","Male","85-89 year old","Population projection","","","","","","","","","","","","","","268","268","302","357","414","473","496","574","657","758","842","892","943","1026","1119","1256","1393","1452","1514","1519","1617","1734","1951","2153","2319","2534","2736","2943","3371","3822","4188","4658","5136","5605","6256","6632","7079","7201","7512","7525","7844",
"Medium","Sejong","Male","90-94 Years old","Population projection","","","","","","","","","","","","","","69","90","110","112","105","113","134","162","192","204","213","216","268","313","370","426","461","510","559","610","693","771","806","841","842","912","994","1127","1247","1335","1469","1593","1729","2002","2276","2506","2797","3093","3404","3825","4056",
"Medium","Sejong","Male","95-99 Years old","Population projection","","","","","","","","","","","","","","12","15","8","14","12","19","18","27","37","32","32","33","41","47","55","59","70","89","106","125","143","156","174","192","212","245","272","283","294","294","324","361","410","454","484","535","587","644","754","863","952",
"Medium","Sejong","Male","100 Years old & over","Population projection","","","","","","","","","","","","","","1","2","3","2","0","0","1","1","1","3","6","6","4","4","4","4","5","6","7","8","9","11","14","17","20","24","27","30","34","38","45","51","52","54","54","61","70","79","88","91","103",
"Medium","Sejong","Female","Total","Population projection","","","","","","","","","","","","","","49257","57340","64389","92321","115850","131706","150243","163597","173266","180017","189373","192823","193868","198136","202739","206590","210304","213897","217365","220689","223882","226934","229850","232636","235306","237869","240361","242782","245141","247450","249721","251943","254106","256190","258164","260022","261716","263235","264570","265714","266642",
"Medium","Sejong","Female","0-4 Years old","Population projection","","","","","","","","","","","","","","2298","2994","3538","6067","7774","8817","10033","10511","10397","9984","9688","8985","8251","7972","7724","7623","7782","8028","8345","8727","9080","9389","9645","9854","10014","10131","10198","10209","10177","10111","10021","9922","9842","9776","9712","9639","9545","9425","9270","9080","8858",
"Medium","Sejong","Female","5-9 Years old","Population projection","","","","","","","","","","","","","","2165","3022","3526","6112","8204","9512","10725","11597","12280","12703","12923","12878","12324","11739","11084","10497","9789","9253","8923","8606","8484","8626","8871","9220","9646","10040","10388","10683","10926","11115","11260","11350","11373","11339","11262","11151","11033","10935","10856","10781","10699",
"Medium","Sejong","Female","10-14 Years old","Population projection","","","","","","","","","","","","","","2634","3220","3485","5293","6767","7919","9461","10400","11302","12205","12989","13245","13391","13792","14072","14020","13830","13436","12746","11966","11296","10557","10004","9639","9297","9169","9311","9572","9953","10423","10857","11244","11577","11852","12072","12245","12356","12395","12367","12292","12180",
"Medium","Sejong","Female","15-19 Years old","Population projection","","","","","","","","","","","","","","3819","4147","4537","5793","6974","7755","8399","8735","9566","9560","10679","11159","11526","12205","12866","13347","13589","13912","14282","14490","14389","14145","13694","12959","12151","11476","10757","10246","9896","9568","9479","9650","9933","10359","10869","11335","11754","12113","12415","12659","12856",
"Medium","Sejong","Female","20-24 Years old","Population projection","","","","","","","","","","","","","","3731","4127","4676","6040","7439","7893","8654","9364","9834","9285","10098","10305","10280","9840","9572","9655","9930","10164","10547","10951","11286","11427","11655","11899","11986","11800","11509","11057","10408","9752","9233","8678","8323","8053","7812","7799","7963","8203","8562","8966","9322",
"Medium","Sejong","Female","25-29 Years old","Population projection","","","","","","","","","","","","","","2534","2784","3238","4909","6563","7577","8709","9659","9914","10413","10500","10389","10363","10851","11299","11265","11197","10897","10363","9864","9707","9753","9751","9931","10209","10426","10448","10559","10692","10665","10396","10064","9620","9046","8445","7952","7466","7167","6900","6681","6643",
"Medium","Sejong","Female","30-34 Years old","Population projection","","","","","","","","","","","","","","3145","4029","4804","8064","9992","10786","11808","12702","13048","13333","13923","14009","13792","14000","14304","14432","14534","14763","14968","15134","14897","14593","14118","13413","12656","12311","12263","12183","12320","12601","12815","12805","12873","12971","12879","12532","12095","11541","10864","10107","9476",
"Medium","Sejong","Female","35-39 years old","Population projection","","","","","","","","","","","","","","3257","4333","5050","8917","11981","14276","16743","17803","17982","17598","17208","16410","15691","15772","16011","16364","16836","17326","17718","18094","18291","18387","18538","18670","18779","18412","17937","17337","16488","15547","15117","15071","14988","15124","15455","15713","15710","15769","15868","15750","15334",
"Medium","Sejong","Female","40-44 years old","Population projection","","","","","","","","","","","","","","3297","4319","5142","8420","10798","12380","14360","15739","17232","18609","20138","20884","20612","20072","19480","18677","18056","17806","17958","18224","18709","19354","19995","20511","21001","21266","21382","21515","21633","21735","21293","20711","20033","19084","18022","17550","17531","17469","17628","18021","18344",
"Medium","Sejong","Female","45-49 years old","Population projection","","","","","","","","","","","","","","3290","3703","4345","6096","8089","9852","11744","13347","14620","15486","16539","17113","17595","18588","19583","20765","21476","21570","21056","20437","19660","19075","18882","19099","19437","20026","20793","21537","22139","22710","23029","23179","23325","23463","23583","23116","22481","21767","20769","19654","19183",
"Medium","Sejong","Female","50-54 years old","Population projection","","","","","","","","","","","","","","3788","4253","4482","5655","6593","7491","8673","10063","11006","12287","13564","14393","14930","15738","16211","16736","17164","17568","18436","19324","20450","21103","21177","20673","20081","19358","18842","18704","18961","19330","19973","20797","21574","22202","22801","23140","23307","23461","23615","23751","23275",
"Medium","Sejong","Female","55-59 Years old","Population projection","","","","","","","","","","","","","","3335","3644","4039","5201","6601","7492","8686","9301","9687","9738","10289","10609","11432","11951","13001","13753","14521","15127","15681","15906","16236","16485","16744","17488","18278","19305","19876","19929","19450","18905","18242","17781","17681","17950","18316","18961","19775","20527","21136","21727","22059",
"Medium","Sejong","Female","60-64 Years old","Population projection","","","","","","","","","","","","","","2627","2850","3090","3890","4970","5766","6722","7737","8459","9458","10122","10504","10386","10530","10410","10706","11143","12054","12555","13484","14142","14818","15286","15682","15775","15972","16094","16248","16903","17631","18596","19119","19167","18708","18184","17544","17108","17022","17296","17655","18291",
"Medium","Sejong","Female","65-69 years old","Population projection","","","","","","","","","","","","","","2334","2381","2513","3020","3596","4041","4572","5074","5690","6508","7134","7784","8491","9101","9958","10390","10798","10859","10979","10814","11091","11490","12375","12860","13719","14309","14918","15286","15577","15585","15694","15744","15840","16445","17132","18050","18533","18577","18127","17625","17012",
"Medium","Sejong","Female","70-74 Years old","Population projection","","","","","","","","","","","","","","2595","2779","2778","2958","3007","3120","3304","3599","3936","4304","4643","4909","5191","5796","6503","7048","7723","8453","9068","9912","10343","10746","10806","10915","10754","11020","11395","12255","12722","13529","14076","14644","14965","15201","15172","15244","15260","15332","15909","16574","17465",
"Medium","Sejong","Female","75-79 Years old","Population projection","","","","","","","","","","","","","","2166","2225","2363","2628","2827","3046","3284","3296","3335","3244","3321","3377","3572","3875","4184","4469","4737","5056","5646","6317","6846","7500","8210","8820","9653","10076","10479","10545","10660","10510","10778","11143","11979","12440","13213","13731","14277","14575","14784","14750","14807",
"Medium","Sejong","Female","80 Years old & over","Population projection","","","","","","","","","","","","","","2242","2530","2783","3258","3675","3983","4366","4670","4978","5302","5615","5870","6041","6314","6477","6843","7199","7625","8094","8439","8975","9486","10099","11003","11870","12772","13771","14917","16236","17733","18862","20041","21013","22177","23235","24320","25522","26957","28204","29641","30838",
"Medium","Sejong","Female","80-84 Years old","Population projection","","","","","","","","","","","","","","1354","1516","1638","1882","2125","2257","2421","2503","2609","2691","2825","2952","2956","2991","2928","3021","3115","3345","3635","3906","4183","4436","4743","5312","5944","6453","7072","7747","8354","9167","9584","9981","10060","10185","10074","10340","10705","11509","11976","12720","13226",
"Medium","Sejong","Female","85-89 year old","Population projection","","","","","","","","","","","","","","621","690","803","977","1100","1216","1365","1504","1617","1752","1859","1904","1984","2070","2157","2322","2469","2527","2570","2524","2617","2713","2919","3172","3400","3650","3872","4150","4659","5211","5673","6213","6815","7383","8114","8490","8842","8921","9046","8990","9232",
"Medium","Sejong","Female","90-94 Years old","Population projection","","","","","","","","","","","","","","209","263","271","329","357","405","455","553","621","710","762","806","866","984","1098","1172","1240","1333","1407","1472","1594","1710","1754","1786","1751","1824","1915","2074","2255","2401","2587","2752","2959","3342","3735","4068","4445","4872","5306","5857","6120",
"Medium","Sejong","Female","95-99 Years old","Population projection","","","","","","","","","","","","","","52","52","59","58","75","86","105","90","114","133","144","180","211","245","267","295","334","372","427","476","511","546","593","630","660","720","779","800","811","789","835","896","976","1062","1114","1205","1290","1394","1595","1783","1942",
"Medium","Sejong","Female","100 Years old & over","Population projection","","","","","","","","","","","","","","6","9","12","12","18","19","20","20","17","16","25","28","24","24","27","33","41","48","55","61","70","81","90","103","115","125","133","146","157","165","183","199","203","205","198","217","240","261","281","291","318",
"Medium","Gyeonggi-do","Total","Total","Population projection","","9146445","9451079","9813893","10149261","10415516","10625127","10853412","11056824","11266554","11413244","11618962","11825310","11974482","12126274","12282013","12423017","12600313","12785790","13026541","13241253","13452422","13611134","13689761","13781261","13861071","13948740","14026937","14099503","14166211","14227573","14283573","14333721","14378111","14416703","14449297","14475519","14495365","14509365","14516185","14514763","14505838","14489372","14465444","14434367","14396103","14350771","14298106","14237773","14169279","14092519","14007393","13913928","13812127",
"Medium","Gyeonggi-do","Total","0-4 Years old","Population projection","","746229","737625","728379","707347","682634","647353","614108","605412","609446","604805","612355","626715","628470","622471","617607","615798","605980","588835","568444","549037","514081","478467","447054","419470","393855","373459","358108","349446","347956","354781","368136","383719","397745","409885","420025","428214","434650","439615","442177","441510","438204","432762","425562","418203","412041","406777","401938","397026","391530","385033","377276","368117","357635",
"Medium","Gyeonggi-do","Total","5-9 Years old","Population projection","","808538","821865","830408","827792","817904","808630","794963","763045","727165","697241","661467","626393","615789","621866","618291","619153","635106","642317","643294","646134","653736","648731","627455","597584","567886","528640","487077","453878","427185","401897","380385","364259","355287","353947","361085","374778","390687","405001","417384","427752","436132","442719","447818","450456","449729","446262","440619","433227","425702","419433","414089","409170","404168",
"Medium","Gyeonggi-do","Total","10-14 Years old","Population projection","","651557","676140","716123","759665","799741","827864","840227","836939","827449","814560","806185","791064","762873","727958","699422","659190","624239","613973","624326","624629","633241","653993","661529","658519","655752","659319","648799","628640","599204","570569","530668","488607","454947","427774","402119","380392","364115","355118","353855","361041","374709","390567","404817","417137","427451","435786","442335","447409","450018","449254","445764","440116","432708",
"Medium","Gyeonggi-do","Total","15-19 Years old","Population projection","","677876","666377","654904","646314","646205","659853","685897","716543","750798","783243","810899","829250","825268","814381","799558","791588","778821","750890","717194","690938","666798","628004","616076","633823","635089","642049","660062","666836","662822","660583","663470","652180","631411","601368","572418","532139","489901","456168","428850","403023","381280","364981","355999","354847","362072","375623","391273","405230","417289","427378","435511","441892","446809",
"Medium","Gyeonggi-do","Total","20-24 Years old","Population projection","","648787","691607","738366","773219","782562","765792","747110","720543","698906","691835","697026","722342","759030","795833","823320","836798","852029","852962","851428","839827","851606","832213","793121","747936","715262","679575","648001","643350","655913","654689","657299","672447","677469","672735","669481","671263","659394","638181","608025","579204","539700","498689","465813","438954","413654","392547","376874","368553","367749","374636","387219","401668","414463",
"Medium","Gyeonggi-do","Total","25-29 Years old","Population projection","","850285","844836","840219","835405","830991","841163","879366","913861","930502","920307","895498","864089","821351","796035","794802","806451","823612","863639","909684","945048","973443","990834","981754","968838","948431","932875","911490","875449","831776","799029","758123","719282","707547","713416","706873","706717","720261","724471","719205","715174","716141","703405","681127","649967","620189","579612","537369","502962","474713","448585","427028","410971","402318",
"Medium","Gyeonggi-do","Total","30-34 Years old","Population projection","","950116","979557","1025483","1063616","1075948","1066922","1044980","1018448","992653","966377","979942","1002811","1023104","1033419","1025950","985395","949065","911548","897698","901321","916538","932202","965241","1007120","1034170","1056058","1071555","1063999","1050721","1031739","1015602","993367","954979","908434","872320","825939","780459","763319","765161","755887","754472","767574","771842","766181","761410","761964","748456","724752","691946","660334","617604","572763","535706",
"Medium","Gyeonggi-do","Total","35-39 years old","Population projection","","983942","986071","997792","1014979","1049114","1078138","1114900","1148404","1172731","1165803","1158751","1125085","1084757","1050960","1025277","1034208","1058774","1093699","1121102","1127061","1092824","1060766","1012424","984237","975714","986164","999397","1033427","1070843","1099475","1121182","1136974","1129431","1115359","1095272","1078115","1054818","1014021","964350","925058","874507","824535","804406","804744","794522","792502","805602","810266","804359","799028","799158","784907","759785",
"Medium","Gyeonggi-do","Total","40-44 years old","Population projection","","830030","887264","945757","996350","1021804","1032684","1033953","1041081","1049089","1085450","1114115","1150877","1179929","1198616","1190386","1171981","1134406","1104542","1085155","1071192","1093108","1129588","1164847","1181772","1175928","1136540","1096593","1049521","1016719","1008043","1016561","1028490","1061853","1099430","1128038","1149365","1165085","1157357","1142740","1121998","1104330","1080553","1038346","987007","946282","893841","841964","820913","820947","810376","808068","821254","826136",
"Medium","Gyeonggi-do","Total","45-49 years old","Population projection","","509693","582506","647780","722024","797472","859243","924257","972316","1020348","1034052","1045057","1043604","1052928","1051202","1101341","1121987","1158700","1191617","1222488","1220517","1206549","1175634","1142461","1114253","1094695","1116315","1147707","1184938","1202422","1196450","1154946","1112871","1064011","1029443","1019211","1026723","1037823","1070568","1107856","1136054","1156922","1172494","1164692","1149954","1129108","1111448","1087669","1044998","993299","952401","899454","847098","825965",
"Medium","Gyeonggi-do","Total","50-54 years old","Population projection","","371117","396152","425890","454253","487491","543171","613004","667051","736516","807239","869888","945526","989272","1034430","1045177","1053605","1044354","1061132","1067032","1127301","1151772","1195271","1228171","1250627","1242954","1226954","1190188","1157270","1129847","1108814","1128500","1158466","1194382","1210625","1203559","1160994","1117868","1068237","1032839","1021743","1028617","1039186","1071419","1108374","1136239","1156771","1172252","1164489","1149833","1129122","1111654","1088053","1045326",
"Medium","Gyeonggi-do","Total","55-59 Years old","Population projection","","312263","321886","339990","362387","385819","403986","419706","443700","471359","500127","556910","627445","680773","744980","816018","877395","957133","1001229","1054319","1067423","1077920","1068997","1084096","1081689","1138926","1161444","1200369","1232400","1255166","1246145","1228246","1189697","1155092","1126241","1104042","1122602","1151531","1186400","1201674","1193897","1150905","1107529","1057932","1022430","1011028","1017576","1027792","1059580","1096132","1123562","1143729","1159096","1151449",
"Medium","Gyeonggi-do","Total","60-64 Years old","Population projection","","283202","296842","314812","330138","336280","345114","349250","362716","380561","400513","420776","438456","457774","479427","510621","568565","637795","692454","761847","836218","900527","980895","1018557","1062311","1068744","1074916","1062369","1075274","1072226","1125785","1146740","1183995","1214276","1235220","1224989","1206168","1167041","1132065","1102948","1080579","1098555","1126618","1160449","1174852","1166616","1123795","1080978","1032206","997315","986064","992484","1002444","1033749",
"Medium","Gyeonggi-do","Total","65-69 years old","Population projection","","215856","233263","250996","269113","284689","295010","307104","324613","340195","344691","353159","353633","365504","378982","398622","421069","441780","461597","485689","518478","579049","645700","696993","759261","828778","886100","960187","995445","1037426","1040219","1043801","1029507","1040477","1036753","1088447","1108251","1144185","1173017","1192666","1182170","1163501","1125103","1090971","1062635","1040931","1058673","1086010","1118913","1132755","1124639","1082837","1041314","994021",
"Medium","Gyeonggi-do","Total","70-74 Years old","Population projection","","141808","151481","165346","180121","193559","209935","227116","243422","258260","272440","283932","295765","315212","332429","338116","347041","345843","358786","374737","395659","419795","438896","456021","476897","505486","561866","624462","673593","733221","798119","852082","921939","954137","993153","994522","997164","982851","993043","989743","1039826","1059031","1093966","1121688","1140561","1130674","1112969","1076312","1043921","1017179","996862","1014768","1041593","1073730",
"Medium","Gyeonggi-do","Total","75-79 Years old","Population projection","","92403","97826","103863","110399","118672","127482","135746","147199","158772","169796","184714","201695","217291","231881","247284","260039","273782","294019","313491","321032","331015","329569","341821","355203","373575","394760","411444","429190","450042","477129","529972","587898","633778","689289","749470","800141","865343","894736","931019","931665","934348","921379","931213","929304","977393","996267","1030089","1056600","1074663","1066050","1049823","1015914","986119",
"Medium","Gyeonggi-do","Total","80 Years old & over","Population projection","","72743","79781","87785","96139","104631","112787","121725","131531","141804","154765","168288","180560","195157","211404","230221","252754","278894","302551","328613","359438","390420","421374","452140","481721","505826","531706","549129","586847","622722","654107","687860","710023","751289","793631","837426","906554","969353","1038048","1115693","1198182","1294484","1397312","1471350","1558761","1616764","1688358","1750574","1806728","1863850","1939762","2000927","2067558","2122040",
"Medium","Gyeonggi-do","Total","80-84 Years old","Population projection","","47094","51428","56227","61687","67417","72426","76802","81520","86193","93661","101510","108845","117854","127528","137778","150996","168174","182236","196888","213091","226736","239844","257507","273064","278716","286400","284740","297664","311053","327628","346750","361041","377961","397154","421395","469008","519635","560616","609773","662772","708944","767342","792985","825571","825789","829284","819331","828789","829325","873862","892437","924336","948823",
"Medium","Gyeonggi-do","Total","85-89 year old","Population projection","","19045","21169","23686","25944","28026","29981","33181","36639","40792","44889","48751","51539","54559","57674","64278","71045","77285","84085","91837","100907","113068","126000","135604","145059","156864","166448","176525","192110","205755","210662","216299","214737","226025","237624","250827","266186","276557","291243","307334","326803","365491","404625","437358","476149","517583","555711","602577","622094","648056","647521","651824","646322","654768",
"Medium","Gyeonggi-do","Total","90-94 Years old","Population projection","","5473","5984","6528","7036","7603","8567","9729","11155","12444","13542","14911","16612","18701","21807","23397","25000","26855","28586","30962","35802","40365","44066","47176","50801","55850","62740","70282","77386","83985","91337","97190","103357","113176","121721","124587","127688","126295","134449","142726","151093","160892","166414","176792","187839","200435","226006","249875","270625","294854","320424","345976","376262","387385",
"Medium","Gyeonggi-do","Total","95-99 Years old","Population projection","","994","1053","1181","1298","1394","1577","1749","1927","2051","2307","2713","3130","3567","3906","4239","5029","5807","6778","7968","8520","9016","9952","10247","11036","12666","14343","15690","17547","19458","21626","24412","27393","30189","32730","35685","38073","40593","44816","48363","49301","50341","49477","53671","57788","61365","65532","67212","72275","77457","82964","94698","104477","113323",
"Medium","Gyeonggi-do","Total","100 Years old & over","Population projection","","137","147","163","174","191","236","264","290","324","366","403","434","476","489","529","684","773","866","958","1118","1235","1512","1606","1761","1730","1775","1892","2140","2471","2854","3209","3495","3938","4402","4932","5599","6273","6924","7497","8213","8816","9454","10544","11414","11592","11825","11579","12945","14158","14991","15992","16161","17741",
"Medium","Gyeonggi-do","Male","Total","Population projection","","4630358","4789459","4973676","5145856","5280598","5385497","5504138","5610309","5716511","5785465","5888330","5991599","6060641","6131745","6209792","6282002","6367061","6467424","6594949","6710022","6799985","6877650","6920476","6975911","7017210","7061045","7099734","7135262","7167570","7197004","7223463","7246636","7266725","7283832","7297807","7308433","7315739","7319999","7320373","7316385","7308455","7296572","7280839","7261407","7238361","7211850","7181773","7148056","7110582","7069276","7024104","6975112","6922446",
"Medium","Gyeonggi-do","Male","0-4 Years old","Population projection","","390595","384853","379175","368452","354567","335548","317748","312695","313874","311298","315458","322634","323194","319845","316786","315448","310353","301720","291059","281517","263475","245345","228839","214862","201556","191292","183480","179121","178131","181587","188442","196424","203612","209837","215025","219222","222518","225063","226372","226030","224337","221547","217860","214091","210932","208237","205751","203236","200420","197097","193124","188423","183056",
"Medium","Gyeonggi-do","Male","5-9 Years old","Population projection","","425628","432683","436912","434598","428581","422593","414176","396816","378411","361988","342895","324066","317821","320320","318386","318939","326497","330113","330059","331173","334593","331743","320871","305689","291007","270506","249284","231903","218408","205180","194313","186068","181554","180664","184301","191324","199460","206780","213117","218421","222705","226078","228688","230036","229666","227890","225005","221220","217376","214168","211433","208925","206363",
"Medium","Gyeonggi-do","Male","10-14 Years old","Population projection","","338279","352168","373910","397594","419358","435214","441972","439640","433308","425700","419980","410447","395555","377773","362292","340776","322556","316240","320845","320686","325139","335239","338917","336893","335071","336586","330877","320651","305643","291376","270625","249257","231717","218007","204592","193624","185307","180787","179963","183636","190639","198734","206006","212287","217552","221797","225137","227723","229058","228670","226890","223998","220221",
"Medium","Gyeonggi-do","Male","15-19 Years old","Population projection","","344200","339904","334681","330430","330324","338706","354562","372579","392130","409375","423990","435333","433701","426886","417155","409715","401796","388032","370805","356724","342541","322585","315623","324162","325075","328979","337846","341147","338538","336834","338038","331927","321357","306057","291654","270780","249386","231812","218021","204493","193526","185165","180635","179852","183541","190450","198418","205533","211670","216813","220951","224200","226704",
"Medium","Gyeonggi-do","Male","20-24 Years old","Population projection","","325355","348498","373653","393243","398811","389582","381651","370140","359704","357025","361702","376762","397506","417966","434033","444235","453892","454816","453290","447786","447697","435459","416512","395631","377961","358191","340554","336331","342377","342201","343777","351075","353496","350588","348454","349082","342604","331714","316176","301575","280832","259827","242470","228721","215283","204460","196222","191916","191333","194951","201466","208956","215596",
"Medium","Gyeonggi-do","Male","25-29 Years old","Population projection","","424498","425231","424219","423567","423912","430540","451801","471310","481262","477758","467030","451833","429501","416994","419052","428415","438515","462453","491081","512884","527958","536835","532406","525644","513538","503030","490731","472358","449411","430932","408308","386961","379535","382391","379145","378980","385473","387501","384279","381817","382106","375100","363503","347326","332127","310720","288895","270556","255878","241811","230615","222063","217546",
"Medium","Gyeonggi-do","Male","30-34 Years old","Population projection","","475840","490612","514063","535066","543511","540834","534144","523403","510459","496754","503434","516067","526395","533045","531887","513643","496070","479565","474931","479730","487751","496562","516631","545070","561809","575390","584862","579959","570135","557680","546473","533250","512933","488040","467839","442513","417980","408161","409108","404280","403286","409537","411600","408169","405315","405284","397813","385421","368332","352137","329662","306602","286993",
"Medium","Gyeonggi-do","Male","35-39 years old","Population projection","","510160","511043","516599","524557","538157","550535","568031","585964","599815","596375","594046","577486","555776","537450","524777","530344","544073","563169","579905","585772","568570","553207","530086","518278","516171","524136","532891","553242","576128","593469","606560","615728","610388","599788","586563","574712","560736","538973","512515","490837","463482","436783","425566","425682","420194","418834","425081","427300","423726","420618","420350","412504","399431",
"Medium","Gyeonggi-do","Male","40-44 years old","Population projection","","444067","471154","498340","522078","534791","539256","538360","540879","542974","557740","570826","587812","601724","611615","608171","598894","578966","564172","555701","549720","560990","581385","600550","611392","610495","591826","572565","549595","533933","531387","538207","546192","566070","588916","606138","618851","627762","622132","611102","597498","585378","571083","548502","521175","498795","470470","442834","431198","431114","425355","423840","430137","432455",
"Medium","Gyeonggi-do","Male","45-49 years old","Population projection","","272044","308993","343360","382127","420431","452362","484340","507653","530766","536859","541440","540104","543225","537358","558906","568094","584922","602878","621082","621841","613417","598632","582029","568607","559559","571747","589165","609137","619608","618277","598321","577798","553743","537098","533700","539958","547458","566920","589506","606386","618711","627401","621655","610583","596987","584962","570709","547902","520469","498092","469589","441840","430283",
"Medium","Gyeonggi-do","Male","50-54 years old","Population projection","","191302","204879","220384","235454","253635","282242","317588","345572","381893","418183","449969","487902","509287","531608","536868","540892","535265","542333","540371","567723","578119","599762","617610","630954","628564","620990","602937","586464","573508","563566","574631","591185","610360","619990","617944","597449","576415","551996","535000","531189","537101","544295","563389","585650","602227","614248","622796","617070","606130","592733","580927","566856","544129",
"Medium","Gyeonggi-do","Male","55-59 Years old","Population projection","","152566","159052","169033","180845","193451","202608","210663","223613","238095","253281","281994","317919","345351","379203","415771","446830","485844","508428","535294","542133","546311","542370","548883","542918","568374","579356","598606","616156","629972","627103","618603","599708","582425","568795","558299","568718","584671","603239","612253","609786","589154","568087","543773","526828","522909","528650","535650","554437","576373","592633","604393","612828","607202",
"Medium","Gyeonggi-do","Male","60-64 Years old","Population projection","","131715","139005","147691","155164","158628","163681","167102","174373","184614","195561","206269","214988","225459","236686","252916","282235","317166","344827","380908","418539","450709","490465","509308","531482","535378","538887","533509","539254","533692","557911","568388","586906","603592","616433","613004","604169","585157","567850","554234","543783","553901","569391","587391","595899","593187","572779","552142","528401","511928","508165","513853","520721","539191",
"Medium","Gyeonggi-do","Male","65-69 years old","Population projection","","93647","102450","111840","120845","128098","133622","139572","147764","155472","158079","163025","164771","171504","179336","190203","201703","211876","222816","235046","251670","281296","314491","339880","371817","406728","435381","471743","489382","510978","513284","515817","510074","515128","509695","533178","543324","561257","577243","589393","585952","577395","559023","542393","529394","519475","529511","544631","562135","570335","567740","548051","528266","505488",
"Medium","Gyeonggi-do","Male","70-74 Years old","Population projection","","54890","59091","65178","72221","79229","87142","95453","103488","110967","117638","123677","129651","138955","147431","150630","155793","156395","163446","172608","184224","196336","205325","214235","224631","238914","266371","297004","321146","351242","383289","409920","443730","459794","479922","481730","484080","478782","483699","478975","501783","511837","529327","544750","556470","553499","545674","528528","513107","501186","492202","502338","517175","534246",
"Medium","Gyeonggi-do","Male","75-79 Years old","Population projection","","33655","35749","37795","40042","42780","46138","49423","54073","59414","64801","71504","79030","86261","93211","100436","106854","114093","124266","133455","137278","142636","143269","149854","157259","167229","177796","185401","194813","205285","218490","243671","271299","293343","320785","349846","374410","405381","419900","438539","440112","442697","438501","443432","439968","461819","471851","488771","503497","514660","512482","505625","490216","476467",
"Medium","Gyeonggi-do","Male","80 Years old & over","Population projection","","21917","24094","26843","29573","32334","34894","37552","40347","43353","47050","51091","54794","59426","65018","71523","79192","88782","98150","108509","120622","132447","144976","158242","170622","179781","190581","198279","214603","230581","244438","259369","269054","287678","306826","326395","357237","385392","416229","451820","488807","531368","576693","609226","649276","674853","706033","733390","757404","780594","813609","840997","871402","897075",
"Medium","Gyeonggi-do","Male","80-84 Years old","Population projection","","15445","16863","18744","20638","22530","24130","25479","26763","28216","30339","32745","35330","38672","42628","46923","52510","59555","65862","72617","80029","86250","92787","101104","108382","111087","115354","115901","122624","129816","138344","147417","153530","162164","171493","182870","204703","227768","246733","270175","294791","316480","343272","355580","372093","373519","376681","374368","379230","377669","397627","407480","423226","436603",
"Medium","Gyeonggi-do","Male","85-89 year old","Population projection","","5149","5768","6453","7141","7825","8542","9560","10763","11892","13061","14170","14739","15361","16092","17629","19160","21382","23931","26814","30148","34672","39492","43468","47507","52221","56191","60762","67533","73401","75566","78506","78856","84288","90032","96214","102888","106925","113896","121229","129746","146283","162787","176936","194319","212318","229158","249364","258273","271055","272066","275431","275172","279401",
"Medium","Gyeonggi-do","Male","90-94 Years old","Population projection","","1153","1284","1435","1547","1706","1909","2138","2391","2789","3136","3568","4064","4644","5464","5988","6304","6404","6633","7059","8261","9327","10409","11409","12395","13886","16163","18472","20856","23291","25872","28000","30434","34150","37364","38432","39913","40020","43471","47045","50457","54196","56085","60459","64956","69870","79631","88608","96704","106579","116596","126736","138478","143157",
"Medium","Gyeonggi-do","Male","95-99 Years old","Population projection","","160","166","196","229","252","284","342","389","415","467","550","592","672","756","896","1102","1319","1590","1872","1976","1970","2003","1946","2012","2279","2586","2872","3305","3747","4276","5022","5769","6539","7319","8167","8889","9710","11025","12134","12422","12885","12874","14321","15772","16976","18309","18801","20603","22378","24196","27974","31100","34068",
"Medium","Gyeonggi-do","Male","100 Years old & over","Population projection","","10","13","15","18","21","29","33","41","41","47","58","69","77","78","87","116","122","134","147","208","228","285","315","326","308","287","272","285","326","380","424","465","537","618","712","844","969","1104","1237","1391","1524","1675","1930","2136","2170","2254","2249","2594","2913","3124","3376","3426","3846",
"Medium","Gyeonggi-do","Female","Total","Population projection","","4516087","4661620","4840217","5003405","5134918","5239630","5349274","5446515","5550043","5627779","5730632","5833711","5913841","5994529","6072221","6141015","6233252","6318366","6431592","6531231","6652437","6733484","6769285","6805350","6843861","6887695","6927203","6964241","6998641","7030569","7060110","7087085","7111386","7132871","7151490","7167086","7179626","7189366","7195812","7198378","7197383","7192800","7184605","7172960","7157742","7138921","7116333","7089717","7058697","7023243","6983289","6938816","6889681",
"Medium","Gyeonggi-do","Female","0-4 Years old","Population projection","","355634","352772","349204","338895","328067","311805","296360","292717","295572","293507","296897","304081","305276","302626","300821","300350","295627","287115","277385","267520","250606","233122","218215","204608","192299","182167","174628","170325","169825","173194","179694","187295","194133","200048","205000","208992","212132","214552","215805","215480","213867","211215","207702","204112","201109","198540","196187","193790","191110","187936","184152","179694","174579",
"Medium","Gyeonggi-do","Female","5-9 Years old","Population projection","","382910","389182","393496","393194","389323","386037","380787","366229","348754","335253","318572","302327","297968","301546","299905","300214","308609","312204","313235","314961","319143","316988","306584","291895","276879","258134","237793","221975","208777","196717","186072","178191","173733","173283","176784","183454","191227","198221","204267","209331","213427","216641","219130","220420","220063","218372","215614","212007","208326","205265","202656","200245","197805",
"Medium","Gyeonggi-do","Female","10-14 Years old","Population projection","","313278","323972","342213","362071","380383","392650","398255","397299","394141","388860","386205","380617","367318","350185","337130","318414","301683","297733","303481","303943","308102","318754","322612","321626","320681","322733","317922","307989","293561","279193","260043","239350","223230","209767","197527","186768","178808","174331","173892","177405","184070","191833","198811","204850","209899","213989","217198","219686","220960","220584","218874","216118","212487",
"Medium","Gyeonggi-do","Female","15-19 Years old","Population projection","","333676","326473","320223","315884","315881","321147","331335","343964","358668","373868","386909","393917","391567","387495","382403","381873","377025","362858","346389","334214","324257","305419","300453","309661","310014","313070","322216","325689","324284","323749","325432","320253","310054","295311","280764","261359","240515","224356","210829","198530","187754","179816","175364","174995","178531","185173","192855","199697","205619","210565","214560","217692","220105",
"Medium","Gyeonggi-do","Female","20-24 Years old","Population projection","","323432","343109","364713","379976","383751","376210","365459","350403","339202","334810","335324","345580","361524","377867","389287","392563","398137","398146","398138","392041","403909","396754","376609","352305","337301","321384","307447","307019","313536","312488","313522","321372","323973","322147","321027","322181","316790","306467","291849","277629","258868","238862","223343","210233","198371","188087","180652","176637","176416","179685","185753","192712","198867",
"Medium","Gyeonggi-do","Female","25-29 Years old","Population projection","","425787","419605","416000","411838","407079","410623","427565","442551","449240","442549","428468","412256","391850","379041","375750","378036","385097","401186","418603","432164","445485","453999","449348","443194","434893","429845","420759","403091","382365","368097","349815","332321","328012","331025","327728","327737","334788","336970","334926","333357","334035","328305","317624","302641","288062","268892","248474","232406","218835","206774","196413","188908","184772",
"Medium","Gyeonggi-do","Female","30-34 Years old","Population projection","","474276","488945","511420","528550","532437","526088","510836","495045","482194","469623","476508","486744","496709","500374","494063","471752","452995","431983","422767","421591","428787","435640","448610","462050","472361","480668","486693","484040","480586","474059","469129","460117","442046","420394","404481","383426","362479","355158","356053","351607","351186","358037","360242","358012","356095","356680","350643","339331","323614","308197","287942","266161","248713",
"Medium","Gyeonggi-do","Female","35-39 years old","Population projection","","473782","475028","481193","490422","510957","527603","546869","562440","572916","569428","564705","547599","528981","513510","500500","503864","514701","530530","541197","541289","524254","507559","482338","465959","459543","462028","466506","480185","494715","506006","514622","521246","519043","515571","508709","503403","494082","475048","451835","434221","411025","387752","378840","379062","374328","373668","380521","382966","380633","378410","378808","372403","360354",
"Medium","Gyeonggi-do","Female","40-44 years old","Population projection","","385963","416110","447417","474272","487013","493428","495593","500202","506115","527710","543289","563065","578205","587001","582215","573087","555440","540370","529454","521472","532118","548203","564297","570380","565433","544714","524028","499926","482786","476656","478354","482298","495783","510514","521900","530514","537323","535225","531638","524500","518952","509470","489844","465832","447487","423371","399130","389715","389833","385021","384228","391117","393681",
"Medium","Gyeonggi-do","Female","45-49 years old","Population projection","","237649","273513","304420","339897","377041","406881","439917","464663","489582","497193","503617","503500","509703","513844","542435","553893","573778","588739","601406","598676","593132","577002","560432","545646","535136","544568","558542","575801","582814","578173","556625","535073","510268","492345","485511","486765","490365","503648","518350","529668","538211","545093","543037","539371","532121","526486","516960","497096","472830","454309","429865","405258","395682",
"Medium","Gyeonggi-do","Female","50-54 years old","Population projection","","179815","191273","205506","218799","233856","260929","295416","321479","354623","389056","419919","457624","479985","502822","508309","512713","509089","518799","526661","559578","573653","595509","610561","619673","614390","605964","587251","570806","556339","545248","553869","567281","584022","590635","585615","563545","541453","516241","497839","490554","491516","494891","508030","522724","534012","542523","549456","547419","543703","536389","530727","521197","501197",
"Medium","Gyeonggi-do","Female","55-59 Years old","Population projection","","159697","162834","170957","181542","192368","201378","209043","220087","233264","246846","274916","309526","335422","365777","400247","430565","471289","492801","519025","525290","531609","526627","535213","538771","570552","582088","601763","616244","625194","619042","609643","589989","572667","557446","545743","553884","566860","583161","589421","584111","561751","539442","514159","495602","488119","488926","492142","505143","519759","530929","539336","546268","544247",
"Medium","Gyeonggi-do","Female","60-64 Years old","Population projection","","151487","157837","167121","174974","177652","181433","182148","188343","195947","204952","214507","223468","232315","242741","257705","286330","320629","347627","380939","417679","449818","490430","509249","530829","533366","536029","528860","536020","538534","567874","578352","597089","610684","618787","611985","601999","581884","564215","548714","536796","544654","557227","573058","578953","573429","551016","528836","503805","485387","477899","478631","481723","494558",
"Medium","Gyeonggi-do","Female","65-69 years old","Population projection","","122209","130813","139156","148268","156591","161388","167532","176849","184723","186612","190134","188862","194000","199646","208419","219366","229904","238781","250643","266808","297753","331209","357113","387444","422050","450719","488444","506063","526448","526935","527984","519433","525349","527058","555269","564927","582928","595774","603273","596218","586106","566080","548578","533241","521456","529162","541379","556778","562420","556899","534786","513048","488533",
"Medium","Gyeonggi-do","Female","70-74 Years old","Population projection","","86918","92390","100168","107900","114330","122793","131663","139934","147293","154802","160255","166114","176257","184998","187486","191248","189448","195340","202129","211435","223459","233571","241786","252266","266572","295495","327458","352447","381979","414830","442162","478209","494343","513231","512792","513084","504069","509344","510768","538043","547194","564639","576938","584091","577175","567295","547784","530814","515993","504660","512430","524418","539484",
"Medium","Gyeonggi-do","Female","75-79 Years old","Population projection","","58748","62077","66068","70357","75892","81344","86323","93126","99358","104995","113210","122665","131030","138670","146848","153185","159689","169753","180036","183754","188379","186300","191967","197944","206346","216964","226043","234377","244757","258639","286301","316599","340435","368504","399624","425731","459962","474836","492480","491553","491651","482878","487781","489336","515574","524416","541318","553103","560003","553568","544198","525698","509652",
"Medium","Gyeonggi-do","Female","80 Years old & over","Population projection","","50826","55687","60942","66566","72297","77893","84173","91184","98451","107715","117197","125766","135731","146386","158698","173562","190112","204401","220104","238816","257973","276398","293898","311099","326045","341125","350850","372244","392141","409669","428491","440969","463611","486805","511031","549317","583961","621819","663873","709375","763116","820619","862124","909485","941911","982325","1017184","1049324","1083256","1126153","1159930","1196156","1224965",
"Medium","Gyeonggi-do","Female","80-84 Years old","Population projection","","31649","34565","37483","41049","44887","48296","51323","54757","57977","63322","68765","73515","79182","84900","90855","98486","108619","116374","124271","133062","140486","147057","156403","164682","167629","171046","168839","175040","181237","189284","199333","207511","215797","225661","238525","264305","291867","313883","339598","367981","392464","424070","437405","453478","452270","452603","444963","449559","451656","476235","484957","501110","512220",
"Medium","Gyeonggi-do","Female","85-89 year old","Population projection","","13896","15401","17233","18803","20201","21439","23621","25876","28900","31828","34581","36800","39198","41582","46649","51885","55903","60154","65023","70759","78396","86508","92136","97552","104643","110257","115763","124577","132354","135096","137793","135881","141737","147592","154613","163298","169632","177347","186105","197057","219208","241838","260422","281830","305265","326553","353213","363821","377001","375455","376393","371150","375367",
"Medium","Gyeonggi-do","Female","90-94 Years old","Population projection","","4320","4700","5093","5489","5897","6658","7591","8764","9655","10406","11343","12548","14057","16343","17409","18696","20451","21953","23903","27541","31038","33657","35767","38406","41964","46577","51810","56530","60694","65465","69190","72923","79026","84357","86155","87775","86275","90978","95681","100636","106696","110329","116333","122883","130565","146375","161267","173921","188275","203828","219240","237784","244228",
"Medium","Gyeonggi-do","Female","95-99 Years old","Population projection","","834","887","985","1069","1142","1293","1407","1538","1636","1840","2163","2538","2895","3150","3343","3927","4488","5188","6096","6544","7046","7949","8301","9024","10387","11757","12818","14242","15711","17350","19390","21624","23650","25411","27518","29184","30883","33791","36229","36879","37456","36603","39350","42016","44389","47223","48411","51672","55079","58768","66724","73377","79255",
"Medium","Gyeonggi-do","Female","100 Years old & over","Population projection","","127","134","148","156","170","207","231","249","283","319","345","365","399","411","442","568","651","732","811","910","1007","1227","1291","1435","1422","1488","1620","1855","2145","2474","2785","3030","3401","3784","4220","4755","5304","5820","6260","6822","7292","7779","8614","9278","9422","9571","9330","10351","11245","11867","12616","12735","13895",
"Medium","Gangwon-do","Total","Total","Population projection","","1515605","1516664","1510448","1501318","1496907","1488881","1481855","1476484","1480389","1485148","1488794","1497944","1504234","1505686","1510198","1516636","1520686","1520879","1521442","1520117","1519291","1520426","1527211","1525473","1518110","1517186","1516330","1515993","1516107","1516557","1517257","1518091","1518953","1519724","1520323","1520660","1520683","1520378","1519587","1518221","1516248","1513593","1510305","1506399","1501861","1496645","1490671","1483924","1476405","1468102","1459021","1449246","1438740",
"Medium","Gangwon-do","Total","0-4 Years old","Population projection","","100314","97310","92085","86342","81603","75769","69812","66416","65436","64037","63319","63513","62911","61451","60278","59053","57078","54200","51144","48779","46492","43660","41571","39449","37126","35344","34279","33678","33610","34156","35147","36303","37281","38060","38640","39031","39263","39373","39304","39004","38521","37898","37157","36418","35779","35216","34681","34138","33552","32891","32137","31288","30356",
"Medium","Gangwon-do","Total","5-9 Years old","Population projection","","104795","105666","104848","102462","100082","97639","94680","89918","84669","80202","74451","69031","66485","65446","64010","63208","63776","63371","61945","60806","59957","58339","56134","52945","50137","47272","43952","41379","39258","37338","35446","34295","33629","33541","34100","35123","36328","37354","38185","38820","39269","39557","39718","39695","39428","38964","38353","37620","36886","36252","35690","35161","34626",
"Medium","Gangwon-do","Total","10-14 Years old","Population projection","","98691","97785","98084","99014","100047","100610","101362","100238","98686","97393","95990","93985","89698","84566","79714","73946","68650","65975","64891","63423","63053","63787","63731","62568","61138","60386","58504","56087","53195","50687","47668","44201","41511","39284","37282","35340","34149","33456","33366","33930","34968","36190","37237","38093","38752","39224","39540","39727","39730","39479","39028","38426","37699",
"Medium","Gangwon-do","Total","15-19 Years old","Population projection","","124865","116227","107877","101430","97019","93830","92566","95164","98304","101101","102398","103316","103154","102178","100956","99431","96160","92254","87624","82423","74697","69560","68145","66246","63783","63190","63849","63778","62844","61842","61191","59428","57077","54197","51649","48529","44927","42113","39779","37685","35688","34469","33723","33618","34183","35230","36472","37544","38426","39118","39621","39965","40180",
"Medium","Gangwon-do","Total","20-24 Years old","Population projection","","116713","117377","117284","116365","115003","110940","105000","98045","93974","92554","93217","96358","99573","101571","102973","107086","109258","107230","105836","103121","99675","96179","93072","88687","84394","77228","71220","68189","66752","65080","64900","65704","65778","64980","64137","63664","62093","59894","57065","54469","51170","47406","44467","42027","39846","37832","36590","35795","35720","36305","37372","38622","39689",
"Medium","Gangwon-do","Total","25-29 Years old","Population projection","","119368","115630","109501","103594","98637","96318","96100","97164","97690","96462","91764","88484","84478","81120","79672","80167","81151","83600","86471","87154","88138","89391","89245","89974","89117","88796","86928","83206","78897","74996","69372","64853","62812","62154","61021","60991","61830","62026","61374","60713","60485","59180","57206","54551","52083","48880","45278","42526","40200","38128","36280","35141","34405",
"Medium","Gangwon-do","Total","30-34 Years old","Population projection","","121073","121443","121366","120710","119069","115793","110209","103989","99139","94983","94591","94996","96026","95386","93800","90001","86045","81094","77601","76438","76475","76630","79964","83135","84885","86648","88521","88072","87619","86405","85736","83780","80322","76325","72781","67750","63684","61837","61379","60403","60415","61265","61537","60966","60433","60333","59109","57182","54552","52086","48811","45180","42400",
"Medium","Gangwon-do","Total","35-39 years old","Population projection","","128117","125578","122445","119370","119429","119472","119052","119535","120208","118427","115577","111427","106752","102233","97991","97223","97462","98843","98364","96464","92457","88047","83666","79870","78134","78440","78888","81502","84347","86572","88308","90090","89554","88953","87560","86721","84704","81288","77293","73799","68926","64895","63022","62636","61711","61708","62582","62921","62377","61877","61821","60613","58654",
"Medium","Gangwon-do","Total","40-44 years old","Population projection","","129420","131993","133295","132867","129971","125302","121826","118746","116377","118557","119886","121549","122803","123010","121618","118916","114245","109472","104839","100051","99150","99957","102430","102264","99373","95244","90906","85991","82310","81186","81479","81989","84640","87551","89856","91621","93370","92780","92068","90543","89582","87493","84023","79919","76348","71448","67319","65367","65022","64123","64099","65000","65392",
"Medium","Gangwon-do","Total","45-49 years old","Population projection","","96111","103971","109785","116484","122981","126862","130468","131442","132134","129414","125789","121719","119981","117446","121664","123659","125059","125203","125410","123609","120698","115740","111584","106719","101940","101368","102095","104273","104605","102891","98860","94487","89533","85790","84598","84870","85426","88117","91100","93488","95299","97071","96475","95689","94065","93015","90865","87315","83078","79416","74451","70185","68134",
"Medium","Gangwon-do","Total","50-54 years old","Population projection","","71677","74224","77537","80077","85219","94205","103711","108436","115067","121866","126253","133293","135162","136355","133754","129339","124386","123023","120460","124766","126977","128942","129710","129471","126891","123791","119055","114775","110322","106133","105838","106933","109423","110005","108480","104436","99905","94798","90895","89589","89857","90469","93237","96377","98922","100835","102681","102099","101233","99503","98342","96101","92416",
"Medium","Gangwon-do","Total","55-59 Years old","Population projection","","77745","74956","72943","72286","71783","69847","70050","74115","77507","82764","92096","101985","108044","115852","123750","129749","137804","139895","141260","138101","133589","128205","127652","125387","129346","131510","133174","133921","134546","132877","129839","125123","120753","116295","112173","112068","113492","116289","117136","115784","111683","106933","101600","97460","96002","96265","96952","99838","103189","105945","108013","109964","109416",
"Medium","Gangwon-do","Total","60-64 Years old","Population projection","","78831","79144","79949","79407","77587","76193","73890","72235","71929","71857","70854","70895","74237","77004","82100","91963","102302","108838","118545","127044","133826","142874","145461","147003","143014","138466","133539","132931","131100","136034","138514","140519","141804","142858","141357","138320","133520","128953","124377","120249","120308","122092","125245","126393","125196","120957","115882","110223","105776","104140","104400","105182","108239",
"Medium","Gangwon-do","Total","65-69 years old","Population projection","","58746","62632","66104","69547","71972","73265","73900","75494","76301","75168","74518","72036","71305","70855","70881","70002","70761","73993","76504","81802","92968","103398","110691","120198","128668","135132","144324","146547","148805","146092","142011","137500","137057","135431","140555","143293","145565","147233","148554","147142","144083","139191","134485","129876","125810","126090","128207","131638","132957","131766","127321","121988","116132",
"Medium","Gangwon-do","Total","70-74 Years old","Population projection","","39911","41453","43739","45939","48538","51578","55141","58111","61519","64210","66403","68213","70817","72379","71889","71779","68747","68107","68032","68193","67556","68481","72115","74832","79838","90514","100426","107266","116615","125256","131797","140955","143349","145827","143456","139805","135742","135468","134094","139296","142170","144607","146508","147983","146705","143732","138944","134311","129847","125972","126434","128757","132304",
"Medium","Gangwon-do","Total","75-79 Years old","Population projection","","27002","27762","28597","29083","30336","31920","33173","35003","37107","39345","42082","45219","48313","51569","54659","57422","59875","62995","64876","64884","65199","62832","62543","62670","62733","62329","63441","67092","69976","74985","84923","94109","100666","109505","117716","124168","133011","135480","138107","136103","132975","129500","129443","128434","133612","136565","139125","141171","142775","141707","138949","134466","130102",
"Medium","Gangwon-do","Total","80 Years old & over","Population projection","","22226","23513","25009","26341","27631","29338","30915","32433","34342","36808","39606","41925","44495","47265","50489","53692","57927","62786","67640","73059","78384","84404","89497","94055","97593","101528","103229","107306","111306","114027","116228","117822","123764","128968","134962","144930","153674","163919","175511","187204","200849","215377","225222","236264","242986","250351","258091","264509","271085","279394","286252","293207","298596",
"Medium","Gangwon-do","Total","80-84 Years old","Population projection","","14724","15255","15898","16704","17467","18639","19570","20154","20870","22269","23839","25073","26526","28013","29577","31200","34059","37268","40466","43783","46555","49240","52039","53731","53922","54322","52438","52595","53210","53724","53769","54940","58448","61201","65694","74451","82397","88367","96263","103615","109732","117846","120200","122810","121188","118753","116145","116362","115888","120835","123736","126345","128434",
"Medium","Gangwon-do","Total","85-89 year old","Population projection","","5581","6221","6930","7333","7737","8015","8298","8861","9770","10546","11385","12129","12794","13392","14527","15662","16417","17509","18518","19748","21411","23903","25760","27939","30298","32435","34476","36891","38505","38875","39271","37946","38408","39222","39831","40185","41178","44216","46587","50170","57028","63014","67842","74052","79815","84997","91602","93480","95727","94473","92901","91458","91942",
"Medium","Gangwon-do","Total","90-94 Years old","Population projection","","1593","1683","1790","1874","1966","2162","2496","2829","3068","3280","3567","3818","4145","4723","5177","5591","6043","6399","6805","7498","8231","8794","9211","9728","10433","11541","12863","14088","15506","16930","18155","19342","20791","21810","22067","22331","21551","22085","22851","23381","23822","24469","26611","28251","30519","34840","38406","41538","45413","48977","52526","56842","57968",
"Medium","Gangwon-do","Total","95-99 Years old","Population projection","","288","308","338","373","400","451","472","501","536","607","702","788","903","1002","1066","1104","1257","1428","1649","1799","1940","2147","2164","2314","2584","2852","3048","3294","3584","3925","4397","4914","5374","5917","6463","6941","7409","8008","8442","8540","8650","8315","8680","9140","9425","9690","9945","10987","11756","12730","14630","16068","17459",
"Medium","Gangwon-do","Total","100 Years old & over","Population projection","","40","46","53","57","61","71","79","88","98","106","113","117","127","135","142","135","151","182","202","231","247","320","323","343","356","378","404","438","501","573","636","680","743","818","907","1022","1139","1243","1368","1498","1617","1733","1889","2011","2039","2071","1993","2142","2301","2379","2459","2494","2793",
"Medium","Gangwon-do","Male","Total","Population projection","","764311","764417","761242","757473","756039","752204","748942","746613","749398","751832","753379","757935","761014","760774","763051","767652","769110","768854","769266","767673","766322","766340","769910","769616","765989","765399","764784","764426","764315","764408","764669","765054","765486","765870","766183","766352","766345","766109","765573","764693","763456","761812","759802","757463","754801","751824","748507","744845","740855","736531","731887","726975","721774",
"Medium","Gangwon-do","Male","0-4 Years old","Population projection","","52490","50802","48117","45107","42531","39457","36286","34577","34062","33371","32886","32857","32511","31702","31019","30256","29148","27667","26107","24863","23762","22359","21192","20118","18886","17958","17415","17118","17077","17377","17875","18465","18963","19358","19654","19852","19969","20023","19989","19837","19593","19277","18901","18524","18199","17911","17638","17363","17066","16730","16345","15914","15440",
"Medium","Gangwon-do","Male","5-9 Years old","Population projection","","55216","55647","55229","53741","52385","51031","49486","47072","44386","41986","38960","36012","34693","34078","33287","32747","32922","32638","31772","31200","30726","29891","28804","27177","25575","24177","22491","21102","20000","19043","18052","17463","17128","17078","17384","17898","18514","19038","19460","19780","20008","20154","20236","20225","20090","19856","19544","19171","18795","18471","18184","17913","17641",
"Medium","Gangwon-do","Male","10-14 Years old","Population projection","","51095","50922","51175","51869","52542","52948","53551","52918","51865","50909","50053","49158","46950","44367","41754","38673","35717","34333","33774","32934","32658","32990","32910","32345","31496","31028","30062","28817","27320","25955","24477","22702","21248","20089","19082","18061","17450","17098","17043","17350","17871","18497","19031","19467","19800","20042","20205","20301","20302","20175","19946","19640","19269",
"Medium","Gangwon-do","Male","15-19 Years old","Population projection","","65044","60789","56575","53196","51022","49560","49005","50561","52516","54289","55123","55336","55189","54537","53952","53065","51297","49273","46716","43788","39691","36736","36034","34862","33387","33020","33290","33202","32736","32170","31763","30858","29634","28132","26741","25197","23316","21780","20557","19482","18416","17780","17390","17324","17627","18152","18797","19351","19807","20165","20428","20609","20722",
"Medium","Gangwon-do","Male","20-24 Years old","Population projection","","63830","63610","63559","63581","63696","61850","58885","55222","53757","53256","53708","55091","56787","57748","58661","62350","63125","61667","60743","58701","56325","54278","52559","50166","47756","43672","40285","38534","37458","36404","36267","36634","36653","36233","35728","35422","34570","33352","31816","30346","28614","26510","24810","23452","22236","21083","20389","19930","19854","20164","20725","21416","22004",
"Medium","Gangwon-do","Male","25-29 Years old","Population projection","","62938","61104","57841","54898","52331","51231","51666","52631","53296","52906","50675","49674","47993","45967","44942","45312","46033","47585","49525","49809","50411","51188","51040","51703","51511","51251","50059","47833","45344","42981","39742","37200","36043","35528","34897","34856","35249","35355","35005","34575","34383","33662","32545","31061","29628","27902","25856","24285","22995","21822","20764","20130","19716",
"Medium","Gangwon-do","Male","30-34 Years old","Population projection","","63477","63245","62996","62558","61897","60269","57363","53885","51184","48899","48791","49280","49851","49706","49166","47391","45661","43365","41694","41145","41185","41336","43345","45451","46683","47828","48879","48785","48533","47871","47356","46152","44175","41968","39911","37130","34959","33968","33612","33100","33083","33485","33619","33304","32961","32867","32208","31146","29736","28390","26690","24712","23216",
"Medium","Gangwon-do","Male","35-39 years old","Population projection","","65444","64753","63644","62617","62572","62726","62011","62123","62413","61442","59912","57584","54896","52337","50233","49702","49836","50467","50380","49600","47676","45625","43695","42085","41464","41718","42084","43640","45388","46749","47833","48807","48618","48214","47407","46790","45572","43666","41518","39539","36903","34796","33805","33503","33020","32994","33409","33570","33268","32954","32896","32252","31193",
"Medium","Gangwon-do","Male","40-44 years old","Population projection","","66644","67853","68260","67975","66780","64607","63177","61978","60919","61728","62398","63320","64042","63981","63251","61851","59089","56312","53782","51202","50417","50831","52009","52009","50760","48983","46999","44706","43050","42673","42939","43351","44925","46706","48100","49184","50134","49890","49386","48480","47786","46531","44616","42435","40437","37809","35664","34632","34358","33895","33856","34286","34472",
"Medium","Gangwon-do","Male","45-49 years old","Population projection","","49563","53457","56842","60442","63423","65085","66698","66885","67129","66175","64580","62788","62046","60753","63051","64339","65064","65203","65138","64113","62503","59546","57081","54404","51822","51403","51874","52893","53116","52471","50726","48699","46374","44679","44262","44529","44980","46578","48399","49839","50944","51903","51642","51067","50092","49341","48051","46106","43869","41830","39177","36962","35873",
"Medium","Gangwon-do","Male","50-54 years old","Population projection","","35590","37013","38735","40214","43217","48127","53163","55846","59305","62415","64203","67519","68243","68999","67809","65914","63813","63265","62017","64263","65580","66536","67110","66727","65323","63612","60951","58496","56121","53885","53657","54350","55555","55930","55391","53626","51505","49092","47304","46829","47112","47607","49256","51177","52711","53875","54878","54613","53972","52921","52096","50752","48736",
"Medium","Gangwon-do","Male","55-59 Years old","Population projection","","37052","35962","35292","35214","35091","34065","34114","36313","38124","41148","46173","51396","54721","58805","62773","65382","69032","69992","70819","69417","67473","65133","64882","63793","65884","67199","68096","68621","68757","67891","66272","63685","61247","58926","56778","56692","57582","58965","59497","59051","57253","55017","52491","50594","50050","50357","50915","52639","54688","56348","57596","58658","58407",
"Medium","Gangwon-do","Male","60-64 Years old","Population projection","","37192","37195","37256","36817","35996","35380","34657","34386","34608","34881","34340","34161","35821","37303","40098","45431","51056","54694","59745","63889","66901","71117","72243","73232","71424","69480","67431","67240","66374","68870","70329","71403","72228","72660","71961","70398","67826","65343","63009","60898","60923","62017","63606","64316","63974","62120","59725","57038","54984","54358","54687","55318","57147",
"Medium","Gangwon-do","Male","65-69 years old","Population projection","","25816","27818","29827","31679","32822","33481","33652","34204","34540","34129","33991","33235","33299","33362","33705","33344","33641","35281","36704","39627","45574","51309","55291","60196","64269","67153","71422","72486","73924","72836","71156","69343","69241","68465","71014","72611","73847","74905","75536","74946","73415","70841","68327","66011","63962","64132","65426","67192","68021","67694","65732","63196","60405",
"Medium","Gangwon-do","Male","70-74 Years old","Population projection","","15576","16259","17226","18411","19845","21487","23337","25081","26818","28140","29350","30155","31157","31853","31695","31915","30868","30966","31254","31885","31620","31970","33841","35250","37925","43508","48831","52572","57330","61521","64474","68732","69922","71479","70592","69162","67624","67626","66997","69556","71227","72564","73761","74507","74038","72598","70136","67716","65526","63629","63924","65344","67181",
"Medium","Gangwon-do","Male","75-79 Years old","Population projection","","10250","10477","10662","10698","10980","11443","11904","12557","13630","14724","16068","17600","19263","20895","22366","23910","25050","26362","27229","27294","27673","27019","27364","27801","28226","28091","28485","30356","31884","34499","39549","44325","47810","52195","56090","58986","63045","64283","65902","65223","64094","62912","63048","62650","65168","66864","68270","69540","70379","70059","68782","66545","64340",
"Medium","Gangwon-do","Male","80 Years old & over","Population projection","","7094","7511","8006","8456","8909","9457","9987","10374","10846","11434","12168","12769","13552","14381","15289","16070","17758","19784","21867","23943","26147","28476","30510","32297","33598","35318","36130","38025","39903","41212","42202","42885","45722","48230","51191","55958","60203","65147","70543","75862","81831","88259","92718","97846","100808","103921","107396","110252","113235","116926","120059","123328","126012",
"Medium","Gangwon-do","Male","80-84 Years old","Population projection","","5056","5240","5471","5757","5998","6391","6736","6842","6894","7164","7532","7909","8429","8966","9587","10183","11574","13202","14788","16324","17772","18926","20022","20815","20926","21384","20904","21397","22006","22561","22633","23040","24773","26174","28417","32656","36568","39586","43317","46649","49313","52905","54068","55630","55156","54406","53706","53997","53918","56263","57876","59280","60532",
"Medium","Gangwon-do","Male","85-89 year old","Population projection","","1621","1794","2001","2134","2316","2425","2509","2709","3031","3269","3498","3675","3808","3875","3951","4034","4267","4614","5030","5461","6101","7112","7970","8846","9820","10750","11566","12461","13150","13327","13697","13422","13914","14481","14937","15102","15409","16807","17928","19582","22634","25320","27559","30255","32658","34758","37486","38381","39664","39350","38977","38790","39177",
"Medium","Gangwon-do","Male","90-94 Years old","Population projection","","363","405","451","467","489","522","612","683","768","829","952","983","1084","1280","1463","1556","1598","1604","1601","1647","1739","1890","1990","2149","2359","2661","3107","3577","4083","4576","5016","5420","5883","6260","6362","6575","6448","6796","7184","7466","7619","7789","8663","9340","10263","11944","13341","14620","16097","17407","18676","20262","20765",
"Medium","Gangwon-do","Male","95-99 Years old","Population projection","","50","67","76","89","96","110","122","128","137","152","162","173","198","224","247","269","290","329","412","464","490","482","463","418","420","453","488","531","604","684","786","928","1069","1220","1366","1499","1629","1787","1918","1945","2023","1980","2134","2301","2409","2477","2534","2887","3151","3481","4089","4548","5016",
"Medium","Gangwon-do","Male","100 Years old & over","Population projection","","4","5","7","9","10","9","8","12","16","20","24","29","33","36","41","28","29","35","36","47","45","66","65","69","73","70","65","59","60","64","70","75","83","95","109","126","149","171","196","220","242","265","294","320","322","336","329","367","405","425","441","448","522",
"Medium","Gangwon-do","Female","Total","Population projection","","751294","752247","749206","743845","740868","736677","732913","729871","730991","733316","735415","740009","743220","744912","747147","748984","751576","752025","752176","752444","752969","754086","757301","755857","752121","751787","751546","751567","751792","752149","752588","753037","753467","753854","754140","754308","754338","754269","754014","753528","752792","751781","750503","748936","747060","744821","742164","739079","735550","731571","727134","722271","716966",
"Medium","Gangwon-do","Female","0-4 Years old","Population projection","","47824","46508","43968","41235","39072","36312","33526","31839","31374","30666","30433","30656","30400","29749","29259","28797","27930","26533","25037","23916","22730","21301","20379","19331","18240","17386","16864","16560","16533","16779","17272","17838","18318","18702","18986","19179","19294","19350","19315","19167","18928","18621","18256","17894","17580","17305","17043","16775","16486","16161","15792","15374","14916",
"Medium","Gangwon-do","Female","5-9 Years old","Population projection","","49579","50019","49619","48721","47697","46608","45194","42846","40283","38216","35491","33019","31792","31368","30723","30461","30854","30733","30173","29606","29231","28448","27330","25768","24562","23095","21461","20277","19258","18295","17394","16832","16501","16463","16716","17225","17814","18316","18725","19040","19261","19403","19482","19470","19338","19108","18809","18449","18091","17781","17506","17248","16985",
"Medium","Gangwon-do","Female","10-14 Years old","Population projection","","47596","46863","46909","47145","47505","47662","47811","47320","46821","46484","45937","44827","42748","40199","37960","35273","32933","31642","31117","30489","30395","30797","30821","30223","29642","29358","28442","27270","25875","24732","23191","21499","20263","19195","18200","17279","16699","16358","16323","16580","17097","17693","18206","18626","18952","19182","19335","19426","19428","19304","19082","18786","18430",
"Medium","Gangwon-do","Female","15-19 Years old","Population projection","","59821","55438","51302","48234","45997","44270","43561","44603","45788","46812","47275","47980","47965","47641","47004","46366","44863","42981","40908","38635","35006","32824","32111","31384","30396","30170","30559","30576","30108","29672","29428","28570","27443","26065","24908","23332","21611","20333","19222","18203","17272","16689","16333","16294","16556","17078","17675","18193","18619","18953","19193","19356","19458",
"Medium","Gangwon-do","Female","20-24 Years old","Population projection","","52883","53767","53725","52784","51307","49090","46115","42823","40217","39298","39509","41267","42786","43823","44312","44736","46133","45563","45093","44420","43350","41901","40513","38521","36638","33556","30935","29655","29294","28676","28633","29070","29125","28747","28409","28242","27523","26542","25249","24123","22556","20896","19657","18575","17610","16749","16201","15865","15866","16141","16647","17206","17685",
"Medium","Gangwon-do","Female","25-29 Years old","Population projection","","56430","54526","51660","48696","46306","45087","44434","44533","44394","43556","41089","38810","36485","35153","34730","34855","35118","36015","36946","37345","37727","38203","38205","38271","37606","37545","36869","35373","33553","32015","29630","27653","26769","26626","26124","26135","26581","26671","26369","26138","26102","25518","24661","23490","22455","20978","19422","18241","17205","16306","15516","15011","14689",
"Medium","Gangwon-do","Female","30-34 Years old","Population projection","","57596","58198","58370","58152","57172","55524","52846","50104","47955","46084","45800","45716","46175","45680","44634","42610","40384","37729","35907","35293","35290","35294","36619","37684","38202","38820","39642","39287","39086","38534","38380","37628","36147","34357","32870","30620","28725","27869","27767","27303","27332","27780","27918","27662","27472","27466","26901","26036","24816","23696","22121","20468","19184",
"Medium","Gangwon-do","Female","35-39 years old","Population projection","","62673","60825","58801","56753","56857","56746","57041","57412","57795","56985","55665","53843","51856","49896","47758","47521","47626","48376","47984","46864","44781","42422","39971","37785","36670","36722","36804","37862","38959","39823","40475","41283","40936","40739","40153","39931","39132","37622","35775","34260","32023","30099","29217","29133","28691","28714","29173","29351","29109","28923","28925","28361","27461",
"Medium","Gangwon-do","Female","40-44 years old","Population projection","","62776","64140","65035","64892","63191","60695","58649","56768","55458","56829","57488","58229","58761","59029","58367","57065","55156","53160","51057","48849","48733","49126","50421","50255","48613","46261","43907","41285","39260","38513","38540","38638","39715","40845","41756","42437","43236","42890","42682","42063","41796","40962","39407","37484","35911","33639","31655","30735","30664","30228","30243","30714","30920",
"Medium","Gangwon-do","Female","45-49 years old","Population projection","","46548","50514","52943","56042","59558","61777","63770","64557","65005","63239","61209","58931","57935","56693","58613","59320","59995","60000","60272","59496","58195","56194","54503","52315","50118","49965","50221","51380","51489","50420","48134","45788","43159","41111","40336","40341","40446","41539","42701","43649","44355","45168","44833","44622","43973","43674","42814","41209","39209","37586","35274","33223","32261",
"Medium","Gangwon-do","Female","50-54 years old","Population projection","","36087","37211","38802","39863","42002","46078","50548","52590","55762","59451","62050","65774","66919","67356","65945","63425","60573","59758","58443","60503","61397","62406","62600","62744","61568","60179","58104","56279","54201","52248","52181","52583","53868","54075","53089","50810","48400","45706","43591","42760","42745","42862","43981","45200","46211","46960","47803","47486","47261","46582","46246","45349","43680",
"Medium","Gangwon-do","Female","55-59 Years old","Population projection","","40693","38994","37651","37072","36692","35782","35936","37802","39383","41616","45923","50589","53323","57047","60977","64367","68772","69903","70441","68684","66116","63072","62770","61594","63462","64311","65078","65300","65789","64986","63567","61438","59506","57369","55395","55376","55910","57324","57639","56733","54430","51916","49109","46866","45952","45908","46037","47199","48501","49597","50417","51306","51009",
"Medium","Gangwon-do","Female","60-64 Years old","Population projection","","41639","41949","42693","42590","41591","40813","39233","37849","37321","36976","36514","36734","38416","39701","42002","46532","51246","54144","58800","63155","66925","71757","73218","73771","71590","68986","66108","65691","64726","67164","68185","69116","69576","70198","69396","67922","65694","63610","61368","59351","59385","60075","61639","62077","61222","58837","56157","53185","50792","49782","49713","49864","51092",
"Medium","Gangwon-do","Female","65-69 years old","Population projection","","32930","34814","36277","37868","39150","39784","40248","41290","41761","41039","40527","38801","38006","37493","37176","36658","37120","38712","39800","42175","47394","52089","55400","60002","64399","67979","72902","74061","74881","73256","70855","68157","67816","66966","69541","70682","71718","72328","73018","72196","70668","68350","66158","63865","61848","61958","62781","64446","64936","64072","61589","58792","55727",
"Medium","Gangwon-do","Female","70-74 Years old","Population projection","","24335","25194","26513","27528","28693","30091","31804","33030","34701","36070","37053","38058","39660","40526","40194","39864","37879","37141","36778","36308","35936","36511","38274","39582","41913","47006","51595","54694","59285","63735","67323","72223","73427","74348","72864","70643","68118","67842","67097","69740","70943","72043","72747","73476","72667","71134","68808","66595","64321","62343","62510","63413","65123",
"Medium","Gangwon-do","Female","75-79 Years old","Population projection","","16752","17285","17935","18385","19356","20477","21269","22446","23477","24621","26014","27619","29050","30674","32293","33512","34825","36633","37647","37590","37526","35813","35179","34869","34507","34238","34956","36736","38092","40486","45374","49784","52856","57310","61626","65182","69966","71197","72205","70880","68881","66588","66395","65784","68444","69701","70855","71631","72396","71648","70167","67921","65762",
"Medium","Gangwon-do","Female","80 Years old & over","Population projection","","15132","16002","17003","17885","18722","19881","20928","22059","23496","25374","27438","29156","30943","32884","35200","37622","40169","43002","45773","49116","52237","55928","58987","61758","63995","66210","67099","69281","71403","72815","74026","74937","78042","80738","83771","88972","93471","98772","104968","111342","119018","127118","132504","138418","142178","146430","150695","154257","157850","162468","166193","169879","172584",
"Medium","Gangwon-do","Female","80-84 Years old","Population projection","","9668","10015","10427","10947","11469","12248","12834","13312","13976","15105","16307","17164","18097","19047","19990","21017","22485","24066","25678","27459","28783","30314","32017","32916","32996","32938","31534","31198","31204","31163","31136","31900","33675","35027","37277","41795","45829","48781","52946","56966","60419","64941","66132","67180","66032","64347","62439","62365","61970","64572","65860","67065","67902",
"Medium","Gangwon-do","Female","85-89 year old","Population projection","","3960","4427","4929","5199","5421","5590","5789","6152","6739","7277","7887","8454","8986","9517","10576","11628","12150","12895","13488","14287","15310","16791","17790","19093","20478","21685","22910","24430","25355","25548","25574","24524","24494","24741","24894","25083","25769","27409","28659","30588","34394","37694","40283","43797","47157","50239","54116","55099","56063","55123","53924","52668","52765",
"Medium","Gangwon-do","Female","90-94 Years old","Population projection","","1230","1278","1339","1407","1477","1640","1884","2146","2300","2451","2615","2835","3061","3443","3714","4035","4445","4795","5204","5851","6492","6904","7221","7579","8074","8880","9756","10511","11423","12354","13139","13922","14908","15550","15705","15756","15103","15289","15667","15915","16203","16680","17948","18911","20256","22896","25065","26918","29316","31570","33850","36580","37203",
"Medium","Gangwon-do","Female","95-99 Years old","Population projection","","238","241","262","284","304","341","350","373","399","455","540","615","705","778","819","835","967","1099","1237","1335","1450","1665","1701","1896","2164","2399","2560","2763","2980","3241","3611","3986","4305","4697","5097","5442","5780","6221","6524","6595","6627","6335","6546","6839","7016","7213","7411","8100","8605","9249","10541","11520","12443",
"Medium","Gangwon-do","Female","100 Years old & over","Population projection","","36","41","46","48","51","62","71","76","82","86","89","88","94","99","101","107","122","147","166","184","202","254","258","274","283","308","339","379","441","509","566","605","660","723","798","896","990","1072","1172","1278","1375","1468","1595","1691","1717","1735","1664","1775","1896","1954","2018","2046","2271",
"Medium","Chungcheongbuk-do","Total","Total","Population projection","","1494377","1499275","1495860","1491154","1490640","1484736","1486522","1494268","1508721","1517120","1524279","1545214","1553478","1564816","1578403","1589264","1600904","1609061","1618090","1629249","1630839","1626031","1623079","1627269","1629639","1631062","1632229","1633591","1635035","1636473","1637788","1638961","1639860","1640503","1640810","1640776","1640381","1639581","1638247","1636282","1633606","1630247","1626174","1621400","1615917","1609649","1602514","1594480","1585588","1575818","1565189","1553795","1541644",
"Medium","Chungcheongbuk-do","Total","0-4 Years old","Population projection","","103997","100175","94345","88200","83443","77748","72124","70146","70732","69898","69880","72212","72971","72230","71822","70794","68933","66556","63241","60153","55713","51298","46905","43509","41268","39537","38237","37814","37749","38198","39276","40532","41607","42482","43157","43648","43974","44173","44168","43890","43397","42732","41926","41119","40410","39774","39167","38537","37851","37082","36203","35215","34131",
"Medium","Chungcheongbuk-do","Total","5-9 Years old","Population projection","","110077","110902","109757","107273","104813","101430","98069","93444","88037","83631","78152","73456","71604","71826","70972","70570","71798","72273","71500","71326","70709","69423","66721","63040","59503","55222","50543","46511","43430","41016","39214","37852","37368","37270","37723","38814","40080","41168","42067","42762","43270","43613","43829","43839","43576","43093","42434","41642","40843","40144","39521","38924","38309",
"Medium","Chungcheongbuk-do","Total","10-14 Years old","Population projection","","99333","99544","100605","102747","105101","107045","108418","108036","106159","104077","101855","99848","94615","89342","84889","78911","73063","71167","71230","70535","70828","72401","72785","71959","71395","70647","68897","66259","62862","59465","55184","50508","46499","43426","40980","39134","37738","37220","37089","37543","38638","39909","41004","41905","42608","43125","43480","43701","43714","43455","42969","42313","41524",
"Medium","Chungcheongbuk-do","Total","15-19 Years old","Population projection","","126216","119054","111657","105626","100881","98148","96850","99824","104548","107659","109020","110629","111152","111182","110081","108495","105815","99592","94183","89756","83134","76012","73110","72402","70985","70941","72390","72819","72024","71474","70763","69086","66466","63088","59724","55461","50779","46806","43763","41336","39465","38037","37479","37307","37759","38857","40123","41228","42141","42848","43374","43729","43955",
"Medium","Chungcheongbuk-do","Total","20-24 Years old","Population projection","","124409","125412","125980","125571","123275","118440","113344","106427","101631","99070","99693","100872","102578","104724","108182","111923","118364","118487","117407","115921","113567","106600","98307","94611","90234","84085","77861","75574","74805","73394","73450","74827","75203","74459","73925","73271","71735","69233","65967","62679","58428","53808","49986","47096","44728","42801","41303","40662","40455","40970","42103","43377","44497",
"Medium","Chungcheongbuk-do","Total","25-29 Years old","Population projection","","123919","121048","116028","111351","107622","105187","106744","109944","112551","111498","106915","104828","100220","96562","94629","94390","95837","98314","101969","106335","109464","109458","109227","108947","107713","106064","104065","99704","95457","91307","85527","79760","77744","77035","75715","75780","77081","77438","76735","76253","75808","74464","72001","68785","65559","61352","56787","53060","50190","47730","45696","44130","43410",
"Medium","Chungcheongbuk-do","Total","30-34 Years old","Population projection","","123150","124142","124599","123755","121710","118811","114944","111773","108723","106471","106850","109851","112681","114271","113963","110179","106481","101572","97975","97000","96925","96293","98536","103308","107620","110170","112341","111945","110360","108414","106902","104926","100574","96290","92102","86408","80803","78867","78187","76955","77007","78278","78665","77989","77510","77168","75858","73322","70043","66735","62449","57830","54074",
"Medium","Chungcheongbuk-do","Total","35-39 years old","Population projection","","126884","125003","122709","120994","122719","122739","123332","125356","126798","125001","122883","120773","117525","114221","111391","112021","112588","115501","117527","117202","112622","108284","103038","99126","97382","97570","98030","100636","104400","107729","110028","112057","111583","110046","108151","106653","104630","100272","95949","91726","86072","80544","78635","77972","76792","76822","78069","78476","77812","77341","77051","75747","73172",
"Medium","Chungcheongbuk-do","Total","40-44 years old","Population projection","","120804","124588","127133","128215","127093","125120","122822","121799","121634","125397","127044","129837","130826","131901","129582","127641","123272","119949","116710","113435","113294","114229","117304","118579","117748","113508","109490","104333","99892","97964","98190","98661","101271","104972","108159","110331","112286","111771","110246","108356","106837","104770","100388","96017","91763","86127","80633","78721","78066","76918","76933","78163","78579",
"Medium","Chungcheongbuk-do","Total","45-49 years old","Population projection","","89789","96912","101448","107700","114146","118458","123797","126761","129165","127744","126477","124470","124129","124069","131860","133480","134559","134516","135115","132436","129614","125554","122010","118130","114463","115047","116304","119644","121056","120105","115767","111578","106250","101723","99786","100016","100488","103115","106809","109939","112075","114004","113467","111925","110018","108468","106358","101941","97498","93172","87517","81997","80043",
"Medium","Chungcheongbuk-do","Total","50-54 years old","Population projection","","66130","69114","73166","76289","80868","88239","96094","99798","106992","114122","119206","127681","130839","133646","131879","132339","127473","128055","127633","135942","136755","138114","137864","138114","134948","132661","128925","125434","121773","117997","118654","120108","123594","125047","124092","119653","115256","109719","105058","103076","103301","103799","106475","110238","113396","115561","117525","116992","115435","113491","111891","109722","105225",
"Medium","Chungcheongbuk-do","Total","55-59 Years old","Population projection","","66655","64703","63446","63463","64205","64753","67251","72003","75503","79808","87191","95834","100812","108386","116364","122661","132758","136123","138934","136144","135684","130787","131718","131347","139136","139984","141543","141897","142786","140146","137919","134054","130331","126527","122704","123426","125096","128778","130331","129399","124838","120182","114393","109559","107512","107750","108307","111089","114999","118268","120517","122549","122039",
"Medium","Chungcheongbuk-do","Total","60-64 Years old","Population projection","","70220","69883","69861","68929","66580","65054","62882","62202","62616","63833","65035","67747","71608","74794","79500","87162","96398","102970","111797","119481","125623","136641","139637","142484","139489","139226","134302","135137","134860","142847","143886","145848","146726","147969","145537","143324","139295","135334","131393","127537","128350","130271","134175","135855","134942","130250","125335","119307","114304","112193","112457","113104","116029",
"Medium","Chungcheongbuk-do","Total","65-69 years old","Population projection","","56549","59382","61693","63488","65537","65334","65335","66224","66734","65142","64427","62187","60956","60638","62185","63694","66543","70997","74176","79014","87095","96622","103294","111708","119280","125777","136522","139446","142477","140168","139965","135234","136098","135860","143704","144915","147180","148428","149890","147627","145425","141305","137232","133273","129495","130449","132596","136644","138367","137413","132611","127548","121436",
"Medium","Chungcheongbuk-do","Total","70-74 Years old","Population projection","","38520","39912","42030","44219","46434","49673","53188","55683","57685","59789","60225","60549","61892","63484","62590","62279","59350","58189","57941","59593","61277","64079","68565","71857","76454","84410","93461","99745","107912","115616","122101","132583","135472","138566","136495","136371","131972","132921","132808","140483","141830","144300","145781","147370","145306","143211","139175","135177","131354","127756","128844","131134","135232",
"Medium","Chungcheongbuk-do","Total","75-79 Years old","Population projection","","26238","26868","27508","28232","29658","30682","31825","33863","36411","38792","41920","45217","47538","49299","51215","51800","52337","55072","57292","56832","56425","54153","53212","52989","54554","56439","59129","63297","66439","70896","78371","86794","92787","100476","107762","114033","123985","126767","129873","128102","128167","124358","125431","125561","132930","134407","137006","138641","140317","138566","136663","132910","129168",
"Medium","Chungcheongbuk-do","Total","80 Years old & over","Population projection","","21487","22633","23895","25102","26555","27875","29503","30985","32802","35188","37506","39223","41532","44241","47299","50925","55335","59728","63460","68144","72110","76083","80846","85159","87467","89774","90189","93396","96753","99737","102591","104553","110287","115267","121094","129538","138003","147571","157914","168619","180698","195873","205307","215590","221613","230434","238358","245340","252199","261736","268390","275403","280821",
"Medium","Chungcheongbuk-do","Total","80-84 Years old","Population projection","","13772","14445","15051","15897","16977","17858","18609","19207","20160","21684","23122","23979","25358","27095","28804","31396","34533","37273","39000","41036","42200","43023","45433","47468","47031","46814","44884","44574","44910","46600","48414","50732","54522","57387","61362","67984","75294","80726","87548","94063","99873","108894","111443","114377","112900","113198","110329","111518","111987","118720","120275","122896","124596",
"Medium","Chungcheongbuk-do","Total","85-89 year old","Population projection","","5740","6174","6680","6953","7165","7362","7959","8582","9258","9884","10534","11027","11558","12048","13198","13947","14812","15894","17366","19106","21220","23724","25529","26850","28376","29338","30086","32155","33912","33821","33721","32320","32469","33126","34575","36096","37773","40857","43179","46329","51550","57093","61486","66814","71914","76718","83994","85956","88342","87138","87594","85969","87174",
"Medium","Chungcheongbuk-do","Total","90-94 Years old","Population projection","","1638","1709","1838","1907","2035","2223","2481","2699","2834","3005","3149","3433","3785","4238","4395","4594","4882","5213","5549","6430","7010","7525","7976","8798","9780","11105","12469","13590","14439","15371","15977","16483","17818","18896","18853","18802","17961","18356","19053","20034","21043","21949","23975","25478","27445","30731","34028","36820","40048","43144","46288","50968","52049",
"Medium","Chungcheongbuk-do","Total","95-99 Years old","Population projection","","290","260","279","301","328","377","397","435","480","535","616","699","743","761","789","861","967","1208","1396","1394","1478","1589","1643","1763","2023","2252","2466","2756","3126","3525","4014","4506","4901","5200","5559","5807","6025","6598","7034","7004","6975","6621","6937","7356","7795","8234","8533","9440","10088","10902","12306","13607","14799",
"Medium","Chungcheongbuk-do","Total","100 Years old & over","Population projection","","47","45","47","44","50","55","57","62","70","80","85","85","88","99","113","127","141","140","149","178","202","222","265","280","257","265","284","321","366","420","465","512","577","658","745","849","950","1034","1100","1189","1257","1316","1466","1565","1559","1553","1474","1606","1734","1832","1927","1963","2203",
"Medium","Chungcheongbuk-do","Male","Total","Population projection","","752652","755693","754315","752491","753438","751160","752330","756126","763129","767087","770536","781367","785564","791388","798861","805198","812339","817342","824119","832115","833130","828507","828914","833821","835712","837196","838489","839835","841175","842471","843664","844757","845666","846392","846924","847227","847284","847078","846525","845579","844190","842389","840164","837539","834530","831113","827259","822956","818232","813106","807580","801726","795548",
"Medium","Chungcheongbuk-do","Male","0-4 Years old","Population projection","","54752","52691","49390","46210","43658","40611","37506","36279","36462","35993","36092","37288","37576","37250","36775","36114","35076","33990","32250","30668","28713","26377","24029","22405","21175","20227","19561","19333","19281","19503","20051","20693","21242","21688","22034","22284","22450","22552","22552","22411","22157","21819","21405","20992","20632","20306","19998","19677","19325","18931","18481","17978","17425",
"Medium","Chungcheongbuk-do","Male","5-9 Years old","Population projection","","58766","59206","58478","56700","55267","53350","51295","48798","46034","43602","40668","38203","37141","37128","36706","36457","37089","37261","36752","36378","35925","35294","34018","32149","30455","28475","26018","23879","22372","21078","20100","19401","19142","19074","19300","19859","20505","21061","21520","21878","22136","22313","22422","22427","22292","22046","21711","21305","20894","20536","20215","19909","19594",
"Medium","Chungcheongbuk-do","Male","10-14 Years old","Population projection","","52298","52707","53509","54902","56187","57143","57853","57384","55955","54682","53312","52070","49247","46702","44373","41251","38180","37047","36996","36647","36654","37349","37554","37042","36519","35969","35114","33842","32080","30463","28460","25998","23877","22370","21055","20058","19345","19066","18985","19213","19774","20423","20984","21445","21806","22071","22255","22369","22378","22245","21998","21662","21255",
"Medium","Chungcheongbuk-do","Male","15-19 Years old","Population projection","","64625","61077","57588","54815","53088","52343","51578","53031","55570","57411","58321","59051","58872","58223","57392","56829","55309","52259","49678","47433","43737","39766","38154","37812","37047","36902","37606","37830","37297","36770","36271","35461","34183","32423","30812","28781","26285","24182","22679","21353","20339","19607","19300","19196","19424","19988","20638","21209","21682","22047","22321","22508","22628",
"Medium","Chungcheongbuk-do","Male","20-24 Years old","Population projection","","64944","65665","66269","66488","65502","63054","60866","57505","55286","54171","54422","54663","55975","57632","59975","61708","65645","65430","65127","64759","62994","58256","54284","52447","49843","46309","42891","41599","41061","40286","40208","40898","41093","40583","40124","39705","38945","37672","35905","34259","32113","29540","27451","25929","24562","23502","22698","22328","22199","22458","23058","23739","24348",
"Medium","Chungcheongbuk-do","Male","25-29 Years old","Population projection","","64985","63633","61056","58614","57068","56229","57396","59062","60407","59572","57392","56886","54862","52921","51962","52104","53208","55211","58041","61387","63715","63354","62980","63106","62423","61655","60334","57704","55259","52584","49239","46004","44835","44354","43626","43549","44232","44428","43957","43570","43288","42596","41258","39459","37768","35498","32872","30787","29205","27755","26611","25733","25300",
"Medium","Chungcheongbuk-do","Male","30-34 Years old","Population projection","","63695","63945","64061","63649","62853","61564","59837","58385","56737","55717","56069","57809","59192","60212","60159","58585","57068","54818","53376","53174","53490","53271","55439","59187","62064","63549","64976","64563","63612","62659","61807","60449","57842","55382","52724","49477","46356","45263","44820","44131","44053","44737","44950","44505","44139","43929","43232","41820","39984","38228","35880","33244","31167",
"Medium","Chungcheongbuk-do","Male","35-39 years old","Population projection","","65773","64992","63893","63080","63639","63236","63352","64499","65526","64785","63747","62802","61148","59404","58230","58776","59317","60685","62023","62008","59675","57467","55312","53732","53097","53771","54386","56474","59095","61348","62672","64020","63560","62638","61655","60750","59365","56796","54346","51713","48534","45486","44428","43998","43339","43262","43942","44155","43720","43372","43203","42499","41063",
"Medium","Chungcheongbuk-do","Male","40-44 years old","Population projection","","62875","64802","65917","66272","65938","65169","63974","63556","63433","65023","65581","66895","67340","68237","67304","66370","63984","62231","60580","59156","59111","59755","61289","62341","62103","60067","58190","55894","53750","53075","53730","54300","56320","58829","60953","62197","63498","63015","62104","61089","60140","58730","56177","53726","51106","47969","44957","43904","43482","42841","42764","43436","43651",
"Medium","Chungcheongbuk-do","Male","45-49 years old","Population projection","","46261","49888","52641","55952","59145","61413","64195","65418","66570","66064","65781","64863","64642","64136","67878","68556","69109","69157","69731","68711","67043","64773","63003","60980","59278","59798","60703","62373","63374","62989","60901","58925","56515","54320","53650","54285","54830","56819","59279","61338","62552","63831","63336","62419","61372","60389","58960","56414","53941","51306","48184","45175","44111",
"Medium","Chungcheongbuk-do","Male","50-54 years old","Population projection","","33566","35121","37138","38888","41299","45000","49119","51373","55126","58752","61215","65520","67109","68526","67796","68453","65965","66249","65595","69620","70008","70512","70473","70942","69687","68450","66390","64556","62597","60861","61400","62401","64149","65161","64769","62645","60568","58041","55778","55094","55714","56254","58240","60705","62757","63983","65278","64795","63873","62787","61758","60297","57728",
"Medium","Chungcheongbuk-do","Male","55-59 Years old","Population projection","","31675","31164","31078","31464","32156","32562","33726","36017","37792","39993","43757","48310","51106","55189","59286","62366","67390","69192","70875","69577","69740","67260","67785","67046","70696","71162","72022","72343","73160","72146","70949","68845","66899","64888","63143","63704","64815","66670","67734","67358","65192","62990","60333","57989","57282","57900","58467","60493","63020","65124","66400","67736","67269",
"Medium","Chungcheongbuk-do","Male","60-64 Years old","Population projection","","32744","32535","32192","31735","30726","30275","29639","29991","30504","31429","32086","33371","35400","36994","39399","43304","48159","51722","56322","60373","63417","68892","70593","72347","70879","71200","68881","69365","68717","72499","73099","74187","74813","75830","74929","73759","71601","69547","67488","65734","66329","67573","69561","70701","70352","68140","65812","63021","60587","59853","60479","61093","63186",
"Medium","Chungcheongbuk-do","Male","65-69 years old","Population projection","","23930","25548","27039","28141","29251","29271","29391","29630","29937","29322","29184","28608","28471","28778","29995","30964","32340","34716","36296","38722","42750","47732","51274","55767","59667","62843","68316","69985","71839","70798","71149","68978","69490","68899","72606","73332","74595","75438","76577","75777","74632","72461","70369","68329","66635","67304","68677","70757","71928","71566","69312","66912","64078",
"Medium","Chungcheongbuk-do","Male","70-74 Years old","Population projection","","15061","15556","16297","17216","18388","20001","21761","23234","24413","25470","25877","26062","26707","27579","27279","27368","26300","26248","26719","28095","29082","30489","32869","34513","36755","40647","45349","48695","52975","56936","60089","65377","67019","68889","68002","68389","66443","67018","66538","70153","70978","72361","73341","74542","73862","72804","70722","68708","66779","65206","65951","67402","69512",
"Medium","Chungcheongbuk-do","Male","75-79 Years old","Population projection","","9969","10111","10282","10466","10798","11031","11395","12094","13066","14210","15599","17175","18373","19259","20217","20721","21267","22531","23690","23550","23656","22930","23027","23488","24722","25869","27105","29224","30769","32939","36516","40772","43882","47812","51464","54452","59379","60926","62769","62060","62537","60974","61629","61343","64779","65688","67142","68201","69425","68926","68005","66136","64317",
"Medium","Chungcheongbuk-do","Male","80 Years old & over","Population projection","","6733","7052","7487","7899","8475","8908","9447","9870","10311","10891","11433","11791","12403","13218","14135","15272","16933","18595","20068","21857","23420","25030","26831","28517","29302","30303","30647","32176","33937","35537","37023","38048","40805","43252","46078","50001","54072","58584","63494","68448","73722","80694","84980","89834","92423","96334","99898","103013","105810","109925","112960","116267","118916",
"Medium","Chungcheongbuk-do","Male","80-84 Years old","Population projection","","4633","4870","5104","5409","5867","6179","6392","6551","6810","7147","7400","7545","7966","8626","9249","10284","11698","12900","13795","14801","15455","16001","17029","17965","17888","18057","17527","17871","18488","19655","20665","21651","23493","24851","26709","29733","33238","35924","39252","42366","45013","49310","50665","52353","51810","52379","51386","52108","52082","55137","56073","57509","58568",
"Medium","Chungcheongbuk-do","Male","85-89 year old","Population projection","","1671","1760","1923","2001","2085","2135","2381","2582","2731","2925","3149","3266","3350","3436","3681","3762","3918","4227","4702","5270","6076","7016","7660","8222","8863","9282","9723","10511","11269","11305","11450","11131","11525","12120","12972","13707","14333","15707","16735","18101","20293","22725","24713","27108","29342","31349","34581","35555","36863","36460","37003","36621","37303",
"Medium","Chungcheongbuk-do","Male","90-94 Years old","Population projection","","374","375","408","427","456","523","600","658","679","707","750","831","936","1003","1049","1076","1143","1216","1288","1481","1549","1668","1777","1970","2152","2545","2966","3313","3629","3949","4163","4401","4819","5216","5228","5309","5158","5458","5867","6330","6727","7005","7788","8371","9119","10319","11580","12682","13959","15145","16272","18115","18588",
"Medium","Chungcheongbuk-do","Male","95-99 Years old","Population projection","","50","44","50","60","63","66","68","72","81","99","121","137","139","138","139","137","158","235","263","282","312","311","312","314","357","377","394","442","509","578","694","812","907","994","1087","1153","1228","1366","1498","1494","1520","1472","1606","1773","1924","2055","2126","2411","2617","2870","3279","3682","4063",
"Medium","Chungcheongbuk-do","Male","100 Years old & over","Population projection","","5","3","2","2","4","5","6","7","10","13","13","12","12","15","17","13","16","17","20","23","28","34","53","46","42","42","37","39","42","50","51","53","61","71","82","99","115","129","142","157","169","182","208","229","228","232","225","257","289","313","333","340","394",
"Medium","Chungcheongbuk-do","Female","Total","Population projection","","741725","743582","741545","738663","737202","733576","734192","738142","745592","750033","753743","763847","767914","773428","779542","784066","788565","791719","793971","797134","797709","797524","794165","793448","793927","793866","793740","793756","793860","794002","794124","794204","794194","794111","793886","793549","793097","792503","791722","790703","789416","787858","786010","783861","781387","778536","775255","771524","767356","762712","757609","752069","746096",
"Medium","Chungcheongbuk-do","Female","0-4 Years old","Population projection","","49245","47484","44955","41990","39785","37137","34618","33867","34270","33905","33788","34924","35395","34980","35047","34680","33857","32566","30991","29485","27000","24921","22876","21104","20093","19310","18676","18481","18468","18695","19225","19839","20365","20794","21123","21364","21524","21621","21616","21479","21240","20913","20521","20127","19778","19468","19169","18860","18526","18151","17722","17237","16706",
"Medium","Chungcheongbuk-do","Female","5-9 Years old","Population projection","","51311","51696","51279","50573","49546","48080","46774","44646","42003","40029","37484","35253","34463","34698","34266","34113","34709","35012","34748","34948","34784","34129","32703","30891","29048","26747","24525","22632","21058","19938","19114","18451","18226","18196","18423","18955","19575","20107","20547","20884","21134","21300","21407","21412","21284","21047","20723","20337","19949","19608","19306","19015","18715",
"Medium","Chungcheongbuk-do","Female","10-14 Years old","Population projection","","47035","46837","47096","47845","48914","49902","50565","50652","50204","49395","48543","47778","45368","42640","40516","37660","34883","34120","34234","33888","34174","35052","35231","34917","34876","34678","33783","32417","30782","29002","26724","24510","22622","21056","19925","19076","18393","18154","18104","18330","18864","19486","20020","20460","20802","21054","21225","21332","21336","21210","20971","20651","20269",
"Medium","Chungcheongbuk-do","Female","15-19 Years old","Population projection","","61591","57977","54069","50811","47793","45805","45272","46793","48978","50248","50699","51578","52280","52959","52689","51666","50506","47333","44505","42323","39397","36246","34956","34590","33938","34039","34784","34989","34727","34704","34492","33625","32283","30665","28912","26680","24494","22624","21084","19983","19126","18430","18179","18111","18335","18869","19485","20019","20459","20801","21053","21221","21327",
"Medium","Chungcheongbuk-do","Female","20-24 Years old","Population projection","","59465","59747","59711","59083","57773","55386","52478","48922","46345","44899","45271","46209","46603","47092","48207","50215","52719","53057","52280","51162","50573","48344","44023","42164","40391","37776","34970","33975","33744","33108","33242","33929","34110","33876","33801","33566","32790","31561","30062","28420","26315","24268","22535","21167","20166","19299","18605","18334","18256","18512","19045","19638","20149",
"Medium","Chungcheongbuk-do","Female","25-29 Years old","Population projection","","58934","57415","54972","52737","50554","48958","49348","50882","52144","51926","49523","47942","45358","43641","42667","42286","42629","43103","43928","44948","45749","46104","46247","45841","45290","44409","43731","42000","40198","38723","36288","33756","32909","32681","32089","32231","32849","33010","32778","32683","32520","31868","30743","29326","27791","25854","23915","22273","20985","19975","19085","18397","18110",
"Medium","Chungcheongbuk-do","Female","30-34 Years old","Population projection","","59455","60197","60538","60106","58857","57247","55107","53388","51986","50754","50781","52042","53489","54059","53804","51594","49413","46754","44599","43826","43435","43022","43097","44121","45556","46621","47365","47382","46748","45755","45095","44477","42732","40908","39378","36931","34447","33604","33367","32824","32954","33541","33715","33484","33371","33239","32626","31502","30059","28507","26569","24586","22907",
"Medium","Chungcheongbuk-do","Female","35-39 years old","Population projection","","61111","60011","58816","57914","59080","59503","59980","60857","61272","60216","59136","57971","56377","54817","53161","53245","53271","54816","55504","55194","52947","50817","47726","45394","44285","43799","43644","44162","45305","46381","47356","48037","48023","47408","46496","45903","45265","43476","41603","40013","37538","35058","34207","33974","33453","33560","34127","34321","34092","33969","33848","33248","32109",
"Medium","Chungcheongbuk-do","Female","40-44 years old","Population projection","","57929","59786","61216","61943","61155","59951","58848","58243","58201","60374","61463","62942","63486","63664","62278","61271","59288","57718","56130","54279","54183","54474","56015","56238","55645","53441","51300","48439","46142","44889","44460","44361","44951","46143","47206","48134","48788","48756","48142","47267","46697","46040","44211","42291","40657","38158","35676","34817","34584","34077","34169","34727","34928",
"Medium","Chungcheongbuk-do","Female","45-49 years old","Population projection","","43528","47024","48807","51748","55001","57045","59602","61343","62595","61680","60696","59607","59487","59933","63982","64924","65450","65359","65384","63725","62571","60781","59007","57150","55185","55249","55601","57271","57682","57116","54866","52653","49735","47403","46136","45731","45658","46296","47530","48601","49523","50173","50131","49506","48646","48079","47398","45527","43557","41866","39333","36822","35932",
"Medium","Chungcheongbuk-do","Female","50-54 years old","Population projection","","32564","33993","36028","37401","39569","43239","46975","48425","51866","55370","57991","62161","63730","65120","64083","63886","61508","61806","62038","66322","66747","67602","67391","67172","65261","64211","62535","60878","59176","57136","57254","57707","59445","59886","59323","57008","54688","51678","49280","47982","47587","47545","48235","49533","50639","51578","52247","52197","51562","50704","50133","49425","47497",
"Medium","Chungcheongbuk-do","Female","55-59 Years old","Population projection","","34980","33539","32368","31999","32049","32191","33525","35986","37711","39815","43434","47524","49706","53197","57078","60295","65368","66931","68059","66567","65944","63527","63933","64301","68440","68822","69521","69554","69626","68000","66970","65209","63432","61639","59561","59722","60281","62108","62597","62041","59646","57192","54060","51570","50230","49850","49840","50596","51979","53144","54117","54813","54770",
"Medium","Chungcheongbuk-do","Female","60-64 Years old","Population projection","","37476","37348","37669","37194","35854","34779","33243","32211","32112","32404","32949","34376","36208","37800","40101","43858","48239","51248","55475","59108","62206","67749","69044","70137","68610","68026","65421","65772","66143","70348","70787","71661","71913","72139","70608","69565","67694","65787","63905","61803","62021","62698","64614","65154","64590","62110","59523","56286","53717","52340","51978","52011","52843",
"Medium","Chungcheongbuk-do","Female","65-69 years old","Population projection","","32619","33834","34654","35347","36286","36063","35944","36594","36797","35820","35243","33579","32485","31860","32190","32730","34203","36281","37880","40292","44345","48890","52020","55941","59613","62934","68206","69461","70638","69370","68816","66256","66608","66961","71098","71583","72585","72990","73313","71850","70793","68844","66863","64944","62860","63145","63919","65887","66439","65847","63299","60636","57358",
"Medium","Chungcheongbuk-do","Female","70-74 Years old","Population projection","","23459","24356","25733","27003","28046","29672","31427","32449","33272","34319","34348","34487","35185","35905","35311","34911","33050","31941","31222","31498","32195","33590","35696","37344","39699","43763","48112","51050","54937","58680","62012","67206","68453","69677","68493","67982","65529","65903","66270","70330","70852","71939","72440","72828","71444","70407","68453","66469","64575","62550","62893","63732","65720",
"Medium","Chungcheongbuk-do","Female","75-79 Years old","Population projection","","16269","16757","17226","17766","18860","19651","20430","21769","23345","24582","26321","28042","29165","30040","30998","31079","31070","32541","33602","33282","32769","31223","30185","29501","29832","30570","32024","34073","35670","37957","41855","46022","48905","52664","56298","59581","64606","65841","67104","66042","65630","63384","63802","64218","68151","68719","69864","70440","70892","69640","68658","66774","64851",
"Medium","Chungcheongbuk-do","Female","80 Years old & over","Population projection","","14754","15581","16408","17203","18080","18967","20056","21115","22491","24297","26073","27432","29129","31023","33164","35653","38402","41133","43392","46287","48690","51053","54015","56642","58165","59471","59542","61220","62816","64200","65568","66505","69482","72015","75016","79537","83931","88987","94420","100171","106976","115179","120327","125756","129190","134100","138460","142327","146389","151811","155430","159136","161905",
"Medium","Chungcheongbuk-do","Female","80-84 Years old","Population projection","","9139","9575","9947","10488","11110","11679","12217","12656","13350","14537","15722","16434","17392","18469","19555","21112","22835","24373","25205","26235","26745","27022","28404","29503","29143","28757","27357","26703","26422","26945","27749","29081","31029","32536","34653","38251","42056","44802","48296","51697","54860","59584","60778","62024","61090","60819","58943","59410","59905","63583","64202","65387","66028",
"Medium","Chungcheongbuk-do","Female","85-89 year old","Population projection","","4069","4414","4757","4952","5080","5227","5578","6000","6527","6959","7385","7761","8208","8612","9517","10185","10894","11667","12664","13836","15144","16708","17869","18628","19513","20056","20363","21644","22643","22516","22271","21189","20944","21006","21603","22389","23440","25150","26444","28228","31257","34368","36773","39706","42572","45369","49413","50401","51479","50678","50591","49348","49871",
"Medium","Chungcheongbuk-do","Female","90-94 Years old","Population projection","","1264","1334","1430","1480","1579","1700","1881","2041","2155","2298","2399","2602","2849","3235","3346","3518","3739","3997","4261","4949","5461","5857","6199","6828","7628","8560","9503","10277","10810","11422","11814","12082","12999","13680","13625","13493","12803","12898","13186","13704","14316","14944","16187","17107","18326","20412","22448","24138","26089","27999","30016","32853","33461",
"Medium","Chungcheongbuk-do","Female","95-99 Years old","Population projection","","240","216","229","241","265","311","329","363","399","436","495","562","604","623","650","724","809","973","1133","1112","1166","1278","1331","1449","1666","1875","2072","2314","2617","2947","3320","3694","3994","4206","4472","4654","4797","5232","5536","5510","5455","5149","5331","5583","5871","6179","6407","7029","7471","8032","9027","9925","10736",
"Medium","Chungcheongbuk-do","Female","100 Years old & over","Population projection","","42","42","45","42","46","50","51","55","60","67","72","73","76","84","96","114","125","123","129","155","174","188","212","234","215","223","247","282","324","370","414","459","516","587","663","750","835","905","958","1032","1088","1134","1258","1336","1331","1321","1249","1349","1445","1519","1594","1623","1809",
"Medium","Chungcheongnam-do","Total","Total","Population projection","","1879274","1881811","1876693","1871998","1891842","1918287","1942739","1972847","2012542","2040220","2077637","2108370","2042689","2062301","2087600","2102811","2126174","2153380","2177105","2189132","2176641","2175014","2185996","2204306","2223801","2229051","2233847","2238820","2243868","2248859","2253655","2258170","2262324","2266059","2269269","2271887","2273941","2275392","2276109","2275980","2274956","2273053","2270318","2266742","2262279","2256841","2250222","2242396","2233333","2222998","2211343","2198493","2184426",
"Medium","Chungcheongnam-do","Total","0-4 Years old","Population projection","","126993","123881","117054","109997","106204","101363","95933","95425","97515","97898","100181","102700","100300","99479","98885","98388","96671","93942","89922","85074","77960","71124","65086","60484","57252","54371","52413","51801","51924","52783","54188","55947","57511","58843","59925","60749","61339","61736","61820","61506","60863","59963","58847","57717","56723","55821","54959","54082","53132","52062","50847","49484","47987",
"Medium","Chungcheongnam-do","Total","5-9 Years old","Population projection","","131385","132807","131916","129640","128246","127461","125976","121359","115988","111223","105691","100042","95196","96646","96922","97390","100018","101997","101817","101166","100270","97973","93966","89250","84694","78145","71338","65376","60659","56878","53981","51957","51252","51292","52117","53536","55316","56893","58234","59313","60140","60733","61138","61230","60919","60287","59393","58286","57166","56190","55307","54469","53616",
"Medium","Chungcheongnam-do","Total","10-14 Years old","Population projection","","119872","120597","121311","122729","125342","128658","133430","134138","133482","131675","130832","130537","120833","114976","109870","102891","97176","95939","97559","97857","98940","101312","102654","101906","101645","101291","98890","94899","89915","84820","78294","71495","65576","60903","57109","54161","52080","51303","51271","52061","53480","55270","56851","58192","59273","60098","60691","61088","61180","60868","60227","59332","58221",
"Medium","Chungcheongnam-do","Total","15-19 Years old","Population projection","","156605","144453","135112","129297","126940","126887","123995","129104","136144","142228","147242","147170","139170","139350","138950","137444","136297","131692","126260","121220","110232","103968","105190","103931","101463","101519","103242","104305","103367","102680","102289","99906","95927","90966","85870","79360","72585","66715","62107","58341","55383","53284","52448","52352","53116","54546","56358","57953","59304","60387","61217","61806","62206",
"Medium","Chungcheongnam-do","Total","20-24 Years old","Population projection","","142708","144323","145352","145248","145583","144734","140823","137017","133422","133572","137968","140410","134182","136168","139208","142632","147461","147756","147773","145945","139136","135035","132220","131537","129655","120764","112494","108436","106380","104213","104552","106166","107119","106110","105448","105052","102769","99021","94313","89425","83200","76819","71381","67172","63671","60873","58840","57958","57818","58612","60087","61909","63467",
"Medium","Chungcheongnam-do","Total","25-29 Years old","Population projection","","145992","141865","135509","129665","128789","132267","136684","143015","147614","149062","146450","143763","134121","130283","128911","127450","127638","131090","134366","136444","135374","134329","133270","134651","136319","136897","136242","132312","128109","123310","115199","108096","104844","103497","101725","102006","103506","104345","103259","102687","102465","100422","96997","92678","88252","82564","76638","71624","67755","64414","61691","59676","58731",
"Medium","Chungcheongnam-do","Total","30-34 Years old","Population projection","","143386","145730","147462","148285","150825","152431","150463","148133","147230","145594","150158","155820","156047","159560","160240","154752","149260","144017","140258","138078","135086","132416","133301","137633","141454","143109","144993","144632","143499","142095","141733","140068","135379","130415","125128","117128","110122","106918","105790","104173","104380","105847","106686","105601","105066","104870","102872","99448","95066","90571","84773","78672","73538",
"Medium","Chungcheongnam-do","Total","35-39 years old","Population projection","","149954","147722","145086","143200","146529","149883","155162","160931","166394","167172","167641","165173","156284","153805","152392","155202","158956","165871","170607","169411","161086","153619","146177","141697","140553","139937","139212","140906","143684","146427","148502","150623","150211","148814","147024","146138","143953","138824","133329","127675","119603","112476","109208","108197","106655","106789","108270","109143","108053","107503","107293","105282","101774",
"Medium","Chungcheongnam-do","Total","40-44 years old","Population projection","","141077","146111","150181","151884","152206","152298","150927","150735","152142","157222","161156","167726","166314","169743","170107","169527","165535","162998","160845","158204","159659","162846","168393","171732","172035","165540","159089","151598","145405","142507","142142","141809","144026","147387","150538","152836","155075","154608","153028","150993","149797","147295","141866","136008","130110","121960","114705","111367","110438","108938","109006","110506","111411",
"Medium","Chungcheongnam-do","Total","45-49 years old","Population projection","","107155","114802","119989","127222","135558","142336","150997","156633","161530","161267","161055","158650","152807","152778","162124","162010","169235","173684","177806","176605","174601","170374","166446","163732","161925","164914","168684","174594","177476","176120","169480","162813","155105","148775","145884","145664","145581","148151","151932","155366","157811","160136","159625","157901","155688","154264","151532","145875","139733","133632","125390","117997","114578",
"Medium","Chungcheongnam-do","Total","50-54 years old","Population projection","","96383","97387","98713","99808","102626","108268","116681","122987","133051","141740","148875","159717","158790","163868","163867","165773","158485","159431","159390","169174","167748","174956","178722","182707","182174","181516","177500","173338","169763","166847","169555","173276","179133","181877","180428","173690","166846","158945","152485","149582","149478","149592","152460","156598","160287","162883","165314","164793","162963","160613","159013","156107","150264",
"Medium","Chungcheongnam-do","Total","55-59 Years old","Population projection","","92285","90356","89438","89733","92276","96077","99131","101295","104058","106790","113653","122385","122618","131375","141140","148927","160606","167155","173043","171315","171937","163725","164487","164608","175349","175255","183067","187056","190761","189446","188422","183915","179274","175318","172047","174539","178295","184180","186892","185442","178634","171582","163464","156832","153888","153893","154207","157366","161871","165823","168596","171167","170669",
"Medium","Chungcheongnam-do","Total","60-64 Years old","Population projection","","101978","100332","99274","97012","93163","91165","89102","88410","89568","92998","97323","101430","99452","100738","103547","110736","121123","127505","137206","146976","154780","167129","173363","180042","178514","179335","171745","172774","172545","182741","183071","190983","194996","198777","197383","196034","191091","186014","181715","178141","180506","184398","190419","193197","191768","184852","177548","169168","162330","159332","159439","159946","163411",
"Medium","Chungcheongnam-do","Total","65-69 years old","Population projection","","90220","92790","94541","95719","96848","95446","94427","95487","96102","93470","92088","88591","83120","82733","85733","90895","96480","100421","102404","104793","112640","122683","129281","139151","149749","158731","171680","177762","184050","182485","183136","175771","176919","176678","186725","187436","195353","199383","203178","201755","200166","194919","189566","185095","181393","183764","187827","193960","196757","195283","188248","180777","172280",
"Medium","Chungcheongnam-do","Total","70-74 Years old","Population projection","","59795","62321","66313","70225","74042","78351","83673","86379","88907","90894","90642","89376","87078","87790","85480","83725","80321","79040","79348","83079","89237","94462","98516","100432","103187","111353","121737","128393","138353","148993","158066","170870","176885","183034","181585","182159","175162","176423","176266","186121","187170","195037","199089","202892","201540","199872","194579","189184","184728","181055","183448","187614","193782",
"Medium","Chungcheongnam-do","Total","75-79 Years old","Population projection","","40375","41465","42544","43707","45864","47957","50096","54189","58599","62668","67913","72723","72309","73985","76114","75958","74760","78006","79828","78444","77517","74252","73246","73956","77560","83598","88539","92497","94609","97644","105813","115865","122522","132140","142373","151320","163693","169464","175352","174054","174757","168462","169907","170013","179560","180985","188667","192678","196419","195266","193645","188580","183420",
"Medium","Chungcheongnam-do","Total","80 Years old & over","Population projection","","33111","34869","36898","38627","40801","42705","45239","47610","50796","54747","58769","62157","64068","69024","74110","79111","86152","92836","98673","105347","110438","114811","121678","126857","130273","132776","132982","138141","143369","148870","155232","158610","165645","171233","177960","190079","201175","212469","225138","239345","257123","276818","290366","305067","314370","328520","337822","348423","358620","372449","383116","395169","405071",
"Medium","Chungcheongnam-do","Total","80-84 Years old","Population projection","","21033","22011","23147","24369","26079","27375","28691","29665","31403","33856","36156","38056","39489","42611","45567","49179","54064","57264","59468","62282","62895","62348","65422","67252","66186","65306","62881","62652","63901","67481","72841","76957","80655","82759","85777","93496","102566","108812","117515","126790","135269","146658","151884","157246","156133","157107","151957","153587","154101","162948","164727","171891","175722",
"Medium","Chungcheongnam-do","Total","85-89 year old","Population projection","","8960","9576","10262","10624","10941","11191","11898","12935","14107","15351","16604","17485","17573","18506","20233","21373","22853","25522","28166","30767","34133","37811","39941","41535","43879","44703","44774","47812","49762","49346","48816","46954","47351","48837","51853","56089","58993","62100","63977","66710","73377","80691","85964","92968","100432","107753","117218","121344","125607","124585","125738","122199","123888",
"Medium","Chungcheongnam-do","Total","90-94 Years old","Population projection","","2582","2707","2883","2997","3089","3380","3839","4145","4413","4616","4941","5375","5738","6564","6825","6944","7490","8017","8559","9807","10837","11824","13272","14733","16344","18456","20566","22117","23364","24918","25518","25737","27874","29207","29064","28750","27536","28274","29634","31694","34374","35867","38010","39388","41388","46118","50812","54338","58810","63589","68723","75081","77524",
"Medium","Chungcheongnam-do","Total","95-99 Years old","Population projection","","464","500","519","545","590","642","689","747","760","800","931","1096","1118","1196","1330","1443","1547","1813","2234","2212","2237","2452","2625","2851","3395","3835","4241","4970","5654","6308","7142","7950","8573","9072","9741","10013","10154","11188","11780","11729","11581","11006","11604","12398","13352","14512","14958","16002","16689","17679","20010","22050","23640",
"Medium","Chungcheongnam-do","Total","100 Years old & over","Population projection","","72","75","87","92","102","117","122","118","113","124","137","145","150","147","155","172","198","220","246","279","336","376","418","486","469","476","520","590","688","817","915","1012","1192","1358","1525","1731","1926","2095","2232","2422","2522","2596","2904","3067","3065","3030","2877","3152","3413","3648","3918","3948","4297",
"Medium","Chungcheongnam-do","Male","Total","Population projection","","947749","950081","947804","946149","957849","972470","987575","1005597","1027536","1042021","1061525","1077734","1042996","1053128","1067014","1075649","1087515","1103324","1117512","1124672","1117283","1116221","1123401","1136294","1149058","1153235","1157090","1160924","1164698","1168334","1171764","1174982","1177950","1180645","1182990","1184962","1186558","1187746","1188448","1188613","1188201","1187232","1185746","1183722","1181180","1178105","1174412","1170083","1165124","1159538","1153302","1146478","1139074",
"Medium","Chungcheongnam-do","Male","0-4 Years old","Population projection","","66849","64891","61208","57222","55180","52629","49818","49472","50542","50672","51878","53124","51910","51313","51047","50700","49542","47921","45946","43361","39765","36407","33280","30968","29373","27840","26694","26417","26486","26954","27669","28568","29366","30047","30601","31022","31324","31528","31571","31410","31081","30619","30050","29473","28965","28506","28066","27619","27133","26585","25965","25269","24503",
"Medium","Chungcheongnam-do","Male","5-9 Years old","Population projection","","69840","70435","69891","68338","67346","66573","65474","63186","60477","58017","55049","51919","49466","50048","50190","50325","51803","52778","52440","52101","51552","50132","48046","45770","43232","39962","36642","33533","31150","29217","27672","26509","26187","26207","26657","27378","28291","29099","29788","30342","30769","31075","31285","31331","31170","30844","30388","29822","29250","28749","28298","27867","27431",
"Medium","Chungcheongnam-do","Male","10-14 Years old","Population projection","","62478","63207","63903","64868","66317","68153","70539","70792","70246","69090","68365","68151","63312","60108","57217","53353","50336","49694","50491","50643","51145","52562","53206","52618","52527","52297","50893","48746","46258","43483","40214","36862","33750","31373","29421","27850","26658","26299","26279","26705","27425","28347","29159","29852","30411","30837","31145","31350","31396","31234","30905","30445","29873",
"Medium","Chungcheongnam-do","Male","15-19 Years old","Population projection","","81214","75218","69875","66675","65623","65447","64932","67295","70276","73410","76557","77238","72650","72373","72067","71852","70852","68587","65822","62992","57214","53645","54434","54237","53040","52769","53671","54171","53527","53197","52941","51556","49435","46947","44165","40910","37537","34430","32078","30120","28527","27334","26947","26883","27294","28021","28956","29783","30486","31050","31480","31789","32000",
"Medium","Chungcheongnam-do","Male","20-24 Years old","Population projection","","79329","79734","80055","79987","79814","78251","75518","73929","73022","72693","73407","73604","70012","72344","75034","76796","79328","79804","80511","79447","75452","72626","71138","70364","68916","64475","60507","58981","57892","56606","56513","57426","57897","57240","56908","56636","55312","53303","50867","48139","44965","41642","38646","36401","34480","32918","31760","31337","31232","31661","32425","33396","34232",
"Medium","Chungcheongnam-do","Male","25-29 Years old","Population projection","","78468","76812","73521","70800","71076","73918","77512","81282","83531","84125","83007","81693","75706","72752","71624","71034","71283","73989","76187","77762","77501","76988","76542","78532","79835","79513","78483","75583","72685","69806","65473","61678","60183","59287","58241","58195","59088","59491","58812","58520","58322","57130","55246","52917","50380","47372","44101","41222","39082","37178","35630","34463","33968",
"Medium","Chungcheongnam-do","Male","30-34 Years old","Population projection","","75384","76641","77631","78169","79914","81109","80276","79711","79537","78979","81856","85790","85890","87849","88122","85367","82184","79425","77647","76883","75241","73893","74900","78238","80835","82454","83878","83921","83661","82800","81986","80550","77418","74257","71116","66732","62896","61339","60547","59619","59554","60429","60817","60162","59863","59669","58518","56611","54216","51643","48546","45144","42222",
"Medium","Chungcheongnam-do","Male","35-39 years old","Population projection","","78433","77679","76723","76084","77673","79509","82617","85885","89393","89994","90183","88665","83701","82630","82422","83990","86503","90362","92808","91795","87364","83238","79407","77607","77674","77830","77826","79198","81229","83176","84907","86358","86299","85735","84548","83487","81843","78569","75209","71891","67439","63517","61890","61147","60274","60183","61062","61456","60812","60495","60297","59150","57196",
"Medium","Chungcheongnam-do","Male","40-44 years old","Population projection","","73553","76311","78461","79346","80002","80699","80305","80595","81567","84376","86737","90195","89273","91150","91453","91276","88656","87193","86343","85140","85610","87727","90768","92482","92735","89600","86271","82459","79392","78425","78689","78889","80544","82912","85082","86880","88342","88212","87449","86064","84854","83069","79682","76178","72736","68222","64211","62516","61811","60974","60853","61742","62148",
"Medium","Chungcheongnam-do","Male","45-49 years old","Population projection","","54592","58613","61809","65852","70343","74082","78881","81921","84713","85264","85881","84777","81490","81336","85997","85782","89958","92599","95086","94790","93373","90721","88472","87122","86542","88180","90761","93926","95382","94604","91403","87952","84031","80895","79913","80244","80589","82446","85057","87383","89221","90701","90519","89604","88083","86763","84873","81394","77770","74228","69656","65564","63811",
"Medium","Chungcheongnam-do","Male","50-54 years old","Population projection","","48915","49403","49892","50413","51820","54893","59390","63012","68526","73050","77025","82805","82439","85335","85823","87452","83710","84227","84082","89151","88329","92478","94863","97169","97179","96887","94344","92010","90285","89020","90487","93016","96124","97533","96753","93511","89961","85950","82753","81761","82150","82608","84630","87442","89903","91798","93313","93105","92076","90446","89044","87074","83521",
"Medium","Chungcheongnam-do","Male","55-59 Years old","Population projection","","43268","43083","43569","44458","46303","48275","49609","50638","52050","53262","56932","61591","62087","66841","71865","75841","82019","85611","88981","88814","89900","85731","86116","86009","91645","91690","96151","98668","100882","100455","99969","97209","94664","92742","91277","92623","95154","98251","99665","98930","95681","92047","87960","84705","83696","84149","84722","86898","89911","92509","94470","96041","95832",
"Medium","Chungcheongnam-do","Male","60-64 Years old","Population projection","","46388","45683","44996","44028","42681","42170","41995","42747","43923","46174","48431","50269","49167","49640","50928","54699","60219","63664","68855","73810","77743","84457","87938","91863","91663","92839","89189","89898","89752","94922","95210","99679","102176","104438","104007","103374","100446","97730","95651","94033","95320","97913","101073","102556","101888","98625","94893","90714","87381","86352","86869","87558","89903",
"Medium","Chungcheongnam-do","Male","65-69 years old","Population projection","","39165","40498","41636","42273","42643","42151","41894","42383","42905","42021","41734","40783","39065","39546","41604","44344","47051","48966","49854","50938","55000","60223","63762","68988","74609","79335","86242","89637","93347","93112","94162","90684","91464","91291","96314","96839","101284","103789","106076","105672","104950","101934","99130","96988","95317","96624","99316","102541","104073","103431","100138","96349","92144",
"Medium","Chungcheongnam-do","Male","70-74 Years old","Population projection","","24324","25303","26775","28683","30665","32681","35169","36781","37899","38818","38860","38379","37332","37854","37024","36583","35722","36185","37019","39517","42716","45151","47116","47995","49299","53474","58864","62502","67781","73312","78035","84772","88088","91683","91512","92500","89294","90151","90031","94903","95643","100031","102544","104843","104518","103793","100834","98079","95992","94368","95708","98451","101689",
"Medium","Chungcheongnam-do","Male","75-79 Years old","Population projection","","15487","15932","16398","16915","17598","18183","19037","20619","22568","24506","26847","28920","29000","29722","30498","30502","30142","31646","32693","32392","32443","31724","32321","33387","35783","38873","41048","42956","44020","45473","49584","54685","58246","63230","68432","73013","79405","82532","85932","85829","86855","84108","85080","85126","89787","90762","95010","97487","99743","99557","98891","96138","93587",
"Medium","Chungcheongnam-do","Male","80 Years old & over","Population projection","","10062","10638","11461","12038","12851","13747","14609","15349","16361","17570","18776","19831","20496","22287","24099","25753","28207","30673","32747","35136","36935","38518","41092","42945","44171","45217","45626","48318","50969","53772","56850","58589","62078","64828","68043","73768","79134","84627","90683","97292","105445","114728","121088","128114","132415","139019","143244","148149","152760","159078","164127","170038","175014",
"Medium","Chungcheongnam-do","Male","80-84 Years old","Population projection","","7126","7478","7987","8385","9019","9660","10117","10415","11004","11725","12396","13070","13660","14924","16172","17585","19543","20877","21815","22839","23190","23151","24495","25438","25396","25478","25060","25913","27124","29232","31821","33504","35247","36284","37691","41430","45808","48994","53294","57791","61970","67636","70345","73340","73272","74390","72367","73441","73752","77961","79118","82975","85275",
"Medium","Chungcheongnam-do","Male","85-89 year old","Population projection","","2335","2550","2802","2954","3094","3254","3530","3894","4188","4597","5001","5242","5204","5550","5992","6204","6573","7481","8428","9497","10657","12006","12804","13320","14055","14350","14500","15720","16621","16714","16819","16544","17396","18446","20008","21842","22890","24271","25128","26308","29272","32481","34936","38105","41411","44740","49106","51086","53343","53253","54327","53160","54188",
"Medium","Chungcheongnam-do","Male","90-94 Years old","Population projection","","524","533","597","612","641","737","861","923","1043","1113","1210","1306","1397","1549","1634","1645","1771","1936","2055","2352","2605","2830","3209","3580","4042","4646","5270","5741","6128","6560","6748","6889","7611","8131","8204","8258","8110","8735","9428","10311","11290","11739","12591","13133","13881","15703","17491","18928","20696","22543","24580","27163","28201",
"Medium","Chungcheongnam-do","Male","95-99 Years old","Population projection","","73","74","70","79","85","84","91","109","118","122","154","198","218","247","284","301","301","354","415","406","426","478","522","540","618","681","733","872","1016","1172","1359","1541","1688","1807","1954","2022","2082","2357","2542","2562","2578","2521","2811","3097","3410","3742","3846","4189","4404","4701","5426","6057","6587",
"Medium","Chungcheongnam-do","Male","100 Years old & over","Population projection","","4","3","5","8","12","12","10","8","8","13","15","15","17","17","17","18","19","25","34","42","57","53","62","67","60","62","63","72","80","94","103","111","136","160","186","216","244","270","291","320","335","351","405","439","441","444","434","505","565","620","676","683","763",
"Medium","Chungcheongnam-do","Female","Total","Population projection","","931525","931730","928889","925849","933993","945817","955164","967250","985006","998199","1016112","1030636","999693","1009173","1020586","1027162","1038659","1050056","1059593","1064460","1059358","1058793","1062595","1068012","1074743","1075816","1076757","1077896","1079170","1080525","1081891","1083188","1084374","1085414","1086279","1086925","1087383","1087646","1087661","1087367","1086755","1085821","1084572","1083020","1081099","1078736","1075810","1072313","1068209","1063460","1058041","1052015","1045352",
"Medium","Chungcheongnam-do","Female","0-4 Years old","Population projection","","60144","58990","55846","52775","51024","48734","46115","45953","46973","47226","48303","49576","48390","48166","47838","47688","47129","46021","43976","41713","38195","34717","31806","29516","27879","26531","25719","25384","25438","25829","26519","27379","28145","28796","29324","29727","30015","30208","30249","30096","29782","29344","28797","28244","27758","27315","26893","26463","25999","25477","24882","24215","23484",
"Medium","Chungcheongnam-do","Female","5-9 Years old","Population projection","","61545","62372","62025","61302","60900","60888","60502","58173","55511","53206","50642","48123","45730","46598","46732","47065","48215","49219","49377","49065","48718","47841","45920","43480","41462","38183","34696","31843","29509","27661","26309","25448","25065","25085","25460","26158","27025","27794","28446","28971","29371","29658","29853","29899","29749","29443","29005","28464","27916","27441","27009","26602","26185",
"Medium","Chungcheongnam-do","Female","10-14 Years old","Population projection","","57394","57390","57408","57861","59025","60505","62891","63346","63236","62585","62467","62386","57521","54868","52653","49538","46840","46245","47068","47214","47795","48750","49448","49288","49118","48994","47997","46153","43657","41337","38080","34633","31826","29530","27688","26311","25422","25004","24992","25356","26055","26923","27692","28340","28862","29261","29546","29738","29784","29634","29322","28887","28348",
"Medium","Chungcheongnam-do","Female","15-19 Years old","Population projection","","75391","69235","65237","62622","61317","61440","59063","61809","65868","68818","70685","69932","66520","66977","66883","65592","65445","63105","60438","58228","53018","50323","50756","49694","48423","48750","49571","50134","49840","49483","49348","48350","46492","44019","41705","38450","35048","32285","30029","28221","26856","25950","25501","25469","25822","26525","27402","28170","28818","29337","29737","30017","30206",
"Medium","Chungcheongnam-do","Female","20-24 Years old","Population projection","","63379","64589","65297","65261","65769","66483","65305","63088","60400","60879","64561","66806","64170","63824","64174","65836","68133","67952","67262","66498","63684","62409","61082","61173","60739","56289","51987","49455","48488","47607","48039","48740","49222","48870","48540","48416","47457","45718","43446","41286","38235","35177","32735","30771","29191","27955","27080","26621","26586","26951","27662","28513","29235",
"Medium","Chungcheongnam-do","Female","25-29 Years old","Population projection","","67524","65053","61988","58865","57713","58349","59172","61733","64083","64937","63443","62070","58415","57531","57287","56416","56355","57101","58179","58682","57873","57341","56728","56119","56484","57384","57759","56729","55424","53504","49726","46418","44661","44210","43484","43811","44418","44854","44447","44167","44143","43292","41751","39761","37872","35192","32537","30402","28673","27236","26061","25213","24763",
"Medium","Chungcheongnam-do","Female","30-34 Years old","Population projection","","68002","69089","69831","70116","70911","71322","70187","68422","67693","66615","68302","70030","70157","71711","72118","69385","67076","64592","62611","61195","59845","58523","58401","59395","60619","60655","61115","60711","59838","59295","59747","59518","57961","56158","54012","50396","47226","45579","45243","44554","44826","45418","45869","45439","45203","45201","44354","42837","40850","38928","36227","33528","31316",
"Medium","Chungcheongnam-do","Female","35-39 years old","Population projection","","71521","70043","68363","67116","68856","70374","72545","75046","77001","77178","77458","76508","72583","71175","69970","71212","72453","75509","77799","77616","73722","70381","66770","64090","62879","62107","61386","61708","62455","63251","63595","64265","63912","63079","62476","62651","62110","60255","58120","55784","52164","48959","47318","47050","46381","46606","47208","47687","47241","47008","46996","46132","44578",
"Medium","Chungcheongnam-do","Female","40-44 years old","Population projection","","67524","69800","71720","72538","72204","71599","70622","70140","70575","72846","74419","77531","77041","78593","78654","78251","76879","75805","74502","73064","74049","75119","77625","79250","79300","75940","72818","69139","66013","64082","63453","62920","63482","64475","65456","65956","66733","66396","65579","64929","64943","64226","62184","59830","57374","53738","50494","48851","48627","47964","48153","48764","49263",
"Medium","Chungcheongnam-do","Female","45-49 years old","Population projection","","52563","56189","58180","61370","65215","68254","72116","74712","76817","76003","75174","73873","71317","71442","76127","76228","79277","81085","82720","81815","81228","79653","77974","76610","75383","76734","77923","80668","82094","81516","78077","74861","71074","67880","65971","65420","64992","65705","66875","67983","68590","69435","69106","68297","67605","67501","66659","64481","61963","59404","55734","52433","50767",
"Medium","Chungcheongnam-do","Female","50-54 years old","Population projection","","47468","47984","48821","49395","50806","53375","57291","59975","64525","68690","71850","76912","76351","78533","78044","78321","74775","75204","75308","80023","79419","82478","83859","85538","84995","84629","83156","81328","79478","77827","79068","80260","83009","84344","83675","80179","76885","72995","69732","67821","67328","66984","67830","69156","70384","71085","72001","71688","70887","70167","69969","69033","66743",
"Medium","Chungcheongnam-do","Female","55-59 Years old","Population projection","","49017","47273","45869","45275","45973","47802","49522","50657","52008","53528","56721","60794","60531","64534","69275","73086","78587","81544","84062","82501","82037","77994","78371","78599","83704","83565","86916","88388","89879","88991","88453","86706","84610","82576","80770","81916","83141","85929","87227","86512","82953","79535","75504","72127","70192","69744","69485","70468","71960","73314","74126","75126","74837",
"Medium","Chungcheongnam-do","Female","60-64 Years old","Population projection","","55590","54649","54278","52984","50482","48995","47107","45663","45645","46824","48892","51161","50285","51098","52619","56037","60904","63841","68351","73166","77037","82672","85425","88179","86851","86496","82556","82876","82793","87819","87861","91304","92820","94339","93376","92660","90645","88284","86064","84108","85186","86485","89346","90641","89880","86227","82655","78454","74949","72980","72570","72388","73508",
"Medium","Chungcheongnam-do","Female","65-69 years old","Population projection","","51055","52292","52905","53446","54205","53295","52533","53104","53197","51449","50354","47808","44055","43187","44129","46551","49429","51455","52550","53855","57640","62460","65519","70163","75140","79396","85438","88125","90703","89373","88974","85087","85455","85387","90411","90597","94069","95594","97102","96083","95216","92985","90436","88107","86076","87140","88511","91419","92684","91852","88110","84428","80136",
"Medium","Chungcheongnam-do","Female","70-74 Years old","Population projection","","35471","37018","39538","41542","43377","45670","48504","49598","51008","52076","51782","50997","49746","49936","48456","47142","44599","42855","42329","43562","46521","49311","51400","52437","53888","57879","62873","65891","70572","75681","80031","86098","88797","91351","90073","89659","85868","86272","86235","91218","91527","95006","96545","98049","97022","96079","93745","91105","88736","86687","87740","89163","92093",
"Medium","Chungcheongnam-do","Female","75-79 Years old","Population projection","","24888","25533","26146","26792","28266","29774","31059","33570","36031","38162","41066","43803","43309","44263","45616","45456","44618","46360","47135","46052","45074","42528","40925","40569","41777","44725","47491","49541","50589","52171","56229","61180","64276","68910","73941","78307","84288","86932","89420","88225","87902","84354","84827","84887","89773","90223","93657","95191","96676","95709","94754","92442","89833",
"Medium","Chungcheongnam-do","Female","80 Years old & over","Population projection","","23049","24231","25437","26589","27950","28958","30630","32261","34435","37177","39993","42326","43572","46737","50011","53358","57945","62163","65926","70211","73503","76293","80586","83912","86102","87559","87356","89823","92400","95098","98382","100021","103567","106405","109917","116311","122041","127842","134455","142053","151678","162090","169278","176953","181955","189501","194578","200274","205860","213371","218989","225131","230057",
"Medium","Chungcheongnam-do","Female","80-84 Years old","Population projection","","13907","14533","15160","15984","17060","17715","18574","19250","20399","22131","23760","24986","25829","27687","29395","31594","34521","36387","37653","39443","39705","39197","40927","41814","40790","39828","37821","36739","36777","38249","41020","43453","45408","46475","48086","52066","56758","59818","64221","68999","73299","79022","81539","83906","82861","82717","79590","80146","80349","84987","85609","88916","90447",
"Medium","Chungcheongnam-do","Female","85-89 year old","Population projection","","6625","7026","7460","7670","7847","7937","8368","9041","9919","10754","11603","12243","12369","12956","14241","15169","16280","18041","19738","21270","23476","25805","27137","28215","29824","30353","30274","32092","33141","32632","31997","30410","29955","30391","31845","34247","36103","37829","38849","40402","44105","48210","51028","54863","59021","63013","68112","70258","72264","71332","71411","69039","69700",
"Medium","Chungcheongnam-do","Female","90-94 Years old","Population projection","","2058","2174","2286","2385","2448","2643","2978","3222","3370","3503","3731","4069","4341","5015","5191","5299","5719","6081","6504","7455","8232","8994","10063","11153","12302","13810","15296","16376","17236","18358","18770","18848","20263","21076","20860","20492","19426","19539","20206","21383","23084","24128","25419","26255","27507","30415","33321","35410","38114","41046","44143","47918","49323",
"Medium","Chungcheongnam-do","Female","95-99 Years old","Population projection","","391","426","449","466","505","558","598","638","642","678","777","898","900","949","1046","1142","1246","1459","1819","1806","1811","1974","2103","2311","2777","3154","3508","4098","4638","5136","5783","6409","6885","7265","7787","7991","8072","8831","9238","9167","9003","8485","8793","9301","9942","10770","11112","11813","12285","12978","14584","15993","17053",
"Medium","Chungcheongnam-do","Female","100 Years old & over","Population projection","","68","72","82","84","90","105","112","110","105","111","122","130","133","130","138","154","179","195","212","237","279","323","356","419","409","414","457","518","608","723","812","901","1056","1198","1339","1515","1682","1825","1941","2102","2187","2245","2499","2628","2624","2586","2443","2647","2848","3028","3242","3265","3534",
"Medium","Jeollabuk-do","Total","Total","Population projection","","1927005","1916308","1895902","1870827","1843031","1816604","1801414","1791609","1788455","1791713","1795819","1808733","1817430","1820969","1829437","1835125","1835243","1828527","1822635","1811958","1805688","1792081","1777197","1768352","1758610","1746890","1735370","1724427","1714019","1704031","1694330","1684841","1675537","1666309","1657088","1647826","1638521","1629141","1619600","1609795","1599735","1589404","1578795","1567928","1556770","1545226","1533193","1520644","1507555","1493894","1479628","1464817","1449441",
"Medium","Jeollabuk-do","Total","0-4 Years old","Population projection","","129122","125483","116912","109355","101667","92935","84884","81658","80429","78955","78395","79771","80191","79116","78334","77468","74611","70330","65313","60294","54190","48700","44246","40684","37969","35808","34130","33407","33121","33456","34329","35394","36308","37045","37603","37988","38221","38333","38250","37909","37364","36660","35824","34983","34245","33585","32961","32338","31681","30962","30161","29285","28334",
"Medium","Jeollabuk-do","Total","5-9 Years old","Population projection","","136888","137733","136106","133472","128500","124092","119181","112855","105325","99448","92384","85718","82404","81366","79922","79058","80259","80635","79493","78032","77223","74229","69841","64943","60108","54389","49035","44652","41191","38445","36257","34564","33822","33531","33886","34791","35894","36838","37611","38199","38612","38867","39002","38940","38613","38071","37368","36532","35693","34960","34301","33683","33065",
"Medium","Jeollabuk-do","Total","10-14 Years old","Population projection","","126958","126194","127564","128883","129733","130212","131785","131086","129126","125741","122387","119263","113783","107294","100935","93545","86174","83075","81488","79839","79955","80977","80845","79517","78057","77183","73982","69744","64971","60341","54713","49412","45049","41600","38840","36627","34914","34153","33853","34215","35137","36261","37228","38016","38622","39051","39319","39465","39408","39083","38545","37839","37001",
"Medium","Jeollabuk-do","Total","15-19 Years old","Population projection","","165475","151315","137707","128184","122263","119720","118466","120229","122272","125984","129032","131841","131657","130141","127527","125558","123469","117442","111211","104365","96970","88970","86182","84436","82038","80462","81146","80987","79789","78351","77509","74370","70282","65633","61078","55531","50312","45986","42565","39822","37593","35864","35091","34781","35173","36122","37270","38256","39062","39682","40121","40402","40554",
"Medium","Jeollabuk-do","Total","20-24 Years old","Population projection","","157969","157258","154733","150655","143512","133143","124948","117149","111805","108925","108841","110915","114713","118284","122580","125447","128237","127921","127927","125679","124517","120404","113069","107264","101758","94126","87126","84040","82228","80185","79056","79997","79958","78912","77657","76959","74155","70637","66491","62432","57427","52761","48869","45818","43332","41255","39659","38970","38735","39211","40181","41310","42267",
"Medium","Jeollabuk-do","Total","25-29 Years old","Population projection","","154620","148433","140282","130973","121772","117016","115048","115220","115936","116026","111205","107681","103320","99147","97222","97575","96935","97938","100720","102916","104535","105978","105103","105771","105614","104440","102199","97359","92141","87408","81408","75924","73822","72656","71181","70484","71607","71597","70752","69800","69432","67172","64422","61026","57734","53560","49641","46331","43748","41580","39750","38373","37790",
"Medium","Jeollabuk-do","Total","30-34 Years old","Population projection","","143603","145137","146179","145430","142333","137750","130710","123175","117456","113167","113563","115483","117612","117070","116348","111830","105937","98800","93801","89918","88658","87557","88998","92274","95018","96824","98555","98538","97943","96559","95354","93253","88937","84394","80280","74935","70049","68298","67378","66153","65675","66830","66825","66118","65358","65173","63193","60818","57754","54790","50942","47275","44161",
"Medium","Jeollabuk-do","Total","35-39 years old","Population projection","","147957","144891","141728","138395","138200","137941","138429","140064","141099","140261","137620","133491","129087","124503","120305","120324","120262","120723","118977","116283","109630","103168","96564","91080","88054","87384","86971","88497","91234","93386","95149","96812","96702","95966","94464","93211","91124","86968","82601","78648","73497","68765","67081","66239","65113","64712","65881","65903","65267","64578","64460","62589","60337",
"Medium","Jeollabuk-do","Total","40-44 years old","Population projection","","143245","146564","148894","148626","145317","140618","137636","135483","133416","136505","138166","142071","144766","147344","146628","145104","139358","133479","128345","121832","120302","119663","120156","118483","115958","109958","104008","97437","91908","88872","88361","88066","89735","92581","94774","96553","98204","98032","97192","95593","94268","92143","87992","83617","79661","74520","69764","68041","67229","66157","65785","66969","67027",
"Medium","Jeollabuk-do","Total","45-49 years old","Population projection","","110593","117302","122074","128565","134112","137053","141792","144507","145836","143784","140979","138058","138243","137000","143883","146231","148390","149422","150906","148811","145758","139498","133767","128675","122505","121234","121012","121892","120639","118381","112517","106656","100136","94666","91725","91294","91085","92876","95851","98139","99980","101653","101444","100500","98797","97390","95194","90979","86512","82466","77245","72374","70555",
"Medium","Jeollabuk-do","Total","50-54 years old","Population projection","","106468","105959","104680","102522","102772","105662","111482","117172","124856","131355","135994","144001","147285","150517","149369","146587","142021","142472","139833","146298","147449","149215","150051","151772","149637","146697","140642","135232","130183","124173","123225","123353","124583","123649","121585","115790","109937","103409","97943","95052","94697","94582","96504","99622","102021","103938","105654","105428","104396","102602","101117","98851","94551",
"Medium","Jeollabuk-do","Total","55-59 Years old","Population projection","","94000","92923","92860","93621","96875","101268","102948","100510","99405","100789","105635","111806","117149","125068","132345","138617","147491","149973","153247","150376","146471","141768","142808","140844","147515","148489","150567","151688","153450","151441","148532","142551","137197","132220","126396","125710","126145","127691","127057","125178","119415","113536","106960","101465","98601","98314","98293","100360","103640","106174","108185","109959","109726",
"Medium","Jeollabuk-do","Total","60-64 Years old","Population projection","","97047","96677","97412","96299","92472","89431","87057","86709","87689","91818","97158","100597","99967","98805","101958","106937","112467","117206","125302","132049","138501","147659","149920","153666","150891","146751","142601","143651","141681","148545","149689","151997","153401","155329","153410","150532","144621","139310","134390","128731","128283","129019","130881","130547","128833","123104","117175","110544","105006","102166","101945","102019","104232",
"Medium","Jeollabuk-do","Total","65-69 years old","Population projection","","84011","86480","88437","89849","90401","89301","89216","91120","91684","88877","86941","84272","84000","84444","87448","93328","97916","97828","96919","100068","105228","110397","115068","123118","130152","136543","145942","148495","152141","149676","145849","141954","142980","141147","147978","149264","151741","153340","155362","153526","150689","144869","139634","134817","129375","129162","130168","132266","132124","130482","124767","118842","112237",
"Medium","Jeollabuk-do","Total","70-74 Years old","Population projection","","58960","60798","63498","65899","69265","72702","76314","78309","80207","81588","81633","81491","84985","86983","84507","82567","80541","79629","80047","82711","89497","94197","94086","93457","96471","101280","106645","111629","119688","126825","133280","142534","145157","148820","146542","143010","139385","140391","138727","145455","146862","149462","151207","153292","151574","148819","143168","138068","133408","128196","128156","129336","131580",
"Medium","Jeollabuk-do","Total","75-79 Years old","Population projection","","38139","39395","41195","42517","44326","46956","48736","50765","53464","56864","61083","64410","66753","68479","70320","70454","70609","75748","78295","76286","75160","73542","73037","73576","76199","82443","86813","86959","86763","89867","94752","100116","105083","112764","119630","126049","134970","137546","141117","139021","135925","132803","133861","132511","139050","140568","143271","145107","147196","145688","143089","137776","132975",
"Medium","Jeollabuk-do","Total","80 Years old & over","Population projection","","31950","33766","35641","37582","39511","40804","42782","45598","48450","51626","54803","57864","61515","65408","69806","74495","80566","85906","90811","96201","101644","106159","113456","118792","120666","122879","123996","130220","134948","138120","144350","147888","152385","155396","160059","169098","176157","183736","192460","201922","214879","228157","235970","245636","250668","257882","265214","271238","276696","285117","290878","297935","303049",
"Medium","Jeollabuk-do","Total","80-84 Years old","Population projection","","20460","21377","22385","23791","25282","25883","26827","28580","29857","31724","34105","36104","38206","40084","42584","45767","49331","52148","54066","56338","57625","58047","62750","65270","63576","62529","61080","61464","62431","64869","70336","73926","74381","74481","77347","82127","87130","91766","98598","104787","110955","119115","121437","124743","122899","120515","118230","119353","118501","124558","126134","128883","130734",
"Medium","Jeollabuk-do","Total","85-89 year old","Population projection","","8506","9138","9828","10207","10581","11076","11667","12420","13637","14654","15052","15552","16561","17643","19214","20797","22801","24417","26198","28199","31167","34027","35627","37096","39068","40154","40696","44813","46930","45821","45102","43972","44871","46025","47903","52107","54577","55249","55564","57924","62210","66356","70206","75550","80490","85870","92523","94275","96931","95383","93927","92750","93851",
"Medium","Jeollabuk-do","Total","90-94 Years old","Population projection","","2469","2613","2761","2900","2942","3087","3506","3752","4076","4329","4626","5068","5507","6346","6571","6424","6713","7409","8191","9378","10475","11580","12373","13308","14519","16281","17895","19083","20140","21411","22127","22526","25116","26347","25650","25233","24503","25546","26545","27661","30243","31484","32140","32505","34080","37225","39908","42411","45685","48789","52592","56903","57808",
"Medium","Jeollabuk-do","Total","95-99 Years old","Population projection","","443","545","561","574","600","649","662","707","732","768","861","982","1079","1167","1262","1353","1548","1725","2124","2013","2063","2140","2325","2680","3105","3520","3909","4365","4843","5331","6012","6611","7053","7459","7961","8271","8450","9573","10045","9713","9539","9209","9904","10444","10885","11984","12346","12729","12945","13669","15250","16396","17488",
"Medium","Jeollabuk-do","Total","100 Years old & over","Population projection","","72","93","106","110","106","109","120","139","148","151","159","158","162","168","175","154","173","207","232","273","314","365","381","438","398","395","416","495","604","688","773","853","964","1084","1198","1360","1497","1602","1708","1837","1932","1993","2283","2394","2314","2288","2207","2470","2634","2718","2975","3003","3168",
"Medium","Jeollabuk-do","Male","Total","Population projection","","958211","952454","941519","928990","915132","901531","893276","887621","885099","886090","887155","896178","902355","905581","911507","916353","916567","912675","909711","904929","900472","893748","886829","883855","879834","874274","868779","863576","858664","853987","849471","845078","840796","836536","832264","827953","823576","819090","814446","809596","804563","799354","793979","788444","782755","776879","770778","764459","757903","751097","744034","736739","729199",
"Medium","Jeollabuk-do","Male","0-4 Years old","Population projection","","67462","65357","60826","56782","52512","48098","44064","42310","41580","40919","40607","41194","41451","40800","40344","39814","38420","36243","33479","30829","27759","24826","22438","20499","19173","17982","17167","16812","16774","16938","17379","17917","18379","18751","19034","19230","19347","19402","19358","19184","18909","18555","18133","17708","17334","17000","16685","16370","16037","15671","15265","14823","14342",
"Medium","Jeollabuk-do","Male","5-9 Years old","Population projection","","71572","72185","71412","69878","67214","64765","61799","58466","54629","51447","47743","44444","42738","42143","41387","40849","41380","41468","40962","40132","39677","38284","35986","33340","30786","27956","25078","22751","20880","19500","18294","17466","17095","17049","17219","17677","18237","18713","19105","19404","19614","19741","19809","19776","19610","19337","18981","18558","18132","17760","17425","17110","16795",
"Medium","Jeollabuk-do","Male","10-14 Years old","Population projection","","65541","65589","66423","67379","67806","67949","69005","68679","67428","65508","63534","61832","58945","55651","52148","48520","44821","43221","42276","41440","41386","41728","41587","40935","40139","39624","38130","35966","33369","30922","28139","25291","22981","21119","19733","18513","17676","17294","17234","17401","17867","18438","18927","19329","19639","19857","19992","20066","20034","19869","19597","19241","18817",
"Medium","Jeollabuk-do","Male","15-19 Years old","Population projection","","86597","79253","72329","67281","64233","63091","62444","63340","64761","66894","68550","69837","69745","68877","67626","66520","65248","62242","59155","55348","51233","47132","45625","44457","43015","41981","42121","42019","41439","40628","40141","38676","36562","34027","31621","28863","26031","23729","21868","20472","19229","18376","17976","17902","18072","18554","19143","19649","20067","20389","20617","20764","20844",
"Medium","Jeollabuk-do","Male","20-24 Years old","Population projection","","86614","85251","83506","81787","78888","73696","68978","64160","60714","59178","59400","60660","62827","64925","67541","68906","70457","70546","70807","69804","68677","66553","62655","60004","56910","52748","48934","47061","45783","44525","43756","44068","44053","43535","42812","42388","41008","39077","36731","34504","31885","29215","27058","25304","23968","22764","21946","21553","21489","21693","22219","22827","23350",
"Medium","Jeollabuk-do","Male","25-29 Years old","Population projection","","80980","78466","74241","69304","64483","61744","60816","61305","61640","61344","58289","57214","55237","53136","52063","52613","52401","52962","54442","56061","56957","58144","57932","58863","59396","59012","57710","55163","52352","49525","46238","43222","41937","41124","40256","39767","40250","40280","39841","39255","39000","37865","36307","34386","32584","30379","28124","26319","24838","23689","22625","21921","21579",
"Medium","Jeollabuk-do","Male","30-34 Years old","Population projection","","74347","74794","75199","74672","73096","70972","67306","62962","60083","57844","57959","59428","60741","60740","60809","58557","55411","51562","48875","46889","46655","46245","47383","49539","51498","52445","53679","53943","53888","53459","52880","51621","49366","46932","44503","41636","38999","37971","37352","36653","36309","36845","36871","36485","36016","35890","34904","33567","31884","30309","28303","26239","24587",
"Medium","Jeollabuk-do","Male","35-39 years old","Population projection","","75645","74426","73198","71832","71797","71675","71514","72086","72350","71719","70295","68349","66163","63952","61980","62231","62318","62155","61353","59862","56250","52759","49591","46942","45555","45836","45944","47007","48710","50200","51105","52268","52407","52185","51585","50912","49653","47499","45167","42863","40139","37610","36648","36090","35456","35168","35722","35758","35404","34982","34903","33971","32712",
"Medium","Jeollabuk-do","Male","40-44 years old","Population projection","","71820","73674","74869","74659","73507","71407","70410","69760","68831","70212","70933","73121","74676","76150","75911","75247","71939","68722","65832","62392","61519","61223","61199","60595","59361","56160","53157","49925","47127","45757","46095","46229","47362","49128","50624","51540","52685","52747","52418","51707","50958","49675","47528","45201","42917","40216","37685","36714","36186","35585","35316","35886","35938",
"Medium","Jeollabuk-do","Male","45-49 years old","Population projection","","55308","58450","61110","64382","66890","68235","70706","72010","72911","72478","71520","70617","71109","70469","74173","75677","76902","77532","78146","77028","75187","71547","68447","65741","62465","61812","61772","62034","61626","60509","57425","54502","51310","48559","47260","47627","47788","48989","50839","52391","53349","54502","54519","54097","53285","52458","51127","48942","46558","44232","41489","38892","37869",
"Medium","Jeollabuk-do","Male","50-54 years old","Population projection","","52951","52578","51703","50620","50877","52286","55124","58339","62203","65328","67664","71848","73625","75740","75698","75113","73171","73485","71971","75467","76054","76875","77516","78320","77175","75470","72051","69067","66405","63235","62781","62953","63435","63215","62214","59203","56308","53117","50378","49120","49518","49720","51003","52944","54563","55575","56752","56741","56240","55342","54446","53067","50830",
"Medium","Jeollabuk-do","Male","55-59 Years old","Population projection","","44288","44286","44822","45647","47424","49608","50434","49098","48614","49478","51911","55225","58261","62493","66158","69341","73735","74939","76914","75939","74588","72647","73254","72099","75550","76110","77241","78021","78848","77831","76185","72855","69944","67354","64320","64030","64387","65063","65021","64128","61166","58280","55073","52333","51105","51536","51786","53155","55198","56896","57971","59183","59151",
"Medium","Jeollabuk-do","Male","60-64 Years old","Population projection","","43630","43643","43938","43521","41963","40950","40480","41160","42188","44401","47001","48766","48519","48155","49917","52727","55705","58157","62299","65699","68730","73208","74393","76708","75673","74333","72717","73334","72161","75695","76356","77619","78557","79499","78578","76991","73754","70912","68391","65482","65333","65867","66737","66868","66078","63170","60279","57052","54307","53108","53572","53874","55331",
"Medium","Jeollabuk-do","Male","65-69 years old","Population projection","","35411","36685","37851","38620","39094","38737","38953","39874","40266","39211","38679","38073","38786","39698","41560","44582","46952","46934","46680","48376","51107","53779","56358","60497","63893","66888","71503","72885","75137","74305","73139","71680","72298","71232","74716","75469","76837","77889","78906","78083","76564","73439","70692","68269","65523","65519","66215","67236","67481","66738","63872","61016","57826",
"Medium","Jeollabuk-do","Male","70-74 Years old","Population projection","","23238","23811","24753","25947","27364","29077","30702","31893","32870","33737","33890","34053","35699","36763","35848","35479","35184","35733","36640","38338","41642","44000","44072","43965","45603","48238","50980","53649","57718","61175","64210","68728","70160","72406","71695","70695","69409","70035","69101","72502","73339","74785","75927","77003","76295","74871","71903","69285","66999","64426","64535","65336","66452",
"Medium","Jeollabuk-do","Male","75-79 Years old","Population projection","","13985","14529","15217","15759","16365","17084","17694","18366","19412","20827","22701","24154","25347","26220","27201","27444","27771","30081","31444","30802","30683","30602","31396","32411","34031","37047","39182","39395","39536","41195","43811","46493","49099","52895","56162","59155","63447","64849","67017","66405","65634","64636","65300","64583","67846","68753","70261","71450","72539","71987","70696","67986","65600",
"Medium","Jeollabuk-do","Male","80 Years old & over","Population projection","","8822","9477","10122","10920","11619","12157","12847","13813","14619","15565","16479","17363","18486","19669","21143","22733","24752","26693","28436","30523","32368","34196","36997","38940","39611","40632","41413","44544","46911","48588","51537","53490","55851","57526","59932","64257","67760","71524","75719","80042","85750","91805","95471","100166","102464","105832","109273","112044","114510","118421","121183","124603","127176",
"Medium","Jeollabuk-do","Male","80-84 Years old","Population projection","","6293","6677","7100","7691","8267","8569","8978","9598","9980","10468","11120","11712","12401","13069","13960","15239","16727","18044","18874","19974","20543","21008","22956","24119","23649","23658","23591","24703","25779","27163","29669","31335","31704","31963","33421","35869","38252","40574","43803","46615","49403","53195","54418","56377","55875","55441","54895","55592","55201","58148","59075","60581","61730",
"Medium","Jeollabuk-do","Male","85-89 year old","Population projection","","2012","2246","2435","2588","2696","2878","3059","3350","3705","4086","4262","4438","4746","5031","5497","5772","6202","6632","7272","7968","9059","10128","10819","11314","12066","12511","12841","14408","15292","15048","15089","15055","16095","16984","17923","19667","20724","21154","21442","22538","24527","26316","28078","30395","32451","34708","37588","38466","39974","39578","39487","39423","40058",
"Medium","Jeollabuk-do","Male","90-94 Years old","Population projection","","451","473","507","559","581","638","735","779","832","893","956","1056","1176","1385","1476","1488","1555","1690","1886","2183","2346","2620","2782","2997","3327","3842","4307","4673","4976","5394","5637","5824","6659","7086","6947","6976","6957","7675","8213","8663","9570","10039","10366","10572","11197","12436","13423","14411","15644","16755","18143","19777","20182",
"Medium","Jeollabuk-do","Male","95-99 Years old","Population projection","","60","72","68","69","65","62","64","75","91","108","129","146","152","170","194","218","248","303","374","356","374","395","393","456","523","575","629","707","797","907","1059","1187","1291","1376","1506","1586","1649","1928","2053","1995","2005","1999","2304","2497","2627","2928","3049","3192","3272","3502","3989","4320","4665",
"Medium","Jeollabuk-do","Male","100 Years old & over","Population projection","","6","9","12","13","10","10","11","11","11","10","12","11","11","14","16","16","20","24","30","42","46","45","47","54","46","46","45","53","67","76","83","89","102","117","135","159","178","193","208","231","245","256","305","325","314","319","318","383","419","438","489","502","541",
"Medium","Jeollabuk-do","Female","Total","Population projection","","968794","963854","954383","941837","927899","915073","908138","903988","903356","905623","908664","912555","915075","915388","917930","918772","918676","915852","912924","907029","905216","898333","890368","884497","878776","872616","866591","860851","855355","850044","844859","839763","834741","829773","824824","819873","814945","810051","805154","800199","795172","790050","784816","779484","774015","768347","762415","756185","749652","742797","735594","728078","720242",
"Medium","Jeollabuk-do","Female","0-4 Years old","Population projection","","61660","60126","56086","52573","49155","44837","40820","39348","38849","38036","37788","38577","38740","38316","37990","37654","36191","34087","31834","29465","26431","23874","21808","20185","18796","17826","16963","16595","16347","16518","16950","17477","17929","18294","18569","18758","18874","18931","18892","18725","18455","18105","17691","17275","16911","16585","16276","15968","15644","15291","14896","14462","13992",
"Medium","Jeollabuk-do","Female","5-9 Years old","Population projection","","65316","65548","64694","63594","61286","59327","57382","54389","50696","48001","44641","41274","39666","39223","38535","38209","38879","39167","38531","37900","37546","35945","33855","31603","29322","26433","23957","21901","20311","18945","17963","17098","16727","16482","16667","17114","17657","18125","18506","18795","18998","19126","19193","19164","19003","18734","18387","17974","17561","17200","16876","16573","16270",
"Medium","Jeollabuk-do","Female","10-14 Years old","Population projection","","61417","60605","61141","61504","61927","62263","62780","62407","61698","60233","58853","57431","54838","51643","48787","45025","41353","39854","39212","38399","38569","39249","39258","38582","37918","37559","35852","33778","31602","29419","26574","24121","22068","20481","19107","18114","17238","16859","16619","16814","17270","17823","18301","18687","18983","19194","19327","19399","19374","19214","18948","18598","18184",
"Medium","Jeollabuk-do","Female","15-19 Years old","Population projection","","78878","72062","65378","60903","58030","56629","56022","56889","57511","59090","60482","62004","61912","61264","59901","59038","58221","55200","52056","49017","45737","41838","40557","39979","39023","38481","39025","38968","38350","37723","37368","35694","33720","31606","29457","26668","24281","22257","20697","19350","18364","17488","17115","16879","17101","17568","18127","18607","18995","19293","19504","19638","19710",
"Medium","Jeollabuk-do","Female","20-24 Years old","Population projection","","71355","72007","71227","68868","64624","59447","55970","52989","51091","49747","49441","50255","51886","53359","55039","56541","57780","57375","57120","55875","55840","53851","50414","47260","44848","41378","38192","36979","36445","35660","35300","35929","35905","35377","34845","34571","33147","31560","29760","27928","25542","23546","21811","20514","19364","18491","17713","17417","17246","17518","17962","18483","18917",
"Medium","Jeollabuk-do","Female","25-29 Years old","Population projection","","73640","69967","66041","61669","57289","55272","54232","53915","54296","54682","52916","50467","48083","46011","45159","44962","44534","44976","46278","46855","47578","47834","47171","46908","46218","45428","44489","42196","39789","37883","35170","32702","31885","31532","30925","30717","31357","31317","30911","30545","30432","29307","28115","26640","25150","23181","21517","20012","18910","17891","17125","16452","16211",
"Medium","Jeollabuk-do","Female","30-34 Years old","Population projection","","69256","70343","70980","70758","69237","66778","63404","60213","57373","55323","55604","56055","56871","56330","55539","53273","50526","47238","44926","43029","42003","41312","41615","42735","43520","44379","44876","44595","44055","43100","42474","41632","39571","37462","35777","33299","31050","30327","30026","29500","29366","29985","29954","29633","29342","29283","28289","27251","25870","24481","22639","21036","19574",
"Medium","Jeollabuk-do","Female","35-39 years old","Population projection","","72312","70465","68530","66563","66403","66266","66915","67978","68749","68542","67325","65142","62924","60551","58325","58093","57944","58568","57624","56421","53380","50409","46973","44138","42499","41548","41027","41490","42524","43186","44044","44544","44295","43781","42879","42299","41471","39469","37434","35785","33358","31155","30433","30149","29657","29544","30159","30145","29863","29596","29557","28618","27625",
"Medium","Jeollabuk-do","Female","40-44 years old","Population projection","","71425","72890","74025","73967","71810","69211","67226","65723","64585","66293","67233","68950","70090","71194","70717","69857","67419","64757","62513","59440","58783","58440","58957","57888","56597","53798","50851","47512","44781","43115","42266","41837","42373","43453","44150","45013","45519","45285","44774","43886","43310","42468","40464","38416","36744","34304","32079","31327","31043","30572","30469","31083","31089",
"Medium","Jeollabuk-do","Female","45-49 years old","Population projection","","55285","58852","60964","64183","67222","68818","71086","72497","72925","71306","69459","67441","67134","66531","69710","70554","71488","71890","72760","71783","70571","67951","65320","62934","60040","59422","59240","59858","59013","57872","55092","52154","48826","46107","44465","43667","43297","43887","45012","45748","46631","47151","46925","46403","45512","44932","44067","42037","39954","38234","35756","33482","32686",
"Medium","Jeollabuk-do","Female","50-54 years old","Population projection","","53517","53381","52977","51902","51895","53376","56358","58833","62653","66027","68330","72153","73660","74777","73671","71474","68850","68987","67862","70831","71395","72340","72535","73452","72462","71227","68591","66165","63778","60938","60444","60400","61148","60434","59371","56587","53629","50292","47565","45932","45179","44862","45501","46678","47458","48363","48902","48687","48156","47260","46671","45784","43721",
"Medium","Jeollabuk-do","Female","55-59 Years old","Population projection","","49712","48637","48038","47974","49451","51660","52514","51412","50791","51311","53724","56581","58888","62575","66187","69276","73756","75034","76333","74437","71883","69121","69554","68745","71965","72379","73326","73667","74602","73610","72347","69696","67253","64866","62076","61680","61758","62628","62036","61050","58249","55256","51887","49132","47496","46778","46507","47205","48442","49278","50214","50776","50575",
"Medium","Jeollabuk-do","Female","60-64 Years old","Population projection","","53417","53034","53474","52778","50509","48481","46577","45549","45501","47417","50157","51831","51448","50650","52041","54210","56762","59049","63003","66350","69771","74451","75527","76958","75218","72418","69884","70317","69520","72850","73333","74378","74844","75830","74832","73541","70867","68398","65999","63249","62950","63152","64144","63679","62755","59934","56896","53492","50699","49058","48373","48145","48901",
"Medium","Jeollabuk-do","Female","65-69 years old","Population projection","","48600","49795","50586","51229","51307","50564","50263","51246","51418","49666","48262","46199","45214","44746","45888","48746","50964","50894","50239","51692","54121","56618","58710","62621","66259","69655","74439","75610","77004","75371","72710","70274","70682","69915","73262","73795","74904","75451","76456","75443","74125","71430","68942","66548","63852","63643","63953","65030","64643","63744","60895","57826","54411",
"Medium","Jeollabuk-do","Female","70-74 Years old","Population projection","","35722","36987","38745","39952","41901","43625","45612","46416","47337","47851","47743","47438","49286","50220","48659","47088","45357","43896","43407","44373","47855","50197","50014","49492","50868","53042","55665","57980","61970","65650","69070","73806","74997","76414","74847","72315","69976","70356","69626","72953","73523","74677","75280","76289","75279","73948","71265","68783","66409","63770","63621","64000","65128",
"Medium","Jeollabuk-do","Female","75-79 Years old","Population projection","","24154","24866","25978","26758","27961","29872","31042","32399","34052","36037","38382","40256","41406","42259","43119","43010","42838","45667","46851","45484","44477","42940","41641","41165","42168","45396","47631","47564","47227","48672","50941","53623","55984","59869","63468","66894","71523","72697","74100","72616","70291","68167","68561","67928","71204","71815","73010","73657","74657","73701","72393","69790","67375",
"Medium","Jeollabuk-do","Female","80 Years old & over","Population projection","","23128","24289","25519","26662","27892","28647","29935","31785","33831","36061","38324","40501","43029","45739","48663","51762","55814","59213","62375","65678","69276","71963","76459","79852","81055","82247","82583","85676","88037","89532","92813","94398","96534","97870","100127","104841","108397","112212","116741","121880","129129","136352","140499","145470","148204","152050","155941","159194","162186","166696","169695","173332","175873",
"Medium","Jeollabuk-do","Female","80-84 Years old","Population projection","","14167","14700","15285","16100","17015","17314","17849","18982","19877","21256","22985","24392","25805","27015","28624","30528","32604","34104","35192","36364","37082","37039","39794","41151","39927","38871","37489","36761","36652","37706","40667","42591","42677","42518","43926","46258","48878","51192","54795","58172","61552","65920","67019","68366","67024","65074","63335","63761","63300","66410","67059","68302","69004",
"Medium","Jeollabuk-do","Female","85-89 year old","Population projection","","6494","6892","7393","7619","7885","8198","8608","9070","9932","10568","10790","11114","11815","12612","13717","15025","16599","17785","18926","20231","22108","23899","24808","25782","27002","27643","27855","30405","31638","30773","30013","28917","28776","29041","29980","32440","33853","34095","34122","35386","37683","40040","42128","45155","48039","51162","54935","55809","56957","55805","54440","53327","53793",
"Medium","Jeollabuk-do","Female","90-94 Years old","Population projection","","2018","2140","2254","2341","2361","2449","2771","2973","3244","3436","3670","4012","4331","4961","5095","4936","5158","5719","6305","7195","8129","8960","9591","10311","11192","12439","13588","14410","15164","16017","16490","16702","18457","19261","18703","18257","17546","17871","18332","18998","20673","21445","21774","21933","22883","24789","26485","28000","30041","32034","34449","37126","37626",
"Medium","Jeollabuk-do","Female","95-99 Years old","Population projection","","383","473","493","505","535","587","598","632","641","660","732","836","927","997","1068","1135","1300","1422","1750","1657","1689","1745","1932","2224","2582","2945","3280","3658","4046","4424","4953","5424","5762","6083","6455","6685","6801","7645","7992","7718","7534","7210","7600","7947","8258","9056","9297","9537","9673","10167","11261","12076","12823",
"Medium","Jeollabuk-do","Female","100 Years old & over","Population projection","","66","84","94","97","96","99","109","128","137","141","147","147","151","154","159","138","153","183","202","231","268","320","334","384","352","349","371","442","537","612","690","764","862","967","1063","1201","1319","1409","1500","1606","1687","1737","1978","2069","2000","1969","1889","2087","2215","2280","2486","2501","2627",
"Medium","Jeollanam-do","Total","Total","Population projection","","2034970","2011610","1962797","1928685","1881050","1851257","1829648","1805854","1794149","1785309","1777282","1778593","1782361","1783896","1791887","1796578","1798310","1795036","1796331","1793043","1793108","1785166","1775012","1767592","1756954","1747393","1738419","1730105","1722187","1714562","1707057","1699556","1692010","1684392","1676701","1668905","1661079","1653236","1645325","1637281","1629035","1620551","1611825","1602814","1593482","1583623","1573113","1561903","1549952","1537205","1523682","1509511","1494639",
"Medium","Jeollanam-do","Total","0-4 Years old","Population projection","","134933","131219","119919","112767","101682","91925","83664","79448","78752","76625","75023","76976","78293","78139","77906","77867","75751","72465","67561","63060","58050","53143","48479","44934","41980","39475","37638","36794","36349","36354","36813","37407","37822","38058","38128","38060","37885","37645","37294","36791","36179","35486","34723","33982","33331","32741","32168","31578","30938","30223","29425","28539","27583",
"Medium","Jeollanam-do","Total","5-9 Years old","Population projection","","142056","143118","137865","135905","130616","126362","120717","112823","104626","97214","88716","80896","77258","76061","74395","74456","76523","77976","77578","76746","76030","73763","69940","65330","61129","56374","51331","47015","43650","40735","38303","36525","35699","35280","35361","35916","36620","37147","37498","37681","37711","37625","37469","37185","36735","36157","35484","34733","33995","33350","32767","32206","31626",
"Medium","Jeollanam-do","Total","10-14 Years old","Population projection","","129595","127147","126145","128190","127281","129138","128677","127422","125525","122773","119388","114744","109008","101768","95295","87395","80634","77662","76835","75156","76335","78062","78822","78078","77119","76291","73673","69824","65318","61365","56581","51519","47214","43845","40911","38471","36689","35854","35445","35574","36197","36974","37572","37988","38231","38317","38281","38162","37910","37478","36904","36229","35466",
"Medium","Jeollanam-do","Total","15-19 Years old","Population projection","","163191","145790","127587","116566","108380","106945","107060","106956","106795","109144","113305","117605","117006","114943","112667","111225","108852","102937","97192","91205","84097","77808","74222","76724","76366","75597","76747","77257","76609","75824","74977","72377","68675","64347","60507","55761","50783","46612","43336","40470","38117","36401","35603","35219","35412","36107","36936","37583","38049","38345","38478","38487","38408",
"Medium","Jeollanam-do","Total","20-24 Years old","Population projection","","143873","143664","138951","132662","121387","107584","100488","93975","88689","83649","79909","82601","88455","94198","98120","98434","101465","99803","101054","100503","99783","94930","88230","79543","74218","69754","66300","65435","66564","65144","64590","65845","66206","65556","64724","63862","61777","58911","55442","52337","48362","44378","41069","38480","36240","34410","33085","32512","32283","32627","33332","34105","34723",
"Medium","Jeollanam-do","Total","25-29 Years old","Population projection","","142201","135463","125312","115778","106830","102975","99210","98189","98316","99232","95561","90163","85652","81743","81819","84324","85036","84762","89693","93760","96972","97808","97793","96223","93407","89151","84055","78164","72236","68871","64749","61041","59781","60207","58627","58471","59599","59701","59063","58474","58061","56476","54227","51461","48953","45568","42143","39307","37105","35135","33542","32374","31817",
"Medium","Jeollanam-do","Total","30-34 Years old","Population projection","","147340","146004","142701","139629","133866","129316","121375","113794","107672","103472","103740","105155","107173","108324","108342","105384","101179","94896","89404","86426","85351","83862","85608","89946","93161","94715","96257","95293","92916","89824","86930","83204","78439","73379","70245","65849","61914","60482","60688","59159","59124","60149","60262","59691","59182","58871","57409","55277","52578","50053","46657","43217","40371",
"Medium","Jeollanam-do","Total","35-39 years old","Population projection","","151151","147644","143175","139860","139709","138945","137534","136385","135997","132846","127801","122398","117743","113140","110541","112847","114709","116165","116851","114489","108908","102968","96372","90941","87478","86464","85997","87674","90710","93257","94907","96552","95726","93680","91002","88504","85199","80725","75839","72627","67988","63867","62297","62397","60895","60906","61904","62053","61500","61004","60730","59301","57153",
"Medium","Jeollanam-do","Total","40-44 years old","Population projection","","144064","147078","148719","148551","143851","140333","138127","135829","133296","135207","134729","136493","138076","139265","137466","134761","128646","124104","119489","115819","115839","116679","117987","118220","116217","110752","104996","98465","92493","89039","88265","87986","89851","93024","95627","97347","99039","98248","96327","93800","91454","88324","83920","79024","75688","70851","66553","64855","64885","63387","63406","64404","64601",
"Medium","Jeollanam-do","Total","45-49 years old","Population projection","","113518","119550","122595","127798","133674","136441","141583","143679","145457","142176","139233","137332","137772","136665","142266","144310","144390","145000","145398","142019","138002","131862","127166","122067","117845","118217","119421","121056","121386","119486","114001","108203","101632","95670","92329","91678","91516","93524","96831","99518","101323","103084","102329","100461","97999","95708","92649","88218","83228","79735","74693","70178","68338",
"Medium","Jeollanam-do","Total","50-54 years old","Population projection","","113723","112756","111394","108406","106621","109561","113619","116721","123826","131466","136316","143628","146866","150326","149481","146479","144164","144560","142957","147762","148958","149376","149991","150118","146006","142304","136212","131689","126677","122638","123016","124377","126246","126759","124928","119367","113412","106681","100585","97250","96685","96625","98771","102260","105086","107024","108889","108187","106329","103872","101575","98514","93984",
"Medium","Jeollanam-do","Total","55-59 Years old","Population projection","","111864","108246","105855","105232","106871","108448","110993","108806","106206","105453","109406","113332","116478","123762","133017","140350","149782","152641","156565","154446","151022","149181","150136","148686","153410","154440","154851","155877","156484","153269","149699","143584","138880","133733","129575","129947","131517","133669","134401","132617","126891","120671","113654","107317","103925","103419","103467","105807","109553","112604","114734","116740","116086",
"Medium","Jeollanam-do","Total","60-64 Years old","Population projection","","124885","122616","121179","117640","111985","106426","101323","99034","99171","101932","104877","107221","106640","104786","105019","109086","113056","116916","125379","135193","143472","153738","157319","161484","159013","155515","153423","154284","153014","158501","160015","160945","162488","163459","160502","157002","150815","145922","140651","136410","136830","138646","141095","142041","140284","134381","127894","120612","114053","110610","110171","110338","112890",
"Medium","Jeollanam-do","Total","65-69 years old","Population projection","","106153","109002","111235","112729","113239","114043","113462","112691","111543","106966","103130","97483","95823","94077","97185","99581","103695","104953","103927","104154","109474","113973","117929","126517","136424","144478","154864","158299","162525","160853","157547","155550","156406","155316","160974","162862","164190","166082","167289","164550","161122","154926","149946","144664","140460","141006","143053","145734","146818","145030","138968","132322","124925",
"Medium","Jeollanam-do","Total","70-74 Years old","Population projection","","75479","77689","81554","84882","88051","90423","93571","96225","98573","100396","101849","102332","104151","105295","101194","97988","92549","90925","88736","92316","95874","100474","101565","100580","100953","106265","110935","115191","123888","134142","142213","152523","156068","160362","158889","155823","153990","154865","153997","159736","161906","163553","165711","167113","164620","161330","155276","150369","145208","141127","141782","143993","146836",
"Medium","Jeollanam-do","Total","75-79 Years old","Population projection","","50849","52106","53596","54454","56694","59743","62816","65965","69112","72086","75043","77059","79125","81187","83106","84819","86549","91128","94189","90154","88110","83960","82729","81214","84592","87631","91694","93135","92768","93668","99119","103914","108368","116744","126497","134392","144314","147769","151980","150751","148127","146702","147668","147161","152885","155257","157188","159497","161033","158881","155829","150163","145566",
"Medium","Jeollanam-do","Total","80 Years old & over","Population projection","","40095","42518","45015","47636","50313","52649","55429","57912","60593","64672","69256","73175","76842","80217","84068","87272","91330","98143","103523","109835","116831","123579","130724","136987","137636","139970","140025","144653","148600","151592","155332","158004","162509","164973","167875","175593","181820","189399","198659","209536","222958","236664","245509","256370","263556","271570","280734","287419","294487","303744","310689","318401","324266",
"Medium","Jeollanam-do","Total","80-84 Years old","Population projection","","24537","26149","28001","30288","32688","34267","35714","36586","37230","39565","42621","45186","47729","50095","52174","53311","55353","58889","61727","64643","67877","70269","73976","76916","73819","72059","68686","68446","67992","71211","74029","77505","79086","79100","80198","85452","89986","94355","101902","110594","117978","126980","130106","134019","133085","131130","130339","131375","131349","136761","139189","141370","143730",
"Medium","Jeollanam-do","Total","85-89 year old","Population projection","","11501","11918","12379","12561","12702","13264","14288","15460","17296","18715","19722","20312","20770","20647","22076","24598","26247","28695","30537","32676","34460","37307","39569","41797","44027","46258","47921","50967","53522","51429","50457","48155","48674","49028","51535","53771","56263","57772","58080","59230","63804","67581","71383","77348","84121","90290","97480","99801","102914","102175","101009","101006","102022",
"Medium","Jeollanam-do","Total","90-94 Years old","Population projection","","3353","3521","3683","3840","3973","4109","4401","4814","4973","5213","5608","6209","6735","7823","8092","7651","7843","8391","8506","9749","11624","12946","14051","14981","16180","17427","18783","20143","21539","22863","24144","25078","26906","28418","27128","26754","25506","26359","27062","28545","29944","31257","32397","32777","33680","36876","39305","41863","45488","49537","53579","58041","59210",
"Medium","Jeollanam-do","Total","95-99 Years old","Population projection","","607","800","804","791","805","861","869","882","912","1000","1119","1277","1411","1446","1507","1506","1673","1934","2490","2502","2542","2672","2700","2769","3131","3767","4161","4580","4972","5441","5927","6422","6914","7414","7893","8373","8713","9452","10044","9483","9433","8965","9556","10016","10584","11167","11603","12164","12373","12811","14315","15328","16460",
"Medium","Jeollanam-do","Total","100 Years old & over","Population projection","","97","130","148","156","145","148","157","170","182","179","186","191","197","206","219","206","214","234","263","265","328","385","428","524","479","459","474","517","575","648","775","844","929","1013","1121","1243","1352","1461","1571","1684","1799","1881","2067","2210","2086","2107","2007","2216","2363","2460","2597","2656","2844",
"Medium","Jeollanam-do","Male","Total","Population projection","","1011129","998647","973329","955502","931740","916631","905736","893939","888121","883250","878816","881745","885977","888449","894525","899920","902337","900464","902497","904057","905572","900863","897115","895601","892167","888339","884797","881641","878766","876061","873385","870706","867968","865132","862175","859068","855843","852456","848877","845107","841100","836852","832408","827764","822925","817819","812401","806642","800551","794097","787289","780197","772801",
"Medium","Jeollanam-do","Male","0-4 Years old","Population projection","","70678","68695","62597","58857","52947","47932","43398","41124","40699","39459","38670","39600","40094","39859","39729","39572","38524","37074","34631","32325","29774","27241","24787","22888","21356","20018","19100","18666","18409","18444","18673","18974","19185","19304","19340","19305","19217","19097","18919","18666","18355","18005","17618","17241","16909","16610","16321","16021","15697","15335","14930","14482","13995",
"Medium","Jeollanam-do","Male","5-9 Years old","Population projection","","74567","75353","72488","71304","68338","65867","62898","58712","54609","50713","46221","41989","39978","39302","38293","38443","39387","39953","39644","39107","38583","37461","35714","33538","31367","28932","26318","24011","22229","20740","19449","18563","18135","17895","17965","18242","18599","18867","19045","19140","19157","19112","19036","18892","18663","18368","18028","17646","17270","16941","16646","16363","16068",
"Medium","Jeollanam-do","Male","10-14 Years old","Population projection","","67020","66082","65691","66867","66444","67542","67492","66846","65618","64121","62196","59884","56839","53123","49828","45627","41933","40177","39694","38776","39388","40184","40414","39954","39428","38887","37564","35780","33599","31545","29090","26460","24159","22375","20873","19578","18692","18256","18022","18120","18429","18824","19129","19341","19467","19513","19495","19438","19311","19091","18799","18455","18066",
"Medium","Jeollanam-do","Male","15-19 Years old","Population projection","","85561","77038","68280","62765","57983","56393","56307","56869","57592","59186","60939","62878","63123","62423","61324","59571","58631","55476","52558","49362","45557","41781","39816","40170","39449","39272","39793","39938","39536","39076","38542","37268","35533","33401","31376","28937","26330","24074","22329","20851","19585","18725","18294","18072","18193","18534","18961","19297","19542","19700","19775","19785","19751",
"Medium","Jeollanam-do","Male","20-24 Years old","Population projection","","84147","81455","77406","73849","68873","62703","59080","54121","49844","46395","45073","47119","50111","52587","54727","56199","58316","57901","58626","58664","58111","55452","51786","48302","45855","42712","39934","38680","38873","38101","37975","38496","38619","38218","37764","37242","36117","34590","32653","30792","28513","26153","24161","22628","21314","20201","19453","19074","18922","19122","19507","19963","20327",
"Medium","Jeollanam-do","Male","25-29 Years old","Population projection","","75569","72962","67947","62554","57574","54770","52548","52167","53044","53683","51297","48367","46074","44007","44191","45541","46227","46020","49110","52268","55488","55873","56248","55560","54116","51833","49593","46893","43891","41922","39240","36845","35825","35925","35070","35050","35536","35595","35204","34850","34553","33681","32427","30823","29311","27384","25363","23686","22389","21249","20300","19651","19302",
"Medium","Jeollanam-do","Male","30-34 Years old","Population projection","","77928","76704","74819","72730","69813","67859","63706","59563","56135","53956","54229","55220","56555","57450","57606","56345","53857","50132","47225","46205","45871","45344","46897","49973","52407","53735","54728","54356","52999","51132","49581","47857","45501","42845","41057","38392","36042","35060","35112","34275","34289","34732","34809","34456","34154","33924","33131","31958","30434","28985","27104","25143","23531",
"Medium","Jeollanam-do","Male","35-39 years old","Population projection","","78929","77763","76199","74863","75009","74478","73051","72128","71810","69910","67197","64501","62096","59753","58338","59750","60848","61474","61853","60776","58076","54610","51079","48236","46910","46583","46786","48030","50109","51959","53223","54214","53905","52721","51101","49751","48153","45870","43290","41484","38747","36354","35344","35353","34514","34540","34976","35069","34728","34443","34245","33475","32302",
"Medium","Jeollanam-do","Male","40-44 years old","Population projection","","73909","75645","76623","76654","74795","73549","73342","72757","71585","72531","71966","72636","73439","74198","73408","72245","68590","65889","63343","61279","61280","61633","62284","62726","61656","58983","55876","52333","49166","47751","47542","47832","49146","51285","53123","54373","55369","55069","53937","52400","51113","49554","47257","44649","42771","39944","37477","36417","36394","35551","35579","36022","36144",
"Medium","Jeollanam-do","Male","45-49 years old","Population projection","","57037","60078","62098","64855","67991","69281","72002","73229","74478","73167","72359","72447","73424","73034","76339","77514","77301","77456","77554","75876","73650","70061","67238","64544","62129","62312","63030","63904","64306","63313","60652","57534","54011","50882","49525","49384","49737","51120","53330","55200","56467","57492","57206","56089","54587","53317","51759","49417","46746","44779","41846","39272","38142",
"Medium","Jeollanam-do","Male","50-54 years old","Population projection","","56576","56082","55309","53842","53036","54845","56871","59030","62928","66769","69179","73013","74916","77060","77206","76566","76216","76999","75957","78923","79478","79551","79710","79719","77439","75439","71998","69482","66846","64520","64735","65552","66562","67065","66138","63464","60289","56723","53560","52216","52133","52550","54003","56321","58260","59585","60663","60406","59279","57773","56489","54900","52482",
"Medium","Jeollanam-do","Male","55-59 Years old","Population projection","","51837","50833","50496","50867","52195","53093","54748","53700","52557","52336","54307","56570","58647","62714","67641","71477","76006","77654","80073","79443","78395","78348","79402","78526","81354","81840","81949","82447","82741","81008","79130","75727","73164","70485","68128","68366","69312","70488","71123","70254","67525","64232","60555","57294","55928","55892","56385","57949","60424","62494","63921","65082","64855",
"Medium","Jeollanam-do","Male","60-64 Years old","Population projection","","55580","54682","53991","52561","50370","48176","46521","46410","47048","48924","50728","52312","52334","51637","51881","53986","56158","58363","63127","68304","72522","77583","79748","82346","81477","80439","80363","81346","80556","83689","84441","84877","85696","86234","84704","82905","79515","76897","74182","71808","72092","73186","74537","75305","74491","71697","68287","64496","61137","59749","59765","60340","62030",
"Medium","Jeollanam-do","Male","65-69 years old","Population projection","","43912","45531","46944","47811","48245","48998","48996","48926","48542","46854","45572","43718","43641","43627","45809","47767","50131","51103","50709","50868","53459","56105","58432","63174","68342","72534","77724","79826","82472","82054","81107","81036","81961","81268","84450","85423","86123","87161","87865","86516","84797","81450","78828","76142","73826","74206","75450","76951","77808","77006","74144","70669","66847",
"Medium","Jeollanam-do","Male","70-74 Years old","Population projection","","29142","29772","31078","32490","33978","35249","36824","38507","39788","40983","41900","42248","43345","44274","42770","41860","40057","40034","40111","42563","44838","47328","48256","47970","48291","50963","53646","56075","60814","66129","70290","75387","77521","80169","79873","79062","79070","79985","79440","82631","83773","84681","85888","86726","85570","83975","80779","78263","75699","73508","73975","75320","76919",
"Medium","Jeollanam-do","Male","75-79 Years old","Population projection","","18050","18552","19055","19421","20070","20939","21955","23126","24313","25562","26983","28107","29296","30402","31402","32436","33551","35799","37483","36151","35554","34390","34620","34979","37231","39357","41461","42542","42599","43144","45850","48518","50974","55405","60312","64296","69092","71115","73663","73500","72939","73169","74118","73818","76947","78200","79299","80596","81516","80606","79190","76297","74039",
"Medium","Jeollanam-do","Male","80 Years old & over","Population projection","","10687","11420","12308","13212","14079","14957","15997","16724","17531","18701","20000","21136","22065","22999","24033","25021","26604","28960","30799","33167","35548","37918","40684","42996","43360","44500","44934","47332","49621","51534","53865","55566","58071","59655","61376","65298","68650","72489","77203","82404","88633","94952","99198","104614","108020","111929","116574","119958","123255","127765","131074","134978","138001",
"Medium","Jeollanam-do","Male","80-84 Years old","Population projection","","7489","7986","8671","9397","10070","10660","11354","11656","11965","12571","13403","14100","14755","15448","16061","16715","17828","19460","20648","21981","23344","24530","26189","27637","26745","26465","25734","26303","27000","28905","30703","32354","33400","33609","34204","36696","39057","41305","45075","49201","52745","56876","58604","60896","60869","60652","61182","62123","62133","64986","66222","67441","68727",
"Medium","Jeollanam-do","Male","85-89 year old","Population projection","","2545","2726","2873","3037","3224","3439","3704","4037","4450","4923","5318","5590","5715","5729","6048","6401","6765","7350","7871","8587","9293","10207","11057","11753","12721","13711","14459","15758","16865","16313","16259","15862","16531","17253","18540","19794","20841","21695","21961","22501","24486","26250","28001","30718","33641","36354","39387","40589","42331","42336","42395","43117","43913",
"Medium","Jeollanam-do","Male","90-94 Years old","Population projection","","569","598","645","659","670","742","823","915","998","1074","1118","1258","1383","1602","1686","1664","1721","1806","1869","2157","2464","2673","2940","3091","3327","3703","4082","4538","4945","5416","5888","6228","6881","7415","7109","7137","6975","7487","7993","8617","9266","9719","10234","10427","10770","11967","12939","13942","15380","16883","18414","20045","20596",
"Medium","Jeollanam-do","Male","95-99 Years old","Population projection","","76","97","99","99","99","97","97","97","100","116","145","171","197","206","221","219","265","322","387","406","409","472","458","469","518","575","610","680","751","832","940","1042","1169","1278","1410","1543","1635","1840","1997","1888","1919","1877","2094","2285","2469","2676","2791","2984","3055","3179","3629","3947","4296",
"Medium","Jeollanam-do","Male","100 Years old & over","Population projection","","8","13","20","20","16","19","19","19","18","17","16","17","15","14","17","22","25","22","24","36","38","36","40","46","49","46","49","53","60","68","75","80","90","100","113","128","142","162","177","197","217","230","265","288","271","280","275","320","356","381","414","428","469",
"Medium","Jeollanam-do","Female","Total","Population projection","","1023841","1012963","989468","973183","949310","934626","923912","911915","906028","902059","898466","896848","896384","895447","897362","896658","895973","894572","893834","888986","887536","884303","877897","871991","864787","859054","853622","848464","843421","838501","833672","828850","824042","819260","814526","809837","805236","800780","796448","792174","787935","783699","779417","775050","770557","765804","760712","755261","749401","743108","736393","729314","721838",
"Medium","Jeollanam-do","Female","0-4 Years old","Population projection","","64255","62524","57322","53910","48735","43993","40266","38324","38053","37166","36353","37376","38199","38280","38177","38295","37227","35391","32930","30735","28276","25902","23692","22046","20624","19457","18538","18128","17940","17910","18140","18433","18637","18754","18788","18755","18668","18548","18375","18125","17824","17481","17105","16741","16422","16131","15847","15557","15241","14888","14495","14057","13588",
"Medium","Jeollanam-do","Female","5-9 Years old","Population projection","","67489","67765","65377","64601","62278","60495","57819","54111","50017","46501","42495","38907","37280","36759","36102","36013","37136","38023","37934","37639","37447","36302","34226","31792","29762","27442","25013","23004","21421","19995","18854","17962","17564","17385","17396","17674","18021","18280","18453","18541","18554","18513","18433","18293","18072","17789","17456","17087","16725","16409","16121","15843","15558",
"Medium","Jeollanam-do","Female","10-14 Years old","Population projection","","62575","61065","60454","61323","60837","61596","61185","60576","59907","58652","57192","54860","52169","48645","45467","41768","38701","37485","37141","36380","36947","37878","38408","38124","37691","37404","36109","34044","31719","29820","27491","25059","23055","21470","20038","18893","17997","17598","17423","17454","17768","18150","18443","18647","18764","18804","18786","18724","18599","18387","18105","17774","17400",
"Medium","Jeollanam-do","Female","15-19 Years old","Population projection","","77630","68752","59307","53801","50397","50552","50753","50087","49203","49958","52366","54727","53883","52520","51343","51654","50221","47461","44634","41843","38540","36027","34406","36554","36917","36325","36954","37319","37073","36748","36435","35109","33142","30946","29131","26824","24453","22538","21007","19619","18532","17676","17309","17147","17219","17573","17975","18286","18507","18645","18703","18702","18657",
"Medium","Jeollanam-do","Female","20-24 Years old","Population projection","","59726","62209","61545","58813","52514","44881","41408","39854","38845","37254","34836","35482","38344","41611","43393","42235","43149","41902","42428","41839","41672","39478","36444","31241","28363","27042","26366","26755","27691","27043","26615","27349","27587","27338","26960","26620","25660","24321","22789","21545","19849","18225","16908","15852","14926","14209","13632","13438","13361","13505","13825","14142","14396",
"Medium","Jeollanam-do","Female","25-29 Years old","Population projection","","66632","62501","57365","53224","49256","48205","46662","46022","45272","45549","44264","41796","39578","37736","37628","38783","38809","38742","40583","41492","41484","41935","41545","40663","39291","37318","34462","31271","28345","26949","25509","24196","23956","24282","23557","23421","24063","24106","23859","23624","23508","22795","21800","20638","19642","18184","16780","15621","14716","13886","13242","12723","12515",
"Medium","Jeollanam-do","Female","30-34 Years old","Population projection","","69412","69300","67882","66899","64053","61457","57669","54231","51537","49516","49511","49935","50618","50874","50736","49039","47322","44764","42179","40221","39480","38518","38711","39973","40754","40980","41529","40937","39917","38692","37349","35347","32938","30534","29188","27457","25872","25422","25576","24884","24835","25417","25453","25235","25028","24947","24278","23319","22144","21068","19553","18074","16840",
"Medium","Jeollanam-do","Female","35-39 years old","Population projection","","72222","69881","66976","64997","64700","64467","64483","64257","64187","62936","60604","57897","55647","53387","52203","53097","53861","54691","54998","53713","50832","48358","45293","42705","40568","39881","39211","39644","40601","41298","41684","42338","41821","40959","39901","38753","37046","34855","32549","31143","29241","27513","26953","27044","26381","26366","26928","26984","26772","26561","26485","25826","24851",
"Medium","Jeollanam-do","Female","40-44 years old","Population projection","","70155","71433","72096","71897","69056","66784","64785","63072","61711","62676","62763","63857","64637","65067","64058","62516","60056","58215","56146","54540","54559","55046","55703","55494","54561","51769","49120","46132","43327","41288","40723","40154","40705","41739","42504","42974","43670","43179","42390","41400","40341","38770","36663","34375","32917","30907","29076","28438","28491","27836","27827","28382","28457",
"Medium","Jeollanam-do","Female","45-49 years old","Population projection","","56481","59472","60497","62943","65683","67160","69581","70450","70979","69009","66874","64885","64348","63631","65927","66796","67089","67544","67844","66143","64352","61801","59928","57523","55716","55905","56391","57152","57080","56173","53349","50669","47621","44788","42804","42294","41779","42404","43501","44318","44856","45592","45123","44372","43412","42391","40890","38801","36482","34956","32847","30906","30196",
"Medium","Jeollanam-do","Female","50-54 years old","Population projection","","57147","56674","56085","54564","53585","54716","56748","57691","60898","64697","67137","70615","71950","73266","72275","69913","67948","67561","67000","68839","69480","69825","70281","70399","68567","66865","64214","62207","59831","58118","58281","58825","59684","59694","58790","55903","53123","49958","47025","45034","44552","44075","44768","45939","46826","47439","48226","47781","47050","46099","45086","43614","41502",
"Medium","Jeollanam-do","Female","55-59 Years old","Population projection","","60027","57413","55359","54365","54676","55355","56245","55106","53649","53117","55099","56762","57831","61048","65376","68873","73776","74987","76492","75003","72627","70833","70734","70160","72056","72600","72902","73430","73743","72261","70569","67857","65716","63248","61447","61581","62205","63181","63278","62363","59366","56439","53099","50023","47997","47527","47082","47858","49129","50110","50813","51658","51231",
"Medium","Jeollanam-do","Female","60-64 Years old","Population projection","","69305","67934","67188","65079","61615","58250","54802","52624","52123","53008","54149","54909","54306","53149","53138","55100","56898","58553","62252","66889","70950","76155","77571","79138","77536","75076","73060","72938","72458","74812","75574","76068","76792","77225","75798","74097","71300","69025","66469","64602","64738","65460","66558","66736","65793","62684","59607","56116","52916","50861","50406","49998","50860",
"Medium","Jeollanam-do","Female","65-69 years old","Population projection","","62241","63471","64291","64918","64994","65045","64466","63765","63001","60112","57558","53765","52182","50450","51376","51814","53564","53850","53218","53286","56015","57868","59497","63343","68082","71944","77140","78473","80053","78799","76440","74514","74445","74048","76524","77439","78067","78921","79424","78034","76325","73476","71118","68522","66634","66800","67603","68783","69010","68024","64824","61653","58078",
"Medium","Jeollanam-do","Female","70-74 Years old","Population projection","","46337","47917","50476","52392","54073","55174","56747","57718","58785","59413","59949","60084","60806","61021","58424","56128","52492","50891","48625","49753","51036","53146","53309","52610","52662","55302","57289","59116","63074","68013","71923","77136","78547","80193","79016","76761","74920","74880","74557","77105","78133","78872","79823","80387","79050","77355","74497","72106","69509","67619","67807","68673","69917",
"Medium","Jeollanam-do","Female","75-79 Years old","Population projection","","32799","33554","34541","35033","36624","38804","40861","42839","44799","46524","48060","48952","49829","50785","51704","52383","52998","55329","56706","54003","52556","49570","48109","46235","47361","48274","50233","50593","50169","50524","53269","55396","57394","61339","66185","70096","75222","76654","78317","77251","75188","73533","73550","73343","75938","77057","77889","78901","79517","78275","76639","73866","71527",
"Medium","Jeollanam-do","Female","80 Years old & over","Population projection","","29408","31098","32707","34424","36234","37692","39432","41188","43062","45971","49256","52039","54777","57218","60035","62251","64726","69183","72724","76668","81283","85661","90040","93991","94276","95470","95091","97321","98979","100058","101467","102438","104438","105318","106499","110295","113170","116910","121456","127132","134325","141712","146311","151756","155536","159641","164160","167461","171232","175979","179615","183423","186265",
"Medium","Jeollanam-do","Female","80-84 Years old","Population projection","","17048","18163","19330","20891","22618","23607","24360","24930","25265","26994","29218","31086","32974","34647","36113","36596","37525","39429","41079","42662","44533","45739","47787","49279","47074","45594","42952","42143","40992","42306","43326","45151","45686","45491","45994","48756","50929","53050","56827","61393","65233","70104","71502","73123","72216","70478","69157","69252","69216","71775","72967","73929","75003",
"Medium","Jeollanam-do","Female","85-89 year old","Population projection","","8956","9192","9506","9524","9478","9825","10584","11423","12846","13792","14404","14722","15055","14918","16028","18197","19482","21345","22666","24089","25167","27100","28512","30044","31306","32547","33462","35209","36657","35116","34198","32293","32143","31775","32995","33977","35422","36077","36119","36729","39318","41331","43382","46630","50480","53936","58093","59212","60583","59839","58614","57889","58109",
"Medium","Jeollanam-do","Female","90-94 Years old","Population projection","","2784","2923","3038","3181","3303","3367","3578","3899","3975","4139","4490","4951","5352","6221","6406","5987","6122","6585","6637","7592","9160","10273","11111","11890","12853","13724","14701","15605","16594","17447","18256","18850","20025","21003","20019","19617","18531","18872","19069","19928","20678","21538","22163","22350","22910","24909","26366","27921","30108","32654","35165","37996","38614",
"Medium","Jeollanam-do","Female","95-99 Years old","Population projection","","531","703","705","692","706","764","772","785","812","884","974","1106","1214","1240","1286","1287","1408","1612","2103","2096","2133","2200","2242","2300","2613","3192","3551","3900","4221","4609","4987","5380","5745","6136","6483","6830","7078","7612","8047","7595","7514","7088","7462","7731","8115","8491","8812","9180","9318","9632","10686","11381","12164",
"Medium","Jeollanam-do","Female","100 Years old & over","Population projection","","89","117","128","136","129","129","138","151","164","162","170","174","182","192","202","184","189","212","239","229","290","349","388","478","430","413","425","464","515","580","700","764","839","913","1008","1115","1210","1299","1394","1487","1582","1651","1802","1922","1815","1827","1732","1896","2007","2079","2183","2228","2375",
"Medium","Gyeongsangbuk-do","Total","Total","Population projection","","2773340","2756966","2736510","2704590","2669505","2651702","2652689","2643478","2639236","2634167","2630443","2644992","2655755","2660941","2670922","2677768","2683339","2675128","2675196","2671108","2651789","2640731","2625507","2611408","2597229","2583376","2570057","2557719","2546106","2534922","2523951","2513041","2502047","2490827","2479227","2467190","2454768","2441943","2428628","2414750","2400243","2385145","2369443","2353138","2336214","2318520","2299889","2280275","2259669","2238028","2215379","2191860","2167468",
"Medium","Gyeongsangbuk-do","Total","0-4 Years old","Population projection","","181074","174313","163333","151583","140276","129072","119374","115314","114949","112814","110689","113821","114935","114024","113848","113360","111577","106288","99800","93307","84569","76177","69153","63152","57866","54307","51951","50600","49920","50107","50911","51983","52831","53455","53851","54044","54072","53991","53709","53151","52385","51459","50404","49369","48481","47677","46907","46110","45239","44253","43135","41873","40490",
"Medium","Gyeongsangbuk-do","Total","5-9 Years old","Population projection","","189977","189773","186286","180447","173494","168143","162663","152583","142260","133153","122385","113545","109995","109491","107564","107373","109565","110325","109662","109281","108968","106711","101657","94894","87838","79963","71416","64772","59572","55238","51891","49666","48393","47788","48049","48916","50052","50970","51664","52131","52393","52493","52477","52258","51762","51050","50179","49170","48179","47323","46557","45828","45072",
"Medium","Gyeongsangbuk-do","Total","10-14 Years old","Population projection","","174273","173176","173998","174690","174241","173922","175105","172422","168175","163402","158738","155211","147576","138528","130770","120109","111450","107369","107297","106069","106268","108160","109042","107916","107006","106512","103740","98866","92664","86387","78826","70567","64141","59070","54819","51523","49308","48032","47441","47736","48650","49843","50813","51556","52074","52383","52524","52549","52369","51905","51221","50358","49359",
"Medium","Gyeongsangbuk-do","Total","15-19 Years old","Population projection","","228502","208979","192156","180122","172820","170805","167406","166996","169252","172455","175043","175203","173170","171060","167194","165716","161239","152783","144541","137103","124263","116717","112979","111700","109063","108323","109646","110415","109611","108938","108445","105695","100907","94805","88583","81011","72747","66323","61212","56923","53570","51283","49938","49324","49668","50660","51951","53009","53834","54419","54792","54986","55058",
"Medium","Gyeongsangbuk-do","Total","20-24 Years old","Population projection","","211814","213920","214720","211522","203183","191436","184969","175873","165841","159994","157766","161039","165080","167697","169632","170011","173505","170790","169908","165080","160672","154803","145660","138089","132090","121317","112383","108578","107781","105527","105111","106543","107324","106484","105803","105274","102748","98436","92948","87413","80567","73257","67733","63244","59476","56507","54417","53196","52762","53264","54335","55669","56743",
"Medium","Gyeongsangbuk-do","Total","25-29 Years old","Population projection","","220038","210859","200677","189606","180080","178582","181500","185350","186165","183227","174699","167226","159377","153243","150855","150015","148590","148092","150014","151031","149480","148955","145776","144225","142458","140082","135982","128762","120980","115232","106756","99884","97206","96848","94912","94729","96154","96803","95901","95319","95078","93002","89409","84941","80452","74715","68589","63998","60163","56924","54307","52447","51392",
"Medium","Gyeongsangbuk-do","Total","30-34 Years old","Population projection","","222638","221940","221470","218090","211017","205697","198685","191288","183720","176704","175856","180149","184756","185942","184292","177088","168638","157077","149654","144972","140649","137637","137720","140610","142384","142750","144067","141920","139217","135486","133179","129201","122596","115665","110528","102679","96334","93859","93579","91768","91689","93094","93706","92808","92323","92202","90256","86935","82772","78525","73057","67203","62768",
"Medium","Gyeongsangbuk-do","Total","35-39 years old","Population projection","","225556","220534","215249","210738","210719","211368","212533","212800","212837","208329","202611","196080","189307","182239","177047","178243","181012","184348","185369","182611","171823","162192","151494","143309","138336","136792","134871","136334","138769","140605","141294","142742","140647","138011","134354","132065","128141","121739","115038","110001","102295","96032","93566","93308","91546","91502","92914","93550","92655","92191","92106","90185","86913",
"Medium","Gyeongsangbuk-do","Total","40-44 years old","Population projection","","211954","217510","221662","222364","217296","211911","207829","204190","201011","204797","206136","209647","211759","212507","209324","205475","198135","190240","183480","176994","175985","177751","181658","181791","178499","169310","160105","149849","141651","137163","136096","134675","136598","139418","141537","142437","143984","141948","139360","135732","133441","129522","123170","116495","111429","103730","97431","94910","94650","92906","92867","94306","94979",
"Medium","Gyeongsangbuk-do","Total","45-49 years old","Population projection","","167292","177139","184002","191497","199601","205483","212992","216883","220552","217214","212944","208395","206934","204743","212419","215356","216698","217022","216892","212914","206863","198984","191513","183615","176634","176644","178699","182626","183173","180227","171234","162160","152036","143968","139660","138841","137719","139941","143066","145440","146528","148192","146215","143633","139982","137638","133673","127273","120507","115325","107512","101047","98396",
"Medium","Gyeongsangbuk-do","Total","50-54 years old","Population projection","","142773","146098","150589","153001","156581","164667","174051","181701","190709","200249","207497","218617","224011","230066","228998","225386","218109","215517","212292","219842","220757","221903","222258","220947","215999","210525","202540","194838","187470","180614","180751","183039","187160","187868","185064","176104","166960","156772","148640","144366","143703","142804","145288","148729","151356","152639","154431","152514","149897","146176","143748","139693","133163",
"Medium","Gyeongsangbuk-do","Total","55-59 Years old","Population projection","","135074","131923","129717","129759","132914","139031","146593","150535","153121","157090","166589","177264","185490","193511","205093","216108","229193","233227","239322","236028","230399","222789","221659","218471","224984","226270","227660","228263","227778","223371","217866","209742","201818","194302","187381","187584","190125","194501","195426","192743","183706","174321","163908","155566","151223","150670","149965","152713","156504","159429","160932","162887","161030",
"Medium","Gyeongsangbuk-do","Total","60-64 Years old","Population projection","","146072","144493","144631","142707","137544","131485","126179","122910","123712","128673","135534","143065","149065","153896","158148","167720","180926","188767","196520","208595","220150","234272","239040","245278","241437","235763","228100","226841","224378","231725","233521","235341","236425","236294","232020","226455","218151","209970","202284","195308","195619","198491","203180","204359","201770","192565","182856","172154","163549","159117","158681","158179","161211",
"Medium","Gyeongsangbuk-do","Total","65-69 years old","Population projection","","122670","126726","129705","132428","135040","134902","135833","137441","138147","134051","129522","122165","119500","117981","122757","128976","138962","146845","153134","156718","167475","180845","188972","196574","208534","220383","234847","239365","246088","243186","237824","230548","229443","227229","234785","236978","239132","240569","240684","236566","231000","222628","214337","206651","199766","200286","203478","208395","209714","207116","197755","187867","177071",
"Medium","Gyeongsangbuk-do","Total","70-74 Years old","Population projection","","85816","88393","92601","96149","99770","105497","111319","114432","118340","122618","124209","124305","127144","130357","127765","123744","113895","111870","110630","116466","124117","133868","141683","148004","151431","161998","175218","183363","191304","203837","215720","230061","234798","241561","238893","233916","227160","226266","224403","232064","234578","237020","238749","239093","235241","229848","221646","213490","205997","199358","200084","203501","208555",
"Medium","Gyeongsangbuk-do","Total","75-79 Years old","Population projection","","58637","59916","61844","63722","66088","68110","70782","74523","78351","82883","89013","94203","97530","100413","104545","106095","106814","111369","116627","114843","111780","103444","101816","101077","106671","113729","122560","130152","136491","140207","150498","163042","171080","178938","191000","202592","216400","221140","227737","225404","221121","215299","214781","213502","221143","223941","226646","228609","229195","225813","220815","213154","205506",
"Medium","Gyeongsangbuk-do","Total","80 Years old & over","Population projection","","49180","51274","53870","56165","58841","61591","64876","68237","72094","76514","81212","85057","90126","95243","100671","106993","115031","123199","130054","139254","147571","155523","163427","171756","175999","178708","176272","182175","189259","197072","204028","208152","218644","229123","237988","252042","265581","280683","295536","312685","333920","356405","371769","388302","398522","410507","422026","431700","441683","453984","463475","472677","479762",
"Medium","Gyeongsangbuk-do","Total","80-84 Years old","Population projection","","31785","32842","34202","35632","37699","39509","41288","43082","45005","47320","49966","52016","55141","58038","61068","66042","71319","75398","78517","83120","85756","87543","91414","96097","94870","92126","85166","84755","85402","90803","97040","104268","111125","116974","120583","130015","141070","148569","155878","166790","177622","190280","194781","200876","198950","195698","191288","191266","190818","198102","201064","203979","206115",
"Medium","Gyeongsangbuk-do","Total","85-89 year old","Population projection","","12915","13869","14912","15622","15995","16608","17600","18588","19873","21464","22879","23991","25177","26351","28299","29265","31128","34107","36680","39838","44275","48744","51323","53356","56641","58948","60472","64240","68366","67906","66088","60970","61461","62884","67429","72261","77186","82702","87524","90655","98402","106952","113228","119273","127986","137088","147433","151101","155951","154362","152340","149775","150266",
"Medium","Gyeongsangbuk-do","Total","90-94 Years old","Population projection","","3712","3862","3997","4102","4320","4607","5080","5585","6167","6550","7020","7538","8099","9002","9335","9575","10274","10997","11752","13138","14206","15559","16925","18184","19889","22599","25084","26847","28421","30501","31945","32971","35317","37810","37565","36552","33502","34469","36060","39107","42012","44429","48023","51203","53319","58398","63568","67697","71574","76988","83083","89806","92006",
"Medium","Gyeongsangbuk-do","Total","95-99 Years old","Population projection","","666","604","648","696","717","745","781","857","915","1036","1191","1345","1526","1653","1744","1890","2074","2428","2815","2814","2968","3225","3290","3601","4106","4519","4995","5705","6334","7020","8031","8920","9566","10139","10945","11530","11954","12928","13929","13798","13397","12142","12890","13867","15213","16343","17034","18646","20050","20951","23192","25269","27082",
"Medium","Gyeongsangbuk-do","Total","100 Years old & over","Population projection","","102","97","111","113","110","122","127","125","134","144","156","167","183","199","225","221","236","269","290","344","366","452","475","518","493","516","555","628","736","842","924","1023","1175","1316","1466","1684","1869","2015","2145","2335","2487","2602","2847","3083","3054","2980","2703","2990","3290","3581","3796","3848","4293",
"Medium","Gyeongsangbuk-do","Male","Total","Population projection","","1390813","1383054","1372748","1358050","1342017","1332967","1333832","1329299","1326520","1322133","1319210","1328334","1334532","1337940","1344773","1349606","1355427","1351843","1353879","1353578","1342556","1335572","1329198","1325997","1321874","1315823","1309921","1304469","1299399","1294556","1289797","1285061","1280274","1275303","1270057","1264513","1258687","1252527","1245934","1238932","1231508","1223685","1215479","1206935","1198063","1188826","1179182","1169113","1158629","1147738","1136445","1124792","1112804",
"Medium","Gyeongsangbuk-do","Male","0-4 Years old","Population projection","","96649","92604","86883","80589","74447","68246","62903","60373","59977","58658","57340","58940","59534","59024","58867","58611","57614","54781","51490","48102","43377","39039","35614","32420","29644","27898","26703","25980","25645","25678","26098","26646","27082","27401","27603","27705","27720","27677","27532","27246","26855","26378","25837","25308","24851","24438","24044","23635","23190","22685","22111","21462","20752",
"Medium","Gyeongsangbuk-do","Male","5-9 Years old","Population projection","","104077","103576","101204","97191","92952","89304","86058","80693","75247","70238","64382","59602","57544","57201","56097","55933","57034","57360","56976","56561","56431","55122","52246","48789","45250","41009","36599","33301","30518","28276","26624","25489","24812","24519","24595","25049","25628","26099","26454","26693","26828","26882","26874","26763","26509","26143","25694","25178","24671","24232","23840","23467","23080",
"Medium","Gyeongsangbuk-do","Male","10-14 Years old","Population projection","","94688","94298","95146","95912","95518","95255","95368","93488","90361","87176","84059","82035","78074","73438","69301","63510","58659","56391","56237","55493","55468","56363","56755","56116","55497","55337","53811","51072","47919","44715","40642","36378","33164","30427","28216","26576","25432","24743","24452","24546","25025","25634","26136","26518","26786","26947","27024","27038","26945","26708","26357","25912","25396",
"Medium","Gyeongsangbuk-do","Male","15-19 Years old","Population projection","","118139","109428","101415","95840","92812","92265","90919","91717","93084","94554","95861","95630","94075","92146","90223","89210","86761","82252","77952","73990","67304","62896","60813","59619","57971","57365","58038","58421","58001","57478","57299","55757","53051","49921","46694","42581","38270","34969","32146","29879","28154","26927","26181","25863","25980","26512","27182","27745","28186","28500","28704","28816","28857",
"Medium","Gyeongsangbuk-do","Male","20-24 Years old","Population projection","","114795","115511","115802","115050","111538","105665","101742","95861","91117","88907","88822","90411","92772","94475","95403","95712","98485","97134","96950","94555","91899","88075","83383","80107","76984","70482","65138","62777","61807","60281","59943","60677","61097","60639","60112","59902","58382","55857","52910","49853","45933","41866","38769","36104","33991","32318","31090","30362","30107","30327","30948","31686","32310",
"Medium","Gyeongsangbuk-do","Male","25-29 Years old","Population projection","","115072","110919","105903","100808","97116","96797","99807","101800","101842","99444","94725","91855","88240","85424","84699","84586","84071","84584","86112","87050","86448","86248","84499","84772","84676","83465","80996","76911","72445","68993","63717","59644","57994","57428","56239","56068","56832","57186","56672","56196","56093","54784","52667","50205","47625","44280","40823","38185","35889","34058","32537","31436","30816",
"Medium","Gyeongsangbuk-do","Male","30-34 Years old","Population projection","","115632","114811","114190","112378","108697","106707","103484","100342","96655","93175","92813","95671","98326","99087","98723","95063","91030","85338","82133","80455","78387","76714","77326","79685","81254","81805","83110","81970","80723","78784","77483","75081","71435","67524","64467","59701","56112","54645","54202","53138","53041","53794","54102","53590","53182","53133","51921","50022","47756","45357","42261","39029","36536",
"Medium","Gyeongsangbuk-do","Male","35-39 years old","Population projection","","117052","114856","112580","110663","110418","110409","110678","110656","110883","108405","105488","102209","98660","95219","93050","94273","96163","97606","98109","96751","90796","86007","80729","77457","75806","75795","74898","76406","77975","79226","79859","81093","79878","78586","76619","75295","72935","69465","65742","62782","58182","54721","53274","52866","51848","51785","52533","52838","52329","51949","51925","50748","48916",
"Medium","Gyeongsangbuk-do","Male","40-44 years old","Population projection","","109020","111881","113865","114124","112202","109604","108087","106576","105116","106723","107346","109108","110364","110996","109450","107528","103269","99112","95642","92697","92280","93319","95168","95328","93821","89104","84776","79768","76296","74698","74871","74227","75962","77723","79127","79845","81073","79850","78544","76550","75204","72851","69435","65746","62784","58230","54784","53307","52912","51920","51860","52615","52936",
"Medium","Gyeongsangbuk-do","Male","45-49 years old","Population projection","","84242","89102","93169","97268","101250","104213","108210","110375","112209","111225","109555","107779","107073","105763","109675","111535","112486","112885","112984","110838","107448","102744","98920","94942","91788","92182","93572","95534","95809","94372","89820","85587","80669","77258","75723","75999","75527","77421","79349","80905","81716","82979","81771","80442","78410","77021","74643","71213","67485","64468","59878","56360","54806",
"Medium","Gyeongsangbuk-do","Male","50-54 years old","Population projection","","71982","73465","75155","76153","77737","81794","86386","91023","96089","100935","104610","110393","113371","116739","116673","115431","112533","111202","109241","113104","113679","114227","114518","114220","111688","108799","104360","100466","96726","93618","94059","95565","97635","98011","96680","92203","87967","83041","79606","78078","78425","78086","80122","82228","83938","84854","86171","84989","83625","81536","80092","77666","74179",
"Medium","Gyeongsangbuk-do","Male","55-59 Years old","Population projection","","62329","62096","62273","63298","65746","68902","72634","74157","75349","77187","81756","87425","91996","96501","102804","108389","115379","117608","120911","119812","117529","114251","113703","111693","114923","115894","116702","117221","117340","115080","112242","107812","103865","100101","96985","97451","99091","101306","101811","100586","96133","91806","86785","83256","81688","82092","81877","84062","86373","88269","89313","90713","89563",
"Medium","Gyeongsangbuk-do","Male","60-64 Years old","Population projection","","65456","64783","64606","63705","61801","59689","58252","58003","59358","62617","66394","70145","72968","75210","76990","81561","88585","93166","97798","104341","110043","117327","120149","123642","122246","120054","116894","116346","114770","118340","119580","120612","121402","121734","119599","116788","112336","108307","104490","101362","101870","103697","106102","106771","105640","101154","96673","91511","87839","86217","86686","86600","88946",
"Medium","Gyeongsangbuk-do","Male","65-69 years old","Population projection","","51698","53810","55668","57152","58317","58514","58953","59730","60152","58682","57038","54782","54703","55187","58835","62703","67581","71374","74222","75735","80860","87879","92680","97258","103570","109524","116991","119617","123362","122558","120518","117592","117132","115711","119376","120837","122052","123049","123540","121543","118797","114381","110348","106589","103542","104169","106189","108740","109506","108398","103872","99324","94142",
"Medium","Gyeongsangbuk-do","Male","70-74 Years old","Population projection","","33165","34122","35663","37375","39390","42004","44935","46776","48745","50743","51652","51685","53001","54917","54016","52804","49442","49685","50518","54795","59139","63694","67394","70240","71786","76964","83779","88465","93086","99652","105578","112909","115630","119372","118695","116881","114296","113982","112807","116516","118157","119546","120720","121355","119568","116989","112762","108889","105312","102453","103213","105363","107999",
"Medium","Gyeongsangbuk-do","Male","75-79 Years old","Population projection","","21948","22262","22759","23301","23874","24403","25157","26501","28173","30257","32960","35338","37030","38306","40060","41017","41597","43809","46587","46072","45238","42684","43129","44329","48122","52098","55978","59503","62373","64104","69057","75333","79819","84259","90397","96058","102970","105641","109227","108721","107301","105300","105238","104465","108147","109932","111486","112788","113556","112097","109822","106012","102519",
"Medium","Gyeongsangbuk-do","Male","80 Years old & over","Population projection","","14869","15530","16467","17243","18202","19196","20259","21228","22163","23207","24409","25326","26801","28307","29907","31740","34738","37556","40017","43227","46230","48983","52172","55380","56848","58048","57576","60711","64604","68703","72407","74659","79647","84689","88930","95574","102064","109289","116450","124338","133794","144053","151118","158866","163574","168829","174286","178611","182948","188564","193026","197583","201051",
"Medium","Gyeongsangbuk-do","Male","80-84 Years old","Population projection","","10514","10867","11461","11968","12630","13253","13911","14443","14937","15336","15965","16428","17478","18638","19880","21650","23943","25673","27002","28760","30119","30970","32860","35020","34798","34194","32271","33137","34708","38003","41265","44182","47219","49778","51411","55748","60972","64930","68842","74095","79145","85202","87605","90811","90494","89627","88443","88690","88452","91887","93684","95327","96667",
"Medium","Gyeongsangbuk-do","Male","85-89 year old","Population projection","","3466","3732","4041","4284","4534","4828","5077","5374","5629","6129","6534","6865","7173","7356","7626","7606","8168","9054","9970","11191","12593","14176","15051","15745","16854","17882","18526","20163","21894","21900","21592","20352","21290","22743","25136","27374","29114","31364","33335","34653","37938","41617","44623","47574","51390","55285","59866","61681","64100","63883","63538","63184","63635",
"Medium","Gyeongsangbuk-do","Male","90-94 Years old","Population projection","","775","827","854","877","931","1007","1150","1275","1451","1564","1691","1783","1865","2006","2076","2133","2237","2384","2534","2769","2983","3266","3676","3985","4508","5213","5942","6428","6883","7497","8035","8394","9250","10132","10127","9998","9380","10092","11073","12374","13504","14205","15488","16635","17413","19298","21239","22960","24620","26683","28958","31576","32541",
"Medium","Gyeongsangbuk-do","Male","95-99 Years old","Population projection","","101","90","95","98","94","94","105","118","126","160","202","231","266","290","306","323","358","405","468","468","493","527","544","576","632","700","781","919","1043","1217","1419","1624","1761","1889","2082","2250","2364","2648","2926","2909","2873","2675","2998","3396","3831","4176","4326","4796","5216","5484","6168","6808","7425",
"Medium","Gyeongsangbuk-do","Male","100 Years old & over","Population projection","","13","14","16","16","13","14","16","18","20","18","17","19","19","17","19","28","32","40","43","39","42","44","41","54","56","59","56","64","76","86","96","107","127","147","174","204","234","255","274","307","334","354","404","450","446","443","412","484","560","627","678","688","783",
"Medium","Gyeongsangbuk-do","Female","Total","Population projection","","1382527","1373912","1363762","1346540","1327488","1318735","1318857","1314179","1312716","1312034","1311233","1316658","1321223","1323001","1326149","1328162","1327912","1323285","1321317","1317530","1309233","1305159","1296309","1285411","1275355","1267553","1260136","1253250","1246707","1240366","1234154","1227980","1221773","1215524","1209170","1202677","1196081","1189416","1182694","1175818","1168735","1161460","1153964","1146203","1138151","1129694","1120707","1111162","1101040","1090290","1078934","1067068","1054664",
"Medium","Gyeongsangbuk-do","Female","0-4 Years old","Population projection","","84425","81709","76450","70994","65829","60826","56471","54941","54972","54156","53349","54881","55401","55000","54981","54749","53963","51507","48310","45205","41192","37138","33539","30732","28222","26409","25248","24620","24275","24429","24813","25337","25749","26054","26248","26339","26352","26314","26177","25905","25530","25081","24567","24061","23630","23239","22863","22475","22049","21568","21024","20411","19738",
"Medium","Gyeongsangbuk-do","Female","5-9 Years old","Population projection","","85900","86197","85082","83256","80542","78839","76605","71890","67013","62915","58003","53943","52451","52290","51467","51440","52531","52965","52686","52720","52537","51589","49411","46105","42588","38954","34817","31471","29054","26962","25267","24177","23581","23269","23454","23867","24424","24871","25210","25438","25565","25611","25603","25495","25253","24907","24485","23992","23508","23091","22717","22361","21992",
"Medium","Gyeongsangbuk-do","Female","10-14 Years old","Population projection","","79585","78878","78852","78778","78723","78667","79737","78934","77814","76226","74679","73176","69502","65090","61469","56599","52791","50978","51060","50576","50800","51797","52287","51800","51509","51175","49929","47794","44745","41672","38184","34189","30977","28643","26603","24947","23876","23289","22989","23190","23625","24209","24677","25038","25288","25436","25500","25511","25424","25197","24864","24446","23963",
"Medium","Gyeongsangbuk-do","Female","15-19 Years old","Population projection","","110363","99551","90741","84282","80008","78540","76487","75279","76168","77901","79182","79573","79095","78914","76971","76506","74478","70531","66589","63113","56959","53821","52166","52081","51092","50958","51608","51994","51610","51460","51146","49938","47856","44884","41889","38430","34477","31354","29066","27044","25416","24356","23757","23461","23688","24148","24769","25264","25648","25919","26088","26170","26201",
"Medium","Gyeongsangbuk-do","Female","20-24 Years old","Population projection","","97019","98409","98918","96472","91645","85771","83227","80012","74724","71087","68944","70628","72308","73222","74229","74299","75020","73656","72958","70525","68773","66728","62277","57982","55106","50835","47245","45801","45974","45246","45168","45866","46227","45845","45691","45372","44366","42579","40038","37560","34634","31391","28964","27140","25485","24189","23327","22834","22655","22937","23387","23983","24433",
"Medium","Gyeongsangbuk-do","Female","25-29 Years old","Population projection","","104966","99940","94774","88798","82964","81785","81693","83550","84323","83783","79974","75371","71137","67819","66156","65429","64519","63508","63902","63981","63032","62707","61277","59453","57782","56617","54986","51851","48535","46239","43039","40240","39212","39420","38673","38661","39322","39617","39229","39123","38985","38218","36742","34736","32827","30435","27766","25813","24274","22866","21770","21011","20576",
"Medium","Gyeongsangbuk-do","Female","30-34 Years old","Population projection","","107006","107129","107280","105712","102320","98990","95201","90946","87065","83529","83043","84478","86430","86855","85569","82025","77608","71739","67521","64517","62262","60923","60394","60925","61130","60945","60957","59950","58494","56702","55696","54120","51161","48141","46061","42978","40222","39214","39377","38630","38648","39300","39604","39218","39141","39069","38335","36913","35016","33168","30796","28174","26232",
"Medium","Gyeongsangbuk-do","Female","35-39 years old","Population projection","","108504","105678","102669","100075","100301","100959","101855","102144","101954","99924","97123","93871","90647","87020","83997","83970","84849","86742","87260","85860","81027","76185","70765","65852","62530","60997","59973","59928","60794","61379","61435","61649","60769","59425","57735","56770","55206","52274","49296","47219","44113","41311","40292","40442","39698","39717","40381","40712","40326","40242","40181","39437","37997",
"Medium","Gyeongsangbuk-do","Female","40-44 years old","Population projection","","102934","105629","107797","108240","105094","102307","99742","97614","95895","98074","98790","100539","101395","101511","99874","97947","94866","91128","87838","84297","83705","84432","86490","86463","84678","80206","75329","70081","65355","62465","61225","60448","60636","61695","62410","62592","62911","62098","60816","59182","58237","56671","53735","50749","48645","45500","42647","41603","41738","40986","41007","41691","42043",
"Medium","Gyeongsangbuk-do","Female","45-49 years old","Population projection","","83050","88037","90833","94229","98351","101270","104782","106508","108343","105989","103389","100616","99861","98980","102744","103821","104212","104137","103908","102076","99415","96240","92593","88673","84846","84462","85127","87092","87364","85855","81414","76573","71367","66710","63937","62842","62192","62520","63717","64535","64812","65213","64444","63191","61572","60617","59030","56060","53022","50857","47634","44687","43590",
"Medium","Gyeongsangbuk-do","Female","50-54 years old","Population projection","","70791","72633","75434","76848","78844","82873","87665","90678","94620","99314","102887","108224","110640","113327","112325","109955","105576","104315","103051","106738","107078","107676","107740","106727","104311","101726","98180","94372","90744","86996","86692","87474","89525","89857","88384","83901","78993","73731","69034","66288","65278","64718","65166","66501","67418","67785","68260","67525","66272","64640","63656","62027","58984",
"Medium","Gyeongsangbuk-do","Female","55-59 Years old","Population projection","","72745","69827","67444","66461","67168","70129","73959","76378","77772","79903","84833","89839","93494","97010","102289","107719","113814","115619","118411","116216","112870","108538","107956","106778","110061","110376","110958","111042","110438","108291","105624","101930","97953","94201","90396","90133","91034","93195","93615","92157","87573","82515","77123","72310","69535","68578","68088","68651","70131","71160","71619","72174","71467",
"Medium","Gyeongsangbuk-do","Female","60-64 Years old","Population projection","","80616","79710","80025","79002","75743","71796","67927","64907","64354","66056","69140","72920","76097","78686","81158","86159","92341","95601","98722","104254","110107","116945","118891","121636","119191","115709","111206","110495","109608","113385","113941","114729","115023","114560","112421","109667","105815","101663","97794","93946","93749","94794","97078","97588","96130","91411","86183","80643","75710","72900","71995","71579","72265",
"Medium","Gyeongsangbuk-do","Female","65-69 years old","Population projection","","70972","72916","74037","75276","76723","76388","76880","77711","77995","75369","72484","67383","64797","62794","63922","66273","71381","75471","78912","80983","86615","92966","96292","99316","104964","110859","117856","119748","122726","120628","117306","112956","112311","111518","115409","116141","117080","117520","117144","115023","112203","108247","103989","100062","96224","96117","97289","99655","100208","98718","93883","88543","82929",
"Medium","Gyeongsangbuk-do","Female","70-74 Years old","Population projection","","52651","54271","56938","58774","60380","63493","66384","67656","69595","71875","72557","72620","74143","75440","73749","70940","64453","62185","60112","61671","64978","70174","74289","77764","79645","85034","91439","94898","98218","104185","110142","117152","119168","122189","120198","117035","112864","112284","111596","115548","116421","117474","118029","117738","115673","112859","108884","104601","100685","96905","96871","98138","100556",
"Medium","Gyeongsangbuk-do","Female","75-79 Years old","Population projection","","36689","37654","39085","40421","42214","43707","45625","48022","50178","52626","56053","58865","60500","62107","64485","65078","65217","67560","70040","68771","66542","60760","58687","56748","58549","61631","66582","70649","74118","76103","81441","87709","91261","94679","100603","106534","113430","115499","118510","116683","113820","109999","109543","109037","112996","114009","115160","115821","115639","113716","110993","107142","102987",
"Medium","Gyeongsangbuk-do","Female","80 Years old & over","Population projection","","34311","35744","37403","38922","40639","42395","44617","47009","49931","53307","56803","59731","63325","66936","70764","75253","80293","85643","90037","96027","101341","106540","111255","116376","119151","120660","118696","121464","124655","128369","131621","133493","138997","144434","149058","156468","163517","171394","179086","188347","200126","212352","220651","229436","234948","241678","247740","253089","258735","265420","270449","275094","278711",
"Medium","Gyeongsangbuk-do","Female","80-84 Years old","Population projection","","21271","21975","22741","23664","25069","26256","27377","28639","30068","31984","34001","35588","37663","39400","41188","44392","47376","49725","51515","54360","55637","56573","58554","61077","60072","57932","52895","51618","50694","52800","55775","60086","63906","67196","69172","74267","80098","83639","87036","92695","98477","105078","107176","110065","108456","106071","102845","102576","102366","106215","107380","108652","109448",
"Medium","Gyeongsangbuk-do","Female","85-89 year old","Population projection","","9449","10137","10871","11338","11461","11780","12523","13214","14244","15335","16345","17126","18004","18995","20673","21659","22960","25053","26710","28647","31682","34568","36272","37611","39787","41066","41946","44077","46472","46006","44496","40618","40171","40141","42293","44887","48072","51338","54189","56002","60464","65335","68605","71699","76596","81803","87567","89420","91851","90479","88802","86591","86631",
"Medium","Gyeongsangbuk-do","Female","90-94 Years old","Population projection","","2937","3035","3143","3225","3389","3600","3930","4310","4716","4986","5329","5755","6234","6996","7259","7442","8037","8613","9218","10369","11223","12293","13249","14199","15381","17386","19142","20419","21538","23004","23910","24577","26067","27678","27438","26554","24122","24377","24987","26733","28508","30224","32535","34568","35906","39100","42329","44737","46954","50305","54125","58230","59465",
"Medium","Gyeongsangbuk-do","Female","95-99 Years old","Population projection","","565","514","553","598","623","651","676","739","789","876","989","1114","1260","1363","1438","1567","1716","2023","2347","2346","2475","2698","2746","3025","3474","3819","4214","4786","5291","5803","6612","7296","7805","8250","8863","9280","9590","10280","11003","10889","10524","9467","9892","10471","11382","12167","12708","13850","14834","15467","17024","18461","19657",
"Medium","Gyeongsangbuk-do","Female","100 Years old & over","Population projection","","89","83","95","97","97","108","111","107","114","126","139","148","164","182","206","193","204","229","247","305","324","408","434","464","437","457","499","564","660","756","828","916","1048","1169","1292","1480","1635","1760","1871","2028","2153","2248","2443","2633","2608","2537","2291","2506","2730","2954","3118","3160","3510",
"Medium","Gyeongsangnam-do","Total","Total","Population projection","","3035571","3047627","3069947","3094681","3101595","3110041","3123201","3136517","3166472","3192481","3217263","3244712","3265495","3277965","3307369","3330230","3337708","3339275","3351332","3350142","3340211","3315384","3286961","3266517","3249033","3230336","3212076","3194322","3176698","3159020","3140935","3122331","3103220","3083617","3063401","3042568","3021264","2999646","2977596","2955011","2932080","2908756","2885000","2860666","2835646","2809817","2783018","2755093","2725949","2695548","2663909","2631075","2597078",
"Medium","Gyeongsangnam-do","Total","0-4 Years old","Population projection","","219390","212157","203007","193546","183120","170819","158962","155314","156860","156282","157992","161455","162787","160356","159373","158965","154419","147697","139544","129630","116996","103714","92178","82646","75597","70293","66513","64536","63490","63284","63902","64891","65608","66046","66226","66184","65987","65709","65241","64480","63512","62380","61112","59887","58852","57936","57064","56145","55125","53942","52566","51000","49256",
"Medium","Gyeongsangnam-do","Total","5-9 Years old","Population projection","","235414","236606","235834","233126","228174","222971","216296","204655","192830","182960","170595","159276","155435","156211","155961","156775","160691","162501","161287","160414","159714","155110","147336","137372","126332","113956","101080","90195","81692","75144","69966","66254","64305","63306","63196","63952","65087","65949","66519","66824","66897","66802","66609","66204","65487","64535","63404","62125","60886","59836","58910","58028","57098",
"Medium","Gyeongsangnam-do","Total","10-14 Years old","Population projection","","207904","208341","213803","220981","226859","231722","233550","232503","229536","224891","220363","213240","203479","191495","181871","169049","158019","154128","155564","155194","156260","160416","162078","159788","158223","157063","152131","144669","135275","125066","113058","100518","89931","81661","75231","70111","66435","64493","63500","63443","64280","65501","66444","67090","67465","67604","67567","67420","67052","66355","65407","64273","62982",
"Medium","Gyeongsangnam-do","Total","15-19 Years old","Population projection","","241792","223996","207424","196084","189737","191886","195201","197594","202484","208039","214313","222761","221509","216746","211246","208823","201515","190024","179417","168823","158673","149334","144605","150237","152153","152870","156609","157844","155726","154462","153347","148526","141395","132341","122456","110774","98661","88594","80738","74614","69718","66199","64339","63391","63445","64392","65706","66704","67414","67847","68042","68058","67968",
"Medium","Gyeongsangnam-do","Total","20-24 Years old","Population projection","","217238","225260","231404","232378","222543","206253","196343","188207","181480","175835","171049","175270","185102","195130","202127","204319","206297","202148","201511","196103","192555","182422","168508","151561","140463","131052","124533","124374","128415","128213","127953","130994","131687","129888","128921","127881","123946","118248","110827","102916","93643","84320","76794","70949","66371","62612","59908","58549","57951","58271","59311","60581","61530",
"Medium","Gyeongsangnam-do","Total","25-29 Years old","Population projection","","251632","242693","233868","226519","219125","216995","219430","225623","231282","233564","227209","213308","199071","189339","188085","191486","190003","190406","194518","196251","195040","192824","187421","180752","174562","167102","157964","146006","134660","127314","119494","112955","111796","113834","112241","111942","114625","114949","113486","112947","112466","109440","105018","99276","93285","85996","78467","72434","67708","63872","60643","58319","57102",
"Medium","Gyeongsangnam-do","Total","30-34 Years old","Population projection","","269811","270614","274802","278921","277211","272279","262530","251568","243658","238817","243344","249248","255610","256608","254363","244205","230901","215323","203646","196116","190156","183639","182881","186388","187943","187274","187110","183304","177166","170530","164732","157388","147216","137372","130690","122556","115398","113588","114781","112835","112603","115119","115443","114181","113741","113416","110653","106516","101075","95394","88360","80971","75042",
"Medium","Gyeongsangnam-do","Total","35-39 years old","Population projection","","275846","272286","270668","270242","275620","280467","284823","288607","292905","290381","285180","274842","263883","253854","249230","251910","256939","262794","265419","260905","245029","227675","210068","196897","189009","185701","182540","184187","187016","188310","188291","188637","185190","179514","173428","168159","161410","151696","142135","135418","126869","119240","117058","117908","115838","115616","118089","118480","117301","116844","116542","113831","109667",
"Medium","Gyeongsangnam-do","Total","40-44 years old","Population projection","","255370","264831","274102","281263","279350","276195","272627","270682","269354","278886","285137","290995","294436","296440","292986","287326","276948","265900","256869","250386","251331","255234","260158","260566","254682","240584","225123","209498","196296","188708","186028","183479","185698","189024","190760","191132","191787","188545","183100","177267","172237","165759","156198","146678","139858","131016","123055","120624","121276","119134","118907","121383","121834",
"Medium","Gyeongsangnam-do","Total","45-49 years old","Population projection","","185259","200021","212111","226949","242532","254024","267118","275260","283543","280688","276644","271788","271467","268720","282978","288699","293270","296438","299385","294315","287025","275834","264389","254523","248300","249840","254824","260346","261001","255424","241617","226472","211192","198347","191151","188860","186709","189320","193019","195104","195770","196656","193560","188261","182560","177654","171310","161784","152215","145248","136142","127887","125241",
"Medium","Gyeongsangnam-do","Total","50-54 years old","Population projection","","148772","153694","160878","165861","172811","185357","198423","209671","225045","241130","253346","270299","278841","286760","284270","282137","274014","274323","271852","286225","290972","294909","297040","298826","293139","286284","275533","264815","255252","249024","250628","255749","261407","262237","256874","243293","228386","213368","200776","193872","191876","190043","192973","196997","199386","200307","201404","198439","193242","187643","182821","176578","167057",
"Medium","Gyeongsangnam-do","Total","55-59 Years old","Population projection","","129061","128532","129671","133959","139713","147185","154338","160760","164495","170333","183646","198704","210483","225161","242397","255189","274313","282499","291721","287350","283436","273656","274016","271431","285407","289981","294404","296898","298940","293112","286348","275659","264989","255562","249400","251074","256354","262157","263154","257980","244595","229884","215094","202723","196070","194336","192791","196005","200332","202994","204147","205429","202586",
"Medium","Gyeongsangnam-do","Total","60-64 Years old","Population projection","","128821","129500","131021","132089","130531","127941","125012","124906","129103","135631","142652","150810","157697","161807","167610","181666","198328","211771","227155","244427","257103","276260","283155","291767","286472","282052","272946","273141","270479","284156","288584","293009","295642","297750","292061","285443","274880","264324","255071","249008","250791","256226","262177","263363","258407","245240","230744","216192","204034","197622","196128","194845","198315",
"Medium","Gyeongsangnam-do","Total","65-69 years old","Population projection","","108556","111975","114927","117275","119265","121258","122724","124620","127421","126642","125183","120484","120755","122996","129986","136154","146431","153798","159989","165385","180630","196986","209568","223940","240546","252711","271919","278605","286901","281707","277381","268506","268649","266112","279453","283798","288268","291034","293207","287731","281346","271016","260708","251775","245936","247893","253485","259539","260858","256074","243177","228996","214802",
"Medium","Gyeongsangnam-do","Total","70-74 Years old","Population projection","","76047","78405","82711","86505","90488","94911","99449","102561","105162","108498","111342","113269","116522","119983","118886","118562","112015","113235","116346","123992","131549","141300","148350","153935","158881","173474","189647","201823","215861","232107","243994","262525","268936","276915","271959","267940","259577","259828","257608","270576","274900","279453","282355","284628","279517","273497","263613","253744","245270","239785","241927","247617","253714",
"Medium","Gyeongsangnam-do","Total","75-79 Years old","Population projection","","49955","51274","53326","55688","58264","60303","63767","68021","71511","75363","79998","84660","88141","90760","94355","97182","99364","103568","108435","107380","108302","102571","103749","106763","113742","120554","129395","136264","142041","147195","161115","176235","187809","201009","216184","227638","245178","251204","258740","254101","250636","243290","243827","242247","254676","259005","263634","266626","268974","264437","258972","249844","240717",
"Medium","Gyeongsangnam-do","Total","80 Years old & over","Population projection","","34703","37442","40390","43295","46252","49475","52608","55965","59803","64541","69270","74303","80277","85599","91645","97783","104241","112722","118674","127246","135440","143500","151461","159125","163582","169545","169805","177817","186487","195264","204497","210534","221770","232699","243170","261831","278576","296640","315694","335895","359941","387428","405291","425108","434752","448762","462124","473767","485236","500250","511907","523435","532167",
"Medium","Gyeongsangnam-do","Total","80-84 Years old","Population projection","","22599","24573","26567","28945","31557","33901","35181","36959","39083","41938","44431","47162","51020","53950","57053","60784","64740","69024","71599","75723","79056","81637","85391","89606","88826","89632","84967","86756","90004","96350","102475","109743","115956","121283","126040","138621","151789","162142","173759","186971","197545","213306","218640","225403","221302","218757","213110","214042","213440","224760","228980","233564","236529",
"Medium","Gyeongsangnam-do","Total","85-89 year old","Population projection","","8954","9679","10510","10917","11068","11706","13240","14400","15991","17531","19138","20548","21908","23256","25518","27230","29056","32190","34467","37195","40531","44286","47115","49046","52078","54664","56995","60551","64050","63786","64508","61038","62986","65994","70972","75845","80845","85826","90190","94068","104240","114301","122507","131499","141575","150352","162980","167017","172272","168836","167388","164025","165298",
"Medium","Gyeongsangnam-do","Total","90-94 Years old","Population projection","","2604","2641","2733","2832","3014","3230","3521","3877","3974","4256","4738","5502","6149","7104","7703","8288","8787","9566","10244","11862","13093","14487","15666","16909","18592","20663","22726","24713","25997","27931","29470","30868","33088","35127","34966","35413","33290","34950","37166","40214","43202","45647","48814","51637","54099","60648","66543","71552","76878","82746","88535","96524","98644",
"Medium","Gyeongsangnam-do","Total","95-99 Years old","Population projection","","479","474","501","525","540","559","577","633","653","710","850","969","1063","1147","1214","1324","1480","1738","2152","2238","2489","2760","2928","3171","3701","4170","4644","5251","5811","6464","7216","7961","8686","9123","9878","10473","11014","11927","12693","12579","12752","11841","12775","13847","15080","16265","16957","18324","19531","20539","23383","25641","27643",
"Medium","Gyeongsangnam-do","Total","100 Years old & over","Population projection","","67","75","79","76","73","79","89","96","102","106","113","122","137","142","157","157","178","204","212","228","271","330","361","393","385","416","473","546","625","733","828","924","1054","1172","1314","1479","1638","1795","1886","2063","2202","2333","2555","2722","2696","2740","2534","2832","3115","3369","3621","3681","4053",
"Medium","Gyeongsangnam-do","Male","Total","Population projection","","1521938","1530118","1543264","1557727","1564155","1569743","1580143","1589921","1609185","1624232","1638144","1651780","1661753","1668122","1683623","1696568","1700617","1698965","1704709","1705158","1696336","1681840","1667010","1659807","1652494","1643206","1634189","1625524","1617080","1608680","1600034","1591110","1581918","1572378","1562440","1552073","1541355","1530302","1518815","1506904","1494671","1482171","1469444","1456439","1443129","1429517","1415540","1401145","1386300","1370993","1355181","1338886","1322154",
"Medium","Gyeongsangnam-do","Male","0-4 Years old","Population projection","","116871","112451","107248","102388","96668","90101","83650","81487","81677","81039","81742","83562","84115","82966","82352","82085","79324","75901","71724","66518","60057","53335","47280","42278","38726","35950","33999","33026","32592","32424","32745","33251","33619","33846","33939","33917","33817","33674","33433","33041","32547","31968","31318","30689","30160","29692","29243","28771","28247","27639","26933","26132","25238",
"Medium","Gyeongsangnam-do","Male","5-9 Years old","Population projection","","127480","127884","127140","124885","121708","118169","113862","107615","101709","96472","89793","83831","81486","81426","80840","81165","83098","83900","83283","82803","82302","79692","75776","70803","65051","58665","52120","46420","41847","38611","35885","33963","32997","32580","32459","32858","33443","33889","34183","34341","34378","34328","34229","34021","33651","33164","32584","31925","31286","30747","30271","29816","29340",
"Medium","Gyeongsangnam-do","Male","10-14 Years old","Population projection","","110507","111504","114933","119132","122518","125102","126263","125159","122859","119908","116738","112461","107078","101028","95958","89197","83133","80794","81134","80488","80964","82906","83646","82420","81679","81020","78330","74495","69779","64426","58231","51851","46303","41859","38681","35977","34074","33107","32685","32593","33035","33661","34147","34483","34679","34753","34734","34661","34471","34113","33625","33042","32376",
"Medium","Gyeongsangnam-do","Male","15-19 Years old","Population projection","","126069","117968","110677","105677","102682","103778","105883","108107","111986","115209","117953","122145","121726","118762","115183","112500","108463","102162","96768","91235","85410","80118","76948","78978","79449","79691","81590","82308","81178","80535","79893","77298","73619","69039","63818","57779","51573","46211","41938","38869","36229","34379","33430","33005","32948","33451","34130","34661","35043","35281","35392","35405","35365",
"Medium","Gyeongsangnam-do","Male","20-24 Years old","Population projection","","116615","120078","122705","123402","119670","113107","109534","105508","101473","98347","97027","100355","105967","111516","115411","117539","118590","116277","115786","113207","110006","104904","97235","89553","83558","77893","73412","72191","73829","73610","73532","75156","75636","74593","74070","73418","71128","67973","63911","59320","54080","48799","44351","40858","38339","36089","34533","33741","33428","33521","34143","34857","35416",
"Medium","Gyeongsangnam-do","Male","25-29 Years old","Population projection","","127735","124784","121180","118073","114994","113757","115726","119653","124972","128019","125115","117471","109803","105368","105975","108567","107812","107272","109746","111069","110344","109442","106985","103441","100761","96691","91881","86001","80152","75757","71146","67019","65768","66676","65705","65539","66964","67198","66305","65990","65607","63832","61342","58117","54594","50495","46238","42703","39939","37865","35934","34629","33934",
"Medium","Gyeongsangnam-do","Male","30-34 Years old","Population projection","","137279","137359","139380","141773","141506","139958","136191","131484","128172","126509","129688","133481","136981","137643","136906","132542","126179","117854","111723","108336","104908","100863","100836","104288","105500","105460","105883","104027","100363","97087","93847","89948","84862","79719","75759","71077","66738","65304","65800","64613","64485","65795","65992","65218","64966","64670","63089","60795","57789","54549","50691","46609","43240",
"Medium","Gyeongsangnam-do","Male","35-39 years old","Population projection","","141329","140042","139946","140134","142880","144895","147061","149310","152264","151182","149161","143906","138297","133374","131400","133239","136338","139200","140452","137989","129512","120646","111515","105512","102363","101312","100006","101486","103708","104591","104893","105506","103770","100355","97355","94360","90753","85844","80835","76898","72033","67503","65946","66267","65003","64886","66154","66373","65650","65394","65110","63580","61296",
"Medium","Gyeongsangnam-do","Male","40-44 years old","Population projection","","132739","137260","141652","144927","144207","142691","141661","141148","140477","145035","148102","150549","152319","153579","152097","149437","143966","138125","133625","130576","130941","133062","135300","135834","133090","126162","118739","111013","104604","101402","100679","99711","101492","103969","105104","105624","106370","104715","101426","98545","95655","92181","87324","82328","78354","73351","68673","67025","67241","65933","65817","67076","67318",
"Medium","Gyeongsangnam-do","Male","45-49 years old","Population projection","","95438","102803","109555","117438","125479","131463","137997","142109","146359","145002","143344","141256","140997","138585","145234","148057","150121","152040","153870","151714","147878","141687","135927","131183","128250","129352","132256","134933","135481","132884","126123","118875","111353","105164","102181","101672","100936","102934","105616","106961","107651","108507","106918","103715","100896","98056","94651","89796","84769","80728","75590","70773","69037",
"Medium","Gyeongsangnam-do","Male","50-54 years old","Population projection","","75465","78123","81660","84170","87972","94336","101032","107170","115681","124034","130309","138508","142685","146701","145479","144385","141098","141231","138746","145703","148219","149833","151164","152488","149983","146717","141190","135834","131236","128259","129405","132385","135145","135791","133317","126700","119595","112229","106200","103381","103038","102488","104660","107523","109055","109899","110862","109339","106196","103426","100621","97264","92399",
"Medium","Gyeongsangnam-do","Male","55-59 Years old","Population projection","","60174","61067","62761","65618","69333","73366","77235","80433","82360","85465","92232","99938","106093","113985","122695","129235","138774","142719","147691","145637","143504","139523","139779","137488","144182","146676","148707","150374","151887","149335","146156","140715","135441","130965","128056","129250","132317","135169","135912","133554","127076","120096","112880","106995","104319","104119","103738","106066","109098","110795","111779","112840","111379",
"Medium","Gyeongsangnam-do","Male","60-64 Years old","Population projection","","56559","57178","57911","58832","58634","58119","57791","58918","61914","65977","69873","74001","77719","79776","82875","89925","98162","105169","113393","122288","128805","138182","141585","146478","143970","141766","138233","138520","136228","142800","145258","147336","149120","150698","148273","145216","139908","134755","130417","127592","128853","132008","134958","135823","133603","127277","120433","113358","107604","105055","104986","104758","107224",
"Medium","Gyeongsangnam-do","Male","65-69 years old","Population projection","","43619","45549","47448","48804","49875","51148","52093","53229","55006","55139","55237","54073","55195","57490","61843","65548","70582","74585","77576","80522","88006","96047","102616","110221","118628","124930","134362","137720","142483","140010","137963","134644","134934","132813","139224","141683","143836","145726","147366","145108","142225","137113","132163","128053","125394","126774","130031","133056","134008","131902","125760","119107","112256",
"Medium","Gyeongsangnam-do","Male","70-74 Years old","Population projection","","27815","28595","30039","31716","33688","35818","38187","40148","41400","43017","44661","45780","47518","49469","49633","50377","48354","50083","52930","57497","61700","66293","70096","72743","75382","82563","90443","96633","103967","112090","118163","127125","130340","134901","132633","130861","127921","128308","126482","132684","135158","137395","139382","141093","139093","136475","131705","127089","123308","120907","122412","125724","128780",
"Medium","Gyeongsangnam-do","Male","75-79 Years old","Population projection","","16975","17410","18016","18814","19483","20037","21182","22573","24042","25820","27935","29984","31764","33095","34635","36095","37535","39665","42184","42423","43618","42148","43989","46662","50639","54279","58276","61865","64607","67322","74016","81167","86912","93638","101028","106758","115047","118037","122301","120279","118893","116582","117152","115824","121705","124191","126512","128557","130305","128679","126431","122175","118067",
"Medium","Gyeongsangnam-do","Male","80 Years old & over","Population projection","","9269","10063","11013","11944","12858","13898","14795","15870","16834","18058","19234","20479","22010","23359","25107","26675","29088","31988","34078","37153","40162","43159","46333","49437","51283","54079","54762","58678","63139","67537","72099","75160","80607","85772","90838","99384","106935","115229","124005","133135","143728","155536","163252","172427","176370","182175","188230","193229","197918","204459","209686","215099","219489",
"Medium","Gyeongsangnam-do","Male","80-84 Years old","Population projection","","6688","7278","8012","8740","9453","10195","10610","11223","11814","12523","13164","13879","14892","15789","16928","18206","20128","21988","23310","25103","26637","28064","29809","31825","32144","33286","32255","34006","36464","39825","42887","45912","48986","51408","53805","59587","65462","70361","76000","82101","87157","94261","96800","100530","98854","98049","96684","97479","96861","102080","104444","106738","108702",
"Medium","Gyeongsangnam-do","Male","85-89 year old","Population projection","","2054","2253","2461","2644","2798","3035","3465","3839","4112","4480","4872","5232","5604","5894","6330","6547","6924","7797","8341","9291","10535","11803","12932","13751","14793","15842","16930","18385","19852","20168","20986","20321","21756","23648","25978","28144","29979","32229","34050","35838","40110","44161","47718","51727","55991","59854","65083","66874","69667","68415","68170","67778","68643",
"Medium","Gyeongsangnam-do","Male","90-94 Years old","Population projection","","459","470","476","487","533","596","640","723","823","953","1067","1223","1343","1468","1604","1653","1748","1888","2045","2355","2551","2839","3090","3333","3746","4321","4881","5480","5919","6492","7012","7552","8302","9023","9170","9590","9248","10130","11211","12394","13505","14255","15497","16516","17502","19886","21929","23841","25939","28129","30347","33215","34065",
"Medium","Gyeongsangnam-do","Male","95-99 Years old","Population projection","","60","53","55","65","69","67","74","79","77","93","122","134","159","194","226","253","269","293","356","371","400","402","456","481","556","587","651","754","844","981","1140","1292","1464","1581","1753","1909","2070","2308","2526","2557","2687","2564","2903","3287","3654","3997","4165","4599","4949","5279","6115","6744","7373",
"Medium","Gyeongsangnam-do","Male","100 Years old & over","Population projection","","8","9","9","8","5","5","6","6","8","9","9","11","12","14","19","16","19","22","26","33","39","51","46","47","44","43","45","53","60","71","74","83","99","112","132","154","176","201","218","245","269","295","334","367","369","389","369","436","502","556","610","624","706",
"Medium","Gyeongsangnam-do","Female","Total","Population projection","","1513633","1517509","1526683","1536954","1537440","1540298","1543058","1546596","1557287","1568249","1579119","1592932","1603742","1609843","1623746","1633662","1637091","1640310","1646623","1644984","1643875","1633544","1619951","1606710","1596539","1587130","1577887","1568798","1559618","1550340","1540901","1531221","1521302","1511239","1500961","1490495","1479909","1469344","1458781","1448107","1437409","1426585","1415556","1404227","1392517","1380300","1367478","1353948","1339649","1324555","1308728","1292189","1274924",
"Medium","Gyeongsangnam-do","Female","0-4 Years old","Population projection","","102519","99706","95759","91158","86452","80718","75312","73827","75183","75243","76250","77893","78672","77390","77021","76880","75095","71796","67820","63112","56939","50379","44898","40368","36871","34343","32514","31510","30898","30860","31157","31640","31989","32200","32287","32267","32170","32035","31808","31439","30965","30412","29794","29198","28692","28244","27821","27374","26878","26303","25633","24868","24018",
"Medium","Gyeongsangnam-do","Female","5-9 Years old","Population projection","","107934","108722","108694","108241","106466","104802","102434","97040","91121","86488","80802","75445","73949","74785","75121","75610","77593","78601","78004","77611","77412","75418","71560","66569","61281","55291","48960","43775","39845","36533","34081","32291","31308","30726","30737","31094","31644","32060","32336","32483","32519","32474","32380","32183","31836","31371","30820","30200","29600","29089","28639","28212","27758",
"Medium","Gyeongsangnam-do","Female","10-14 Years old","Population projection","","97397","96837","98870","101849","104341","106620","107287","107344","106677","104983","103625","100779","96401","90467","85913","79852","74886","73334","74430","74706","75296","77510","78432","77368","76544","76043","73801","70174","65496","60640","54827","48667","43628","39802","36550","34134","32361","31386","30815","30850","31245","31840","32297","32607","32786","32851","32833","32759","32581","32242","31782","31231","30606",
"Medium","Gyeongsangnam-do","Female","15-19 Years old","Population projection","","115723","106028","96747","90407","87055","88108","89318","89487","90498","92830","96360","100616","99783","97984","96063","96323","93052","87862","82649","77588","73263","69216","67657","71259","72704","73179","75019","75536","74548","73927","73454","71228","67776","63302","58638","52995","47088","42383","38800","35745","33489","31820","30909","30386","30497","30941","31576","32043","32371","32566","32650","32653","32603",
"Medium","Gyeongsangnam-do","Female","20-24 Years old","Population projection","","100623","105182","108699","108976","102873","93146","86809","82699","80007","77488","74022","74915","79135","83614","86716","86780","87707","85871","85725","82896","82549","77518","71273","62008","56905","53159","51121","52183","54586","54603","54421","55838","56051","55295","54851","54463","52818","50275","46916","43596","39563","35521","32443","30091","28032","26523","25375","24808","24523","24750","25168","25724","26114",
"Medium","Gyeongsangnam-do","Female","25-29 Years old","Population projection","","123897","117909","112688","108446","104131","103238","103704","105970","106310","105545","102094","95837","89268","83971","82110","82919","82191","83134","84772","85182","84696","83382","80436","77311","73801","70411","66083","60005","54508","51557","48348","45936","46028","47158","46536","46403","47661","47751","47181","46957","46859","45608","43676","41159","38691","35501","32229","29731","27769","26007","24709","23690","23168",
"Medium","Gyeongsangnam-do","Female","30-34 Years old","Population projection","","132532","133255","135422","137148","135705","132321","126339","120084","115486","112308","113656","115767","118629","118965","117457","111663","104722","97469","91923","87780","85248","82776","82045","82100","82443","81814","81227","79277","76803","73443","70885","67440","62354","57653","54931","51479","48660","48284","48981","48222","48118","49324","49451","48963","48775","48746","47564","45721","43286","40845","37669","34362","31802",
"Medium","Gyeongsangnam-do","Female","35-39 years old","Population projection","","134517","132244","130722","130108","132740","135572","137762","139297","140641","139199","136019","130936","125586","120480","117830","118671","120601","123594","124967","122916","115517","107029","98553","91385","86646","84389","82534","82701","83308","83719","83398","83131","81420","79159","76073","73799","70657","65852","61300","58520","54836","51737","51112","51641","50835","50730","51935","52107","51651","51450","51432","50251","48371",
"Medium","Gyeongsangnam-do","Female","40-44 years old","Population projection","","122631","127571","132450","136336","135143","133504","130966","129534","128877","133851","137035","140446","142117","142861","140889","137889","132982","127775","123244","119810","120390","122172","124858","124732","121592","114422","106384","98485","91692","87306","85349","83768","84206","85055","85656","85508","85417","83830","81674","78722","76582","73578","68874","64350","61504","57665","54382","53599","54035","53201","53090","54307","54516",
"Medium","Gyeongsangnam-do","Female","45-49 years old","Population projection","","89821","97218","102556","109511","117053","122561","129121","133151","137184","135686","133300","130532","130470","130135","137744","140642","143149","144398","145515","142601","139147","134147","128462","123340","120050","120488","122568","125413","125520","122540","115494","107597","99839","93183","88970","87188","85773","86386","87403","88143","88119","88149","86642","84546","81664","79598","76659","71988","67446","64520","60552","57114","56204",
"Medium","Gyeongsangnam-do","Female","50-54 years old","Population projection","","73307","75571","79218","81691","84839","91021","97391","102501","109364","117096","123037","131791","136156","140059","138791","137752","132916","133092","133106","140522","142753","145076","145876","146338","143156","139567","134343","128981","124016","120765","121223","123364","126262","126446","123557","116593","108791","101139","94576","90491","88838","87555","88313","89474","90331","90408","90542","89100","87046","84217","82200","79314","74658",
"Medium","Gyeongsangnam-do","Female","55-59 Years old","Population projection","","68887","67465","66910","68341","70380","73819","77103","80327","82135","84868","91414","98766","104390","111176","119702","125954","135539","139780","144030","141713","139932","134133","134237","133943","141225","143305","145697","146524","147053","143777","140192","134944","129548","124597","121344","121824","124037","126988","127242","124426","117519","109788","102214","95728","91751","90217","89053","89939","91234","92199","92368","92589","91207",
"Medium","Gyeongsangnam-do","Female","60-64 Years old","Population projection","","72262","72322","73110","73257","71897","69822","67221","65988","67189","69654","72779","76809","79978","82031","84735","91741","100166","106602","113762","122139","128298","138078","141570","145289","142502","140286","134713","134621","134251","141356","143326","145673","146522","147052","143788","140227","134972","129569","124654","121416","121938","124218","127219","127540","124804","117963","110311","102834","96430","92567","91142","90087","91091",
"Medium","Gyeongsangnam-do","Female","65-69 years old","Population projection","","64937","66426","67479","68471","69390","70110","70631","71391","72415","71503","69946","66411","65560","65506","68143","70606","75849","79213","82413","84863","92624","100939","106952","113719","121918","127781","137557","140885","144418","141697","139418","133862","133715","133299","140229","142115","144432","145308","145841","142623","139121","133903","128545","123722","120542","121119","123454","126483","126850","124172","117417","109889","102546",
"Medium","Gyeongsangnam-do","Female","70-74 Years old","Population projection","","48232","49810","52672","54789","56800","59093","61262","62413","63762","65481","66681","67489","69004","70514","69253","68185","63661","63152","63416","66495","69849","75007","78254","81192","83499","90911","99204","105190","111894","120017","125831","135400","138596","142014","139326","137079","131656","131520","131126","137892","139742","142058","142973","143535","140424","137022","131908","126655","121962","118878","119515","121893","124934",
"Medium","Gyeongsangnam-do","Female","75-79 Years old","Population projection","","32980","33864","35310","36874","38781","40266","42585","45448","47469","49543","52063","54676","56377","57665","59720","61087","61829","63903","66251","64957","64684","60423","59760","60101","63103","66275","71119","74399","77434","79873","87099","95068","100897","107371","115156","120880","130131","133167","136439","133822","131743","126708","126675","126423","132971","134814","137122","138069","138669","135758","132541","127669","122650",
"Medium","Gyeongsangnam-do","Female","80 Years old & over","Population projection","","25434","27379","29377","31351","33394","35577","37813","40095","42969","46483","50036","53824","58267","62240","66538","71108","75153","80734","84596","90093","95278","100341","105128","109688","112299","115466","115043","119139","123348","127727","132398","135374","141163","146927","152332","162447","171641","181411","191689","202760","216213","231892","242039","252681","258382","266587","273894","280538","287318","295791","302221","308336","312678",
"Medium","Gyeongsangnam-do","Female","80-84 Years old","Population projection","","15911","17295","18555","20205","22104","23706","24571","25736","27269","29415","31267","33283","36128","38161","40125","42578","44612","47036","48289","50620","52419","53573","55582","57781","56682","56346","52712","52750","53540","56525","59588","63831","66970","69875","72235","79034","86327","91781","97759","104870","110388","119045","121840","124873","122448","120708","116426","116563","116579","122680","124536","126826","127827",
"Medium","Gyeongsangnam-do","Female","85-89 year old","Population projection","","6900","7426","8049","8273","8270","8671","9775","10561","11879","13051","14266","15316","16304","17362","19188","20683","22132","24393","26126","27904","29996","32483","34183","35295","37285","38822","40065","42166","44198","43618","43522","40717","41230","42346","44994","47701","50866","53597","56140","58230","64130","70140","74789","79772","85584","90498","97897","100143","102605","100421","99218","96247","96655",
"Medium","Gyeongsangnam-do","Female","90-94 Years old","Population projection","","2145","2171","2257","2345","2481","2634","2881","3154","3151","3303","3671","4279","4806","5636","6099","6635","7039","7678","8199","9507","10542","11648","12576","13576","14846","16342","17845","19233","20078","21439","22458","23316","24786","26104","25796","25823","24042","24820","25955","27820","29697","31392","33317","35121","36597","40762","44614","47711","50939","54617","58188","63309","64579",
"Medium","Gyeongsangnam-do","Female","95-99 Years old","Population projection","","419","421","446","460","471","492","503","554","576","617","728","835","904","953","988","1071","1211","1445","1796","1867","2089","2358","2472","2690","3145","3583","3993","4497","4967","5483","6076","6669","7222","7542","8125","8564","8944","9619","10167","10022","10065","9277","9872","10560","11426","12268","12792","13725","14582","15260","17268","18897","20270",
"Medium","Gyeongsangnam-do","Female","100 Years old & over","Population projection","","59","66","70","68","68","74","83","90","94","97","104","111","125","128","138","141","159","182","186","195","232","279","315","346","341","373","428","493","565","662","754","841","955","1060","1182","1325","1462","1594","1668","1818","1933","2038","2221","2355","2327","2351","2165","2396","2613","2813","3011","3057","3347",
"Medium","Jeju-do","Total","Total","Population projection","","524182","528553","533737","536599","539405","541833","543702","543134","543894","545602","547917","553845","560818","570034","583335","599252","618119","634919","654543","663803","668699","672079","674523","676557","674661","675862","676849","677743","678512","679117","679531","679770","679814","679684","679413","678994","678444","677788","676988","676019","674880","673568","672105","670463","668643","666595","664239","661587","658619","655294","651595","647539","643117",
"Medium","Jeju-do","Total","0-4 Years old","Population projection","","42131","41168","39770","38026","36397","33893","31571","30522","29983","29104","28821","29082","29262","29225","29802","30322","30638","30085","29468","28580","26745","24599","22745","20911","19308","18162","17326","17002","16890","17097","17494","17983","18391","18711","18946","19111","19215","19283","19280","19181","19003","18761","18466","18166","17906","17674","17450","17222","16966","16669","16316","15907","15442",
"Medium","Jeju-do","Total","5-9 Years old","Population projection","","43215","43951","44292","43982","43288","42771","41831","39707","37850","36096","33684","31470","30810","30946","31135","31703","33074","33867","34615","34820","35160","35186","34168","32506","30598","28577","26358","24216","22425","20845","19605","18682","18281","18126","18341","18792","19360","19844","20231","20529","20744","20887","20984","21004","20910","20724","20458","20121","19773","19475","19217","18973","18722",
"Medium","Jeju-do","Total","10-14 Years old","Population projection","","34400","35460","37144","39094","41061","42702","43511","43705","43101","42355","41945","41048","39615","38092","36913","35065","33535","33328","34041","33939","34319","35611","36333","36135","35870","35958","35244","34034","32643","31028","28890","26592","24429","22651","21071","19824","18884","18477","18333","18573","19052","19641","20145","20547","20862","21089","21249","21356","21376","21274","21067","20779","20428",
"Medium","Jeju-do","Total","15-19 Years old","Population projection","","42095","39190","36459","34244","32836","32745","33122","33995","35596","37384","39141","40705","40873","40400","39581","39660","39219","37812","36694","35301","33640","31755","31316","32761","33460","33667","34520","34889","34718","34621","34681","33949","32774","31413","29817","27728","25513","23457","21789","20308","19140","18265","17895","17771","18031","18513","19096","19588","19984","20297","20527","20688","20798",
"Medium","Jeju-do","Total","20-24 Years old","Population projection","","40381","41254","41972","41985","41083","38935","36382","33574","31431","29966","29273","30188","31989","34488","36683","37980","39065","40086","40841","40157","40397","38569","35977","33228","31092","29664","28711","29120","30095","30168","30147","30874","31133","30930","30794","30800","30116","29110","27893","26471","24660","22767","21058","19730","18534","17601","16903","16638","16567","16844","17278","17789","18210",
"Medium","Jeju-do","Total","25-29 Years old","Population projection","","47481","45105","42687","40029","38133","37702","38158","38200","38038","37475","35446","33587","31648","30601","30924","32297","33772","36142","40039","42288","42982","43775","43482","42357","40386","38964","37143","34886","32620","31360","29852","28573","28502","28953","28714","28636","29288","29447","29206","29084","29114","28506","27609","26494","25217","23599","21889","20376","19228","18168","17350","16730","16470",
"Medium","Jeju-do","Total","30-34 Years old","Population projection","","47901","48387","49423","49853","49218","47881","45577","42495","39884","38063","37792","38417","39627","40503","41311","41147","40467","39428","39301","38790","38778","38885","39884","42021","43213","44089","44786","44361","43102","41679","40558","39017","36989","34851","33531","31788","30223","29874","30126","29787","29686","30314","30462","30234","30098","30121","29517","28600","27422","26098","24449","22678","21134",
"Medium","Jeju-do","Total","35-39 years old","Population projection","","45423","45609","46028","46393","47779","48975","49867","50393","50585","49811","48449","46335","44482","43020","42422","44125","47068","49626","52519","52780","50550","48118","45347","42997","41401","41349","41503","42606","44508","45902","46773","47498","47098","45927","44635","43604","42147","40149","37961","36509","34540","32711","32148","32274","31870","31749","32386","32551","32322","32162","32177","31553","30568",
"Medium","Jeju-do","Total","40-44 years old","Population projection","","39955","41896","43694","45177","45546","45783","45673","45991","45834","47220","48361","49827","51358","52806","53440","53765","53152","52678","52287","51486","52024","53957","55825","56823","55720","53377","50742","47766","45326","44275","44280","44487","45660","47600","48974","49844","50592","50195","49063","47827","46821","45395","43363","41063","39459","37289","35245","34521","34576","34135","34000","34649","34833",
"Medium","Jeju-do","Total","45-49 years old","Population projection","","28255","30841","33102","35372","38078","39562","41671","43138","44645","44904","44984","45412","46230","46592","49203","51733","54494","57881","60463","60835","60028","57812","56197","54288","52911","53791","55537","57179","58161","57416","55050","52393","49440","47041","46035","46074","46306","47535","49488","50835","51708","52469","52073","50978","49793","48807","47407","45352","42991","41303","39010","36841","36038",
"Medium","Jeju-do","Total","50-54 years old","Population projection","","25673","25769","25842","25762","26151","28147","30569","32834","35157","37795","39720","42014","43480","45719","46938","47749","49906","51287","51970","54832","56718","58386","60751","62173","61790","60903","58654","56878","54977","53786","54631","56320","57904","58832","58067","55714","53070","50163","47821","46863","46936","47193","48458","50410","51723","52595","53358","52965","51907","50766","49804","48442","46391",
"Medium","Jeju-do","Total","55-59 Years old","Population projection","","23118","23039","23367","24011","24633","24992","25329","25223","25315","25953","27929","30540","33049","36020","39475","42046","45167","47756","50736","51659","51558","52223","52885","53071","55377","57159","58796","60807","61977","61759","60799","58550","56774","54887","53717","54547","56191","57743","58648","57883","55564","52959","50119","47843","46939","47043","47324","48608","50549","51839","52715","53483","53101",
"Medium","Jeju-do","Total","60-64 Years old","Population projection","","20957","21527","22217","22731","22997","22953","23093","23271","23634","24203","24724","25307","25427","25552","26381","29500","32868","35859","39112","42495","44633","47030","48758","51165","51680","51543","52063","52422","52384","54732","56440","57993","59906","60969","60706","59715","57518","55778","53953","52831","53663","55275","56798","57674","56924","54662","52122","49371","47176","46333","46468","46771","48072",
"Medium","Jeju-do","Total","65-69 years old","Population projection","","16791","17615","18319","18757","19231","19956","20657","21359","22138","22286","22168","22007","22498","23093","23991","24731","25830","26351","26765","27372","30394","33038","35442","38335","41511","43553","45933","47560","49764","50225","50008","50404","50652","50619","52910","54533","56007","57828","58813","58537","57570","55465","53807","52071","51028","51872","53437","54915","55760","55023","52835","50407","47787",
"Medium","Jeju-do","Total","70-74 Years old","Population projection","","10452","11242","12303","13450","14450","15230","15922","16720","17228","17838","18567","19363","20193","20935","20996","21303","21372","21968","22913","23799","24336","25101","25475","25694","26081","29047","31623","34013","36762","39868","41877","44253","45856","47936","48320","48098","48443","48646","48654","50889","52455","53885","55652","56604","56356","55441","53448","51881","50243","49262","50096","51628","53082",
"Medium","Jeju-do","Total","75-79 Years old","Population projection","","7879","8036","8149","8110","8347","9082","9862","10617","11677","12681","13568","14345","15162","15665","16380","17036","17756","18632","19305","19519","19787","19723","20252","20996","21937","22431","23214","23561","23948","24483","27330","29789","32077","34678","37617","39593","41927","43489","45470","45831","45654","46010","46209","46297","48489","50026","51449","53158","54090","53896","53038","51185","49732",
"Medium","Jeju-do","Total","80 Years old & over","Population projection","","8075","8464","8969","9623","10177","10524","10907","11390","11798","12468","13345","14198","15115","16377","17760","19090","20736","22133","23474","25151","26650","28311","29686","31096","32326","33628","34696","36443","38212","39873","41116","42413","43948","45560","47218","50593","53644","56770","60259","64081","68570","73065","76859","81303","84504","87790","91501","94364","97689","101750","105248","109036","112309",
"Medium","Jeju-do","Total","80-84 Years old","Population projection","","4273","4584","4967","5516","5928","6092","6157","6163","5961","6305","6999","7721","8493","9469","10502","11312","12410","12995","13393","13977","14483","15152","15834","16384","16511","16769","16748","17331","18091","18949","19448","20187","20585","21029","21600","24197","26432","28519","30875","33524","35409","37601","39064","40894","41244","41159","41555","41767","41974","44045","45503","46898","48508",
"Medium","Jeju-do","Total","85-89 year old","Population projection","","2792","2730","2755","2772","2787","2915","3163","3481","3938","4214","4307","4250","4139","3866","4209","4827","5343","6101","6930","7773","8361","9044","9411","9756","10259","10729","11261","11889","12380","12578","12801","12809","13334","13993","14702","15144","15749","16146","16608","17167","19351","21211","22941","24867","27014","28687","30569","31801","33336","33618","33613","34034","34250",
"Medium","Jeju-do","Total","90-94 Years old","Population projection","","831","927","1016","1085","1182","1201","1251","1377","1503","1520","1564","1699","1903","2435","2434","2306","2261","2175","1954","2286","2743","3059","3461","3942","4437","4824","5235","5554","5822","6185","6495","6844","7263","7590","7732","7875","7878","8279","8757","9241","9552","9943","10264","10653","11094","12627","13890","15043","16314","17712","18933","20260","21088",
"Medium","Jeju-do","Total","95-99 Years old","Population projection","","162","200","203","217","244","275","298","328","346","370","407","459","506","531","538","545","625","748","1089","999","923","901","787","730","876","1085","1240","1452","1679","1891","2050","2217","2355","2475","2652","2795","2955","3150","3300","3370","3435","3436","3653","3903","4140","4285","4456","4637","4862","5100","5878","6480","7021",
"Medium","Jeju-do","Total","100 Years old & over","Population projection","","17","23","28","33","36","41","38","41","50","59","68","69","74","76","77","100","97","114","108","116","140","155","193","284","243","221","212","217","240","270","322","356","411","473","532","582","630","676","719","779","823","874","937","986","1012","1032","1031","1116","1203","1275","1321","1364","1442",
"Medium","Jeju-do","Male","Total","Population projection","","260842","263176","266196","268130","269930","271342","272449","272051","272452","273345","274676","277692","281398","286074","293154","301539","311239","320329","331090","336089","337448","338493","339611","341207","340302","340571","340747","340904","341036","341098","341062","340943","340730","340437","340074","339643","339148","338588","337941","337207","336373","335441","334432","333328","332153","330865","329433","327858","326149","324275","322232","320021","317663",
"Medium","Jeju-do","Male","0-4 Years old","Population projection","","22130","21591","20943","20087","19222","17959","16733","16057","15716","15215","15012","15032","15099","14996","15343","15509","15730","15429","15218","14765","13831","12676","11717","10758","9872","9280","8836","8653","8573","8712","8912","9162","9369","9531","9651","9734","9789","9825","9823","9772","9682","9558","9409","9255","9121","9001","8887","8771","8642","8491","8313","8105","7867",
"Medium","Jeju-do","Male","5-9 Years old","Population projection","","22671","23105","23287","23151","22771","22493","21962","20903","19955","19027","17850","16710","16220","16207","16225","16501","17099","17487","17801","17954","18002","18090","17576","16721","15753","14756","13574","12431","11524","10648","10011","9524","9303","9203","9344","9567","9857","10105","10303","10456","10566","10640","10690","10702","10656","10562","10425","10251","10070","9919","9784","9658","9531",
"Medium","Jeju-do","Male","10-14 Years old","Population projection","","18025","18622","19497","20520","21590","22423","22947","23049","22734","22290","22033","21495","20760","19995","19472","18519","17821","17572","17845","17668","17858","18422","18766","18583","18449","18347","18003","17409","16730","15935","14874","13656","12511","11610","10739","10106","9609","9389","9298","9451","9688","9991","10249","10453","10614","10730","10812","10868","10880","10826","10722","10574","10393",
"Medium","Jeju-do","Male","15-19 Years old","Population projection","","21607","20257","18970","17854","17189","17220","17428","18000","18937","19886","20709","21609","21842","21636","21062","20948","20635","19952","19339","18702","17791","16874","16504","17159","17421","17522","17875","18053","17915","17846","17739","17401","16819","16153","15362","14322","13142","12058","11211","10390","9796","9331","9130","9055","9217","9451","9753","10005","10207","10366","10484","10567","10627",
"Medium","Jeju-do","Male","20-24 Years old","Population projection","","21374","21673","21972","22028","21684","20666","19273","17699","16591","15840","15699","16173","17130","18360","19581","20561","21216","21924","22471","22111","21974","20886","19721","18596","17624","16824","16257","16221","16714","16665","16697","17011","17157","17004","16921","16812","16506","15978","15345","14592","13628","12564","11628","10914","10210","9716","9317","9165","9118","9291","9511","9794","10022",
"Medium","Jeju-do","Male","25-29 Years old","Population projection","","24147","23083","22077","20859","19942","19611","19766","19634","19494","19287","18214","17343","16430","16058","16277","16913","17668","19097","21470","22912","23234","23571","23525","23098","22032","21281","20324","19345","18157","17560","16725","16037","15841","16115","15915","15923","16201","16303","16132","16067","15996","15733","15241","14663","13995","13143","12205","11398","10792","10183","9769","9421","9285",
"Medium","Jeju-do","Male","30-34 Years old","Population projection","","24896","24893","25213","25316","24899","24285","23413","22004","20694","19782","19608","19773","20360","20808","21288","21365","20925","20334","20493","20271","20105","20186","20843","22255","23160","23703","24128","23906","23175","22307","21713","20876","19960","18818","18189","17233","16419","16117","16305","16058","16052","16313","16409","16248","16180","16115","15850","15344","14748","14065","13214","12269","11470",
"Medium","Jeju-do","Male","35-39 years old","Population projection","","23469","23679","24089","24366","25064","25481","25785","25829","25913","25446","24828","23922","23165","22421","22124","22862","24216","25415","26801","26990","25763","24429","22936","21967","21195","21257","21390","22070","23190","24093","24611","25038","24817","24121","23325","22772","21964","21047","19886","19198","18133","17204","16816","16942","16659","16645","16909","17011","16852","16774","16710","16436","15897",
"Medium","Jeju-do","Male","40-44 years old","Population projection","","20631","21625","22457","23266","23521","23772","23895","24247","24079","24680","25161","25826","26441","27157","27469","27862","27675","27530","27268","26723","26640","27409","28154","28649","28060","26886","25594","24060","22891","22390","22499","22668","23382","24515","25392","25894","26328","26102","25417","24657","24115","23313","22368","21150","20384","19212","18181","17722","17807","17504","17486","17753","17864",
"Medium","Jeju-do","Male","45-49 years old","Population projection","","14385","15676","16893","18112","19554","20434","21385","22082","22806","23107","23283","23662","24181","24350","25688","27070","28481","30175","31471","31510","31084","29853","29098","27988","27232","27337","28104","28762","29213","28835","27667","26370","24859","23723","23258","23396","23581","24325","25465","26321","26820","27260","27029","26360","25630","25092","24292","23321","22067","21248","20005","18908","18409",
"Medium","Jeju-do","Male","50-54 years old","Population projection","","12969","13008","13067","13011","13205","14216","15411","16599","17900","19289","20356","21419","22180","23340","24147","24568","25870","26718","27139","28717","29643","30341","31327","31918","31579","31228","29986","29182","28096","27404","27544","28325","28981","29425","29053","27907","26631","25161","24068","23636","23798","23997","24761","25901","26735","27231","27675","27444","26793","26090","25560","24776","23803",
"Medium","Jeju-do","Male","55-59 Years old","Population projection","","11412","11421","11640","12033","12407","12493","12693","12716","12686","12999","13972","15284","16576","18176","19946","21356","22879","24281","25916","26428","26395","26898","27310","27377","28562","29445","30194","31011","31515","31279","30908","29681","28887","27827","27177","27351","28144","28806","29255","28893","27780","26537","25116","24066","23671","23857","24075","24850","25981","26796","27289","27734","27507",
"Medium","Jeju-do","Male","60-64 Years old","Population projection","","9705","10050","10406","10733","10943","11037","11250","11402","11674","11991","12189","12480","12545","12562","12946","14505","16189","17807","19551","21277","22380","23616","24395","25728","26039","26012","26426","26768","26675","27862","28702","29423","30218","30708","30487","30114","28928","28163","27151","26557","26766","27572","28238","28686","28347","27277","26077","24715","23717","23357","23562","23791","24576",
"Medium","Jeju-do","Male","65-69 years old","Population projection","","6770","7270","7798","8121","8452","8906","9333","9703","10160","10304","10400","10432","10748","11112","11649","11893","12451","12746","12894","13185","14764","16070","17291","18794","20430","21481","22693","23441","24662","24944","24889","25241","25514","25422","26571","27370","28067","28839","29318","29119","28769","27645","26936","25992","25466","25709","26512","27172","27615","27290","26267","25132","23848",
"Medium","Jeju-do","Male","70-74 Years old","Population projection","","3233","3613","4074","4654","5252","5797","6203","6758","7150","7511","7919","8351","8799","9194","9310","9606","9821","10160","10687","11215","11401","11774","12011","12055","12218","13751","15006","16203","17621","19182","20203","21392","22126","23270","23508","23460","23788","24033","23970","25082","25853","26534","27290","27764","27600","27287","26243","25595","24726","24259","24518","25309","25959",
"Medium","Jeju-do","Male","75-79 Years old","Population projection","","1977","2078","2162","2203","2287","2501","2838","3124","3630","4171","4712","5199","5648","6007","6422","6747","7106","7655","8077","8249","8519","8644","8942","9359","9916","10073","10427","10654","10802","11056","12484","13650","14767","16072","17506","18486","19632","20339","21417","21648","21635","21971","22210","22204","23279","24028","24708","25439","25912","25795","25520","24578","24010",
"Medium","Jeju-do","Male","80 Years old & over","Population projection","","1441","1532","1651","1816","1948","2048","2134","2245","2333","2520","2731","2982","3274","3695","4205","4754","5457","6047","6649","7412","8064","8754","9495","10202","10760","11388","11930","12735","13583","14380","14884","15488","16219","16920","17676","19196","20562","21998","23577","25310","27296","29278","30912","32973","34389","35809","37512","38787","40222","42021","43518","45216","46595",
"Medium","Jeju-do","Male","80-84 Years old","Population projection","","919","992","1069","1195","1306","1340","1362","1401","1410","1530","1701","1917","2197","2572","3035","3473","3992","4352","4683","5020","5283","5609","6019","6337","6471","6684","6795","7120","7518","7999","8159","8479","8719","8896","9163","10406","11416","12389","13515","14752","15654","16686","17327","18294","18514","18555","18908","19140","19215","20206","20893","21550","22224",
"Medium","Jeju-do","Male","85-89 year old","Population projection","","415","416","441","467","477","518","584","642","682","744","764","774","751","760","800","917","1087","1311","1593","1947","2264","2540","2746","3003","3253","3475","3726","4032","4289","4404","4566","4660","4925","5243","5605","5736","5980","6196","6377","6626","7591","8365","9116","9971","10902","11650","12475","12981","13754","13927","13999","14333","14541",
"Medium","Jeju-do","Male","90-94 Years old","Population projection","","93","106","122","132","143","169","167","177","211","210","222","242","275","307","310","296","316","301","272","349","429","516","648","782","924","1086","1226","1360","1506","1651","1776","1914","2088","2236","2299","2391","2444","2617","2821","3033","3109","3252","3405","3543","3722","4320","4787","5232","5732","6270","6752","7267","7568",
"Medium","Jeju-do","Male","95-99 Years old","Population projection","","13","17","17","19","18","16","18","24","29","33","40","45","46","50","55","60","55","77","96","90","77","79","71","66","99","132","172","210","257","307","358","402","447","497","551","594","644","709","766","789","823","845","920","1007","1089","1114","1168","1240","1305","1384","1634","1814","1989",
"Medium","Jeju-do","Male","100 Years old & over","Population projection","","1","1","2","3","4","5","3","1","1","3","4","4","5","6","5","8","7","6","5","6","11","10","11","14","13","11","11","13","13","19","25","33","40","48","58","69","78","87","98","110","119","130","144","158","162","170","174","194","216","234","240","252","273",
"Medium","Jeju-do","Female","Total","Population projection","","263340","265377","267541","268469","269475","270491","271253","271083","271442","272257","273241","276153","279420","283960","290181","297713","306880","314590","323453","327714","331251","333586","334912","335350","334359","335291","336102","336839","337476","338019","338469","338827","339084","339247","339339","339351","339296","339200","339047","338812","338507","338127","337673","337135","336490","335730","334806","333729","332470","331019","329363","327518","325454",
"Medium","Jeju-do","Female","0-4 Years old","Population projection","","20001","19577","18827","17939","17175","15934","14838","14465","14267","13889","13809","14050","14163","14229","14459","14813","14908","14656","14250","13815","12914","11923","11028","10153","9436","8882","8490","8349","8317","8385","8582","8821","9022","9180","9295","9377","9426","9458","9457","9409","9321","9203","9057","8911","8785","8673","8563","8451","8324","8178","8003","7802","7575",
"Medium","Jeju-do","Female","5-9 Years old","Population projection","","20544","20846","21005","20831","20517","20278","19869","18804","17895","17069","15834","14760","14590","14739","14910","15202","15975","16380","16814","16866","17158","17096","16592","15785","14845","13821","12784","11785","10901","10197","9594","9158","8978","8923","8997","9225","9503","9739","9928","10073","10178","10247","10294","10302","10254","10162","10033","9870","9703","9556","9433","9315","9191",
"Medium","Jeju-do","Female","10-14 Years old","Population projection","","16375","16838","17647","18574","19471","20279","20564","20656","20367","20065","19912","19553","18855","18097","17441","16546","15714","15756","16196","16271","16461","17189","17567","17552","17421","17611","17241","16625","15913","15093","14016","12936","11918","11041","10332","9718","9275","9088","9035","9122","9364","9650","9896","10094","10248","10359","10437","10488","10496","10448","10345","10205","10035",
"Medium","Jeju-do","Female","15-19 Years old","Population projection","","20488","18933","17489","16390","15647","15525","15694","15995","16659","17498","18432","19096","19031","18764","18519","18712","18584","17860","17355","16599","15849","14881","14812","15602","16039","16145","16645","16836","16803","16775","16942","16548","15955","15260","14455","13406","12371","11399","10578","9918","9344","8934","8765","8716","8814","9062","9343","9583","9777","9931","10043","10121","10171",
"Medium","Jeju-do","Female","20-24 Years old","Population projection","","19007","19581","20000","19957","19399","18269","17109","15875","14840","14126","13574","14015","14859","16128","17102","17419","17849","18162","18370","18046","18423","17683","16256","14632","13468","12840","12454","12899","13381","13503","13450","13863","13976","13926","13873","13988","13610","13132","12548","11879","11032","10203","9430","8816","8324","7885","7586","7473","7449","7553","7767","7995","8188",
"Medium","Jeju-do","Female","25-29 Years old","Population projection","","23334","22022","20610","19170","18191","18091","18392","18566","18544","18188","17232","16244","15218","14543","14647","15384","16104","17045","18569","19376","19748","20204","19957","19259","18354","17683","16819","15541","14463","13800","13127","12536","12661","12838","12799","12713","13087","13144","13074","13017","13118","12773","12368","11831","11222","10456","9684","8978","8436","7985","7581","7309","7185",
"Medium","Jeju-do","Female","30-34 Years old","Population projection","","23005","23494","24210","24537","24319","23596","22164","20491","19190","18281","18184","18644","19267","19695","20023","19782","19542","19094","18808","18519","18673","18699","19041","19766","20053","20386","20658","20455","19927","19372","18845","18141","17029","16033","15342","14555","13804","13757","13821","13729","13634","14001","14053","13986","13918","14006","13667","13256","12674","12033","11235","10409","9664",
"Medium","Jeju-do","Female","35-39 years old","Population projection","","21954","21930","21939","22027","22715","23494","24082","24564","24672","24365","23621","22413","21317","20599","20298","21263","22852","24211","25718","25790","24787","23689","22411","21030","20206","20092","20113","20536","21318","21809","22162","22460","22281","21806","21310","20832","20183","19102","18075","17311","16407","15507","15332","15332","15211","15104","15477","15540","15470","15388","15467","15117","14671",
"Medium","Jeju-do","Female","40-44 years old","Population projection","","19324","20271","21237","21911","22025","22011","21778","21744","21755","22540","23200","24001","24917","25649","25971","25903","25477","25148","25019","24763","25384","26548","27671","28174","27660","26491","25148","23706","22435","21885","21781","21819","22278","23085","23582","23950","24264","24093","23646","23170","22706","22082","20995","19913","19075","18077","17064","16799","16769","16631","16514","16896","16969",
"Medium","Jeju-do","Female","45-49 years old","Population projection","","13870","15165","16209","17260","18524","19128","20286","21056","21839","21797","21701","21750","22049","22242","23515","24663","26013","27706","28992","29325","28944","27959","27099","26300","25679","26454","27433","28417","28948","28581","27383","26023","24581","23318","22777","22678","22725","23210","24023","24514","24888","25209","25044","24618","24163","23715","23115","22031","20924","20055","19005","17933","17629",
"Medium","Jeju-do","Female","50-54 years old","Population projection","","12704","12761","12775","12751","12946","13931","15158","16235","17257","18506","19364","20595","21300","22379","22791","23181","24036","24569","24831","26115","27075","28045","29424","30255","30211","29675","28668","27696","26881","26382","27087","27995","28923","29407","29014","27807","26439","25002","23753","23227","23138","23196","23697","24509","24988","25364","25683","25521","25114","24676","24244","23666","22588",
"Medium","Jeju-do","Female","55-59 Years old","Population projection","","11706","11618","11727","11978","12226","12499","12636","12507","12629","12954","13957","15256","16473","17844","19529","20690","22288","23475","24820","25231","25163","25325","25575","25694","26815","27714","28602","29796","30462","30480","29891","28869","27887","27060","26540","27196","28047","28937","29393","28990","27784","26422","25003","23777","23268","23186","23249","23758","24568","25043","25426","25749","25594",
"Medium","Jeju-do","Female","60-64 Years old","Population projection","","11252","11477","11811","11998","12054","11916","11843","11869","11960","12212","12535","12827","12882","12990","13435","14995","16679","18052","19561","21218","22253","23414","24363","25437","25641","25531","25637","25654","25709","26870","27738","28570","29688","30261","30219","29601","28590","27615","26802","26274","26897","27703","28560","28988","28577","27385","26045","24656","23459","22976","22906","22980","23496",
"Medium","Jeju-do","Female","65-69 years old","Population projection","","10021","10345","10521","10636","10779","11050","11324","11656","11978","11982","11768","11575","11750","11981","12342","12838","13379","13605","13871","14187","15630","16968","18151","19541","21081","22072","23240","24119","25102","25281","25119","25163","25138","25197","26339","27163","27940","28989","29495","29418","28801","27820","26871","26079","25562","26163","26925","27743","28145","27733","26568","25275","23939",
"Medium","Jeju-do","Female","70-74 Years old","Population projection","","7219","7629","8229","8796","9198","9433","9719","9962","10078","10327","10648","11012","11394","11741","11686","11697","11551","11808","12226","12584","12935","13327","13464","13639","13863","15296","16617","17810","19141","20686","21674","22861","23730","24666","24812","24638","24655","24613","24684","25807","26602","27351","28362","28840","28756","28154","27205","26286","25517","25003","25578","26319","27123",
"Medium","Jeju-do","Female","75-79 Years old","Population projection","","5902","5958","5987","5907","6060","6581","7024","7493","8047","8510","8856","9146","9514","9658","9958","10289","10650","10977","11228","11270","11268","11079","11310","11637","12021","12358","12787","12907","13146","13427","14846","16139","17310","18606","20111","21107","22295","23150","24053","24183","24019","24039","23999","24093","25210","25998","26741","27719","28178","28101","27518","26607","25722",
"Medium","Jeju-do","Female","80 Years old & over","Population projection","","6634","6932","7318","7807","8229","8476","8773","9145","9465","9948","10614","11216","11841","12682","13555","14336","15279","16086","16825","17739","18586","19557","20191","20894","21566","22240","22766","23708","24629","25493","26232","26925","27729","28640","29542","31397","33082","34772","36682","38771","41274","43787","45947","48330","50115","51981","53989","55577","57467","59729","61730","63820","65714",
"Medium","Jeju-do","Female","80-84 Years old","Population projection","","3354","3592","3898","4321","4622","4752","4795","4762","4551","4775","5298","5804","6296","6897","7467","7839","8418","8643","8710","8957","9200","9543","9815","10047","10040","10085","9953","10211","10573","10950","11289","11708","11866","12133","12437","13791","15016","16130","17360","18772","19755","20915","21737","22600","22730","22604","22647","22627","22759","23839","24610","25348","26284",
"Medium","Jeju-do","Female","85-89 year old","Population projection","","2377","2314","2314","2305","2310","2397","2579","2839","3256","3470","3543","3476","3388","3106","3409","3910","4256","4790","5337","5826","6097","6504","6665","6753","7006","7254","7535","7857","8091","8174","8235","8149","8409","8750","9097","9408","9769","9950","10231","10541","11760","12846","13825","14896","16112","17037","18094","18820","19582","19691","19614","19701","19709",
"Medium","Jeju-do","Female","90-94 Years old","Population projection","","738","821","894","953","1039","1032","1084","1200","1292","1310","1342","1457","1628","2128","2124","2010","1945","1874","1682","1937","2314","2543","2813","3160","3513","3738","4009","4194","4316","4534","4719","4930","5175","5354","5433","5484","5434","5662","5936","6208","6443","6691","6859","7110","7372","8307","9103","9811","10582","11442","12181","12993","13520",
"Medium","Jeju-do","Female","95-99 Years old","Population projection","","149","183","186","198","226","259","280","304","317","337","367","414","460","481","483","485","570","671","993","909","846","822","716","664","777","953","1068","1242","1422","1584","1692","1815","1908","1978","2101","2201","2311","2441","2534","2581","2612","2591","2733","2896","3051","3171","3288","3397","3557","3716","4244","4666","5032",
"Medium","Jeju-do","Female","100 Years old & over","Population projection","","16","22","26","30","32","36","35","40","49","56","64","65","69","70","72","92","90","108","103","110","129","145","182","270","230","210","201","204","227","251","297","323","371","425","474","513","552","589","621","669","704","744","793","828","850","862","857","922","987","1041","1081","1112","1169",
